{
  "token_acc":0.9995464853,
  "token_p":0.9990933817,
  "token_r":0.9981884058,
  "token_f":0.9986406887,
  "lemma_acc":0.5868087035,
  "pos_acc":0.9290747897,
  "morph_acc":0.786038078,
  "morph_micro_p":0.8002595717,
  "morph_micro_r":0.7550820475,
  "morph_micro_f":0.7770146809,
  "morph_per_feat":{
    "Case":{
      "p":0.748585287,
      "r":0.757154538,
      "f":0.7528455285
    },
    "Gender":{
      "p":0.8884892086,
      "r":0.8611272516,
      "f":0.8745942756
    },
    "Number":{
      "p":0.8768028846,
      "r":0.8512252042,
      "f":0.8638247484
    },
    "PossGen":{
      "p":0.0,
      "r":0.0,
      "f":0.0
    },
    "PossSuffNum":{
      "p":0.8208955224,
      "r":0.8943089431,
      "f":0.8560311284
    },
    "PossSuffPer":{
      "p":0.8059701493,
      "r":0.8780487805,
      "f":0.8404669261
    },
    "PossSuffGen":{
      "p":0.7714285714,
      "r":0.84375,
      "f":0.8059701493
    },
    "Mood":{
      "p":0.8114285714,
      "r":0.7593582888,
      "f":0.7845303867
    },
    "Person":{
      "p":0.7684478372,
      "r":0.6910755149,
      "f":0.7277108434
    },
    "VerbForm":{
      "p":0.7827476038,
      "r":0.7184750733,
      "f":0.749235474
    },
    "VerbStem":{
      "p":0.7478991597,
      "r":0.6725440806,
      "f":0.7082228117
    },
    "Tense":{
      "p":0.5776173285,
      "r":0.5442176871,
      "f":0.5604203152
    },
    "PrepSuffGen":{
      "p":0.5454545455,
      "r":0.6666666667,
      "f":0.6
    },
    "PrepSuffNum":{
      "p":0.5454545455,
      "r":0.6666666667,
      "f":0.6
    },
    "PresSuffPer":{
      "p":0.5555555556,
      "r":0.5555555556,
      "f":0.5555555556
    },
    "NounBase":{
      "p":0.6642599278,
      "r":0.6032786885,
      "f":0.6323024055
    },
    "Subordinative":{
      "p":0.3939393939,
      "r":0.1940298507,
      "f":0.26
    },
    "Ventive":{
      "p":0.606741573,
      "r":0.4821428571,
      "f":0.5373134328
    },
    "SubSuff":{
      "p":0.7258064516,
      "r":0.7142857143,
      "f":0.72
    },
    "Focus":{
      "p":0.5151515152,
      "r":0.2698412698,
      "f":0.3541666667
    },
    "VerbSuffGen":{
      "p":0.6451612903,
      "r":0.2777777778,
      "f":0.3883495146
    },
    "VerbSuffNum":{
      "p":0.6774193548,
      "r":0.2916666667,
      "f":0.4077669903
    },
    "VerbSuffPer":{
      "p":0.6451612903,
      "r":0.2777777778,
      "f":0.3883495146
    },
    "PredSuffGen":{
      "p":0.0,
      "r":0.0,
      "f":0.0
    },
    "PredSuffNum":{
      "p":0.0,
      "r":0.0,
      "f":0.0
    },
    "PredSuffPer":{
      "p":0.0,
      "r":0.0,
      "f":0.0
    },
    "PrepSuffPer":{
      "p":0.0,
      "r":0.0,
      "f":0.0
    },
    "Voice":{
      "p":0.0,
      "r":0.0,
      "f":0.0
    },
    "PossSufNum":{
      "p":1.0,
      "r":0.5714285714,
      "f":0.7272727273
    },
    "PossSufPer":{
      "p":1.0,
      "r":0.5714285714,
      "f":0.7272727273
    }
  },
  "tag_acc":0.7656533575,
  "sents_p":0.8409090909,
  "sents_r":0.8426824125,
  "sents_f":0.8417948178,
  "dep_uas":0.7601953879,
  "dep_las":0.2737703056,
  "dep_las_per_type":{
    "case":{
      "p":0.7759433962,
      "r":0.8163771712,
      "f":0.7956469166
    },
    "root":{
      "p":0.0516949153,
      "r":0.4822134387,
      "f":0.0933792576
    },
    "appos":{
      "p":0.862244898,
      "r":0.8407960199,
      "f":0.8513853904
    },
    "nsubj":{
      "p":0.4416666667,
      "r":0.4774774775,
      "f":0.4588744589
    },
    "advmod":{
      "p":0.652173913,
      "r":0.6465517241,
      "f":0.6493506494
    },
    "obl":{
      "p":0.4419889503,
      "r":0.4651162791,
      "f":0.4532577904
    },
    "_":{
      "p":0.0,
      "r":0.0,
      "f":0.0
    },
    "conj":{
      "p":0.2723004695,
      "r":0.3945578231,
      "f":0.3222222222
    },
    "dep":{
      "p":0.0,
      "r":0.0,
      "f":0.0
    },
    "cc":{
      "p":0.5789473684,
      "r":0.7333333333,
      "f":0.6470588235
    },
    "dislocated":{
      "p":0.4,
      "r":0.1052631579,
      "f":0.1666666667
    },
    "nmod":{
      "p":0.5352941176,
      "r":0.5321637427,
      "f":0.5337243402
    },
    "obj":{
      "p":0.3100775194,
      "r":0.32,
      "f":0.3149606299
    },
    "acl":{
      "p":0.3214285714,
      "r":0.2195121951,
      "f":0.2608695652
    },
    "amod":{
      "p":0.3333333333,
      "r":0.3333333333,
      "f":0.3333333333
    },
    "fixed":{
      "p":0.8,
      "r":0.4,
      "f":0.5333333333
    },
    "nmod:poss":{
      "p":0.4666666667,
      "r":0.4929577465,
      "f":0.4794520548
    },
    "discourse":{
      "p":0.3333333333,
      "r":0.3333333333,
      "f":0.3333333333
    },
    "ccomp":{
      "p":0.1111111111,
      "r":0.1052631579,
      "f":0.1081081081
    },
    "nummod":{
      "p":0.8260869565,
      "r":0.7916666667,
      "f":0.8085106383
    },
    "iobj":{
      "p":0.4285714286,
      "r":0.28125,
      "f":0.3396226415
    },
    "det":{
      "p":0.5833333333,
      "r":0.4117647059,
      "f":0.4827586207
    },
    "advcl":{
      "p":0.0,
      "r":0.0,
      "f":0.0
    },
    "advmod:emph":{
      "p":0.0,
      "r":0.0,
      "f":0.0
    },
    "cop":{
      "p":0.0,
      "r":0.0,
      "f":0.0
    },
    "mark":{
      "p":0.2,
      "r":0.1764705882,
      "f":0.1875
    },
    "xcomp":{
      "p":0.0,
      "r":0.0,
      "f":0.0
    },
    "vocative":{
      "p":0.0,
      "r":0.0,
      "f":0.0
    },
    "parataxis":{
      "p":0.0,
      "r":0.0,
      "f":0.0
    },
    "acl:relcl":{
      "p":0.0,
      "r":0.0,
      "f":0.0
    }
  },
  "speed":35921.257478355
}