{
  "token_acc":0.9995464853,
  "token_p":0.9990933817,
  "token_r":0.9981884058,
  "token_f":0.9986406887,
  "lemma_acc":0.582275612,
  "pos_acc":0.9288474653,
  "morph_acc":0.7765185857,
  "morph_micro_p":0.7897068404,
  "morph_micro_r":0.742223855,
  "morph_micro_f":0.7652294678,
  "morph_per_feat":{
    "Case":{
      "p":0.7355102041,
      "r":0.7367130008,
      "f":0.7361111111
    },
    "Gender":{
      "p":0.8896839595,
      "r":0.8669378268,
      "f":0.8781636257
    },
    "Number":{
      "p":0.8610944077,
      "r":0.8354725788,
      "f":0.8480900207
    },
    "PossGen":{
      "p":0.0,
      "r":0.0,
      "f":0.0
    },
    "PossSuffNum":{
      "p":0.7894736842,
      "r":0.8536585366,
      "f":0.8203125
    },
    "PossSuffPer":{
      "p":0.7932330827,
      "r":0.8577235772,
      "f":0.82421875
    },
    "PossSuffGen":{
      "p":0.7357723577,
      "r":0.8080357143,
      "f":0.770212766
    },
    "Mood":{
      "p":0.8060941828,
      "r":0.7780748663,
      "f":0.7918367347
    },
    "Person":{
      "p":0.7827160494,
      "r":0.7254004577,
      "f":0.7529691211
    },
    "VerbForm":{
      "p":0.775,
      "r":0.7272727273,
      "f":0.7503782148
    },
    "VerbStem":{
      "p":0.7671232877,
      "r":0.7052896725,
      "f":0.7349081365
    },
    "Tense":{
      "p":0.5594405594,
      "r":0.5442176871,
      "f":0.5517241379
    },
    "VerbSuffGen":{
      "p":0.4081632653,
      "r":0.2777777778,
      "f":0.3305785124
    },
    "VerbSuffNum":{
      "p":0.4285714286,
      "r":0.2916666667,
      "f":0.347107438
    },
    "VerbSuffPer":{
      "p":0.4285714286,
      "r":0.2916666667,
      "f":0.347107438
    },
    "NounBase":{
      "p":0.6624472574,
      "r":0.5147540984,
      "f":0.5793357934
    },
    "Subordinative":{
      "p":0.4242424242,
      "r":0.2089552239,
      "f":0.28
    },
    "Ventive":{
      "p":0.5,
      "r":0.3482142857,
      "f":0.4105263158
    },
    "SubSuff":{
      "p":0.7142857143,
      "r":0.4761904762,
      "f":0.5714285714
    },
    "PrepSuffGen":{
      "p":1.0,
      "r":0.4444444444,
      "f":0.6153846154
    },
    "PrepSuffNum":{
      "p":1.0,
      "r":0.4444444444,
      "f":0.6153846154
    },
    "PresSuffPer":{
      "p":1.0,
      "r":0.3333333333,
      "f":0.5
    },
    "Focus":{
      "p":0.53125,
      "r":0.1349206349,
      "f":0.2151898734
    },
    "PredSuffGen":{
      "p":0.0,
      "r":0.0,
      "f":0.0
    },
    "PredSuffNum":{
      "p":0.0,
      "r":0.0,
      "f":0.0
    },
    "PredSuffPer":{
      "p":0.0,
      "r":0.0,
      "f":0.0
    },
    "Voice":{
      "p":0.0,
      "r":0.0,
      "f":0.0
    },
    "PossSufNum":{
      "p":1.0,
      "r":0.5714285714,
      "f":0.7272727273
    },
    "PossSufPer":{
      "p":1.0,
      "r":0.5714285714,
      "f":0.7272727273
    },
    "PrepSuffPer":{
      "p":0.0,
      "r":0.0,
      "f":0.0
    }
  },
  "tag_acc":0.7561252269,
  "sents_p":0.8355179704,
  "sents_r":0.8334036272,
  "sents_f":0.8344594595,
  "dep_uas":0.7556514824,
  "dep_las":0.2728615245,
  "dep_las_per_type":{
    "case":{
      "p":0.7511520737,
      "r":0.8089330025,
      "f":0.7789725209
    },
    "root":{
      "p":0.0535714286,
      "r":0.4980237154,
      "f":0.0967370441
    },
    "appos":{
      "p":0.8520408163,
      "r":0.8308457711,
      "f":0.8413098237
    },
    "nsubj":{
      "p":0.4929577465,
      "r":0.472972973,
      "f":0.4827586207
    },
    "advmod":{
      "p":0.6347826087,
      "r":0.6293103448,
      "f":0.632034632
    },
    "obl":{
      "p":0.4057971014,
      "r":0.488372093,
      "f":0.4432717678
    },
    "_":{
      "p":0.0,
      "r":0.0,
      "f":0.0
    },
    "conj":{
      "p":0.2588832487,
      "r":0.3469387755,
      "f":0.2965116279
    },
    "cc":{
      "p":0.6774193548,
      "r":0.7,
      "f":0.6885245902
    },
    "dislocated":{
      "p":0.0,
      "r":0.0,
      "f":0.0
    },
    "nmod":{
      "p":0.5,
      "r":0.514619883,
      "f":0.507204611
    },
    "obj":{
      "p":0.2876712329,
      "r":0.336,
      "f":0.3099630996
    },
    "acl":{
      "p":0.5238095238,
      "r":0.2682926829,
      "f":0.3548387097
    },
    "amod":{
      "p":0.3947368421,
      "r":0.3571428571,
      "f":0.375
    },
    "fixed":{
      "p":0.6,
      "r":0.3,
      "f":0.4
    },
    "nmod:poss":{
      "p":0.4084507042,
      "r":0.4084507042,
      "f":0.4084507042
    },
    "discourse":{
      "p":0.3333333333,
      "r":0.4074074074,
      "f":0.3666666667
    },
    "ccomp":{
      "p":0.4285714286,
      "r":0.3157894737,
      "f":0.3636363636
    },
    "nummod":{
      "p":0.8333333333,
      "r":0.8333333333,
      "f":0.8333333333
    },
    "iobj":{
      "p":0.3461538462,
      "r":0.28125,
      "f":0.3103448276
    },
    "det":{
      "p":0.75,
      "r":0.5294117647,
      "f":0.6206896552
    },
    "advcl":{
      "p":0.0,
      "r":0.0,
      "f":0.0
    },
    "advmod:emph":{
      "p":0.2,
      "r":0.5,
      "f":0.2857142857
    },
    "cop":{
      "p":0.0,
      "r":0.0,
      "f":0.0
    },
    "mark":{
      "p":0.2,
      "r":0.1764705882,
      "f":0.1875
    },
    "dep":{
      "p":0.0,
      "r":0.0,
      "f":0.0
    },
    "xcomp":{
      "p":0.0,
      "r":0.0,
      "f":0.0
    },
    "vocative":{
      "p":0.0,
      "r":0.0,
      "f":0.0
    },
    "parataxis":{
      "p":0.0,
      "r":0.0,
      "f":0.0
    },
    "acl:relcl":{
      "p":1.0,
      "r":1.0,
      "f":1.0
    }
  },
  "speed":34300.8745532152
}