{
  "token_acc":0.9962344583,
  "token_p":0.9910815402,
  "token_r":0.9808069487,
  "token_f":0.9859174764,
  "lemma_acc":0.9761820623,
  "sents_p":0.8682846371,
  "sents_r":0.880946689,
  "sents_f":0.8745698351,
  "dep_uas":0.8728604635,
  "dep_las":0.3340142284,
  "dep_las_per_type":{
    "mark":{
      "p":0.7714285714,
      "r":0.6923076923,
      "f":0.7297297297
    },
    "nsubj":{
      "p":0.7084548105,
      "r":0.7275449102,
      "f":0.717872969
    },
    "case":{
      "p":0.9502762431,
      "r":0.9433272395,
      "f":0.9467889908
    },
    "iobj":{
      "p":0.5846153846,
      "r":0.6129032258,
      "f":0.5984251969
    },
    "advcl":{
      "p":0.2580645161,
      "r":0.3333333333,
      "f":0.2909090909
    },
    "obj":{
      "p":0.6632124352,
      "r":0.6243902439,
      "f":0.6432160804
    },
    "root":{
      "p":0.0520956666,
      "r":0.802919708,
      "f":0.0978430064
    },
    "_":{
      "p":0.0,
      "r":0.0,
      "f":0.0
    },
    "discourse":{
      "p":0.6835443038,
      "r":0.6506024096,
      "f":0.6666666667
    },
    "ccomp":{
      "p":0.5238095238,
      "r":0.431372549,
      "f":0.4731182796
    },
    "xcomp":{
      "p":0.0,
      "r":0.0,
      "f":0.0
    },
    "vocative":{
      "p":0.8,
      "r":0.5,
      "f":0.6153846154
    },
    "obl":{
      "p":0.7123893805,
      "r":0.6764705882,
      "f":0.6939655172
    },
    "conj":{
      "p":0.672985782,
      "r":0.5819672131,
      "f":0.6241758242
    },
    "nmod:poss":{
      "p":0.9130434783,
      "r":0.8181818182,
      "f":0.8630136986
    },
    "cop":{
      "p":0.0,
      "r":0.0,
      "f":0.0
    },
    "amod":{
      "p":0.875,
      "r":0.7636363636,
      "f":0.8155339806
    },
    "orphan":{
      "p":0.0,
      "r":0.0,
      "f":0.0
    },
    "appos":{
      "p":0.9743589744,
      "r":0.9382716049,
      "f":0.9559748428
    },
    "cc":{
      "p":0.8181818182,
      "r":0.8709677419,
      "f":0.84375
    },
    "nmod":{
      "p":0.7747035573,
      "r":0.7716535433,
      "f":0.7731755424
    },
    "nummod":{
      "p":0.8888888889,
      "r":0.8888888889,
      "f":0.8888888889
    },
    "advmod":{
      "p":0.8876404494,
      "r":0.8586956522,
      "f":0.8729281768
    },
    "fixed":{
      "p":0.7142857143,
      "r":0.5555555556,
      "f":0.625
    },
    "advmod:emph":{
      "p":0.6666666667,
      "r":0.5,
      "f":0.5714285714
    },
    "acl":{
      "p":0.6285714286,
      "r":0.4583333333,
      "f":0.5301204819
    },
    "dep":{
      "p":0.0256410256,
      "r":0.2,
      "f":0.0454545455
    },
    "det":{
      "p":0.6111111111,
      "r":0.55,
      "f":0.5789473684
    },
    "dislocated":{
      "p":0.2,
      "r":0.0555555556,
      "f":0.0869565217
    },
    "parataxis":{
      "p":0.4285714286,
      "r":0.6,
      "f":0.5
    },
    "acl:relcl":{
      "p":1.0,
      "r":1.0,
      "f":1.0
    }
  },
  "tag_acc":0.8400650775,
  "pos_acc":0.9676687465,
  "morph_acc":0.8923925339,
  "morph_micro_p":0.9201106547,
  "morph_micro_r":0.9020381328,
  "morph_micro_f":0.9109847699,
  "morph_per_feat":{
    "Case":{
      "p":0.8626658973,
      "r":0.8518518519,
      "f":0.8572247706
    },
    "Gender":{
      "p":0.9611689351,
      "r":0.9375244045,
      "f":0.9491994465
    },
    "Number":{
      "p":0.9483662767,
      "r":0.9274161736,
      "f":0.9377742321
    },
    "Mood":{
      "p":0.9395424837,
      "r":0.9274193548,
      "f":0.9334415584
    },
    "Person":{
      "p":0.9144542773,
      "r":0.8946608947,
      "f":0.9044493071
    },
    "Tense":{
      "p":0.8473451327,
      "r":0.8326086957,
      "f":0.8399122807
    },
    "Ventive":{
      "p":0.8375,
      "r":0.8271604938,
      "f":0.8322981366
    },
    "VerbForm":{
      "p":0.9407407407,
      "r":0.9236363636,
      "f":0.9321100917
    },
    "VerbStem":{
      "p":0.9208074534,
      "r":0.8957703927,
      "f":0.9081163859
    },
    "Focus":{
      "p":0.8780487805,
      "r":0.8622754491,
      "f":0.8700906344
    },
    "NounBase":{
      "p":0.8797953964,
      "r":0.7981438515,
      "f":0.8369829684
    },
    "VerbSuffGen":{
      "p":0.8513513514,
      "r":0.7682926829,
      "f":0.8076923077
    },
    "VerbSuffNum":{
      "p":0.8378378378,
      "r":0.7469879518,
      "f":0.7898089172
    },
    "VerbSuffPer":{
      "p":0.8378378378,
      "r":0.7469879518,
      "f":0.7898089172
    },
    "SubSuff":{
      "p":0.875,
      "r":0.8555555556,
      "f":0.8651685393
    },
    "PossSuffGen":{
      "p":0.938028169,
      "r":0.9736842105,
      "f":0.9555236729
    },
    "PossSuffNum":{
      "p":0.9517426273,
      "r":0.9779614325,
      "f":0.964673913
    },
    "PossSuffPer":{
      "p":0.9517426273,
      "r":0.9779614325,
      "f":0.964673913
    },
    "Dialect":{
      "p":0.4,
      "r":0.5263157895,
      "f":0.4545454545
    },
    "Subordinative":{
      "p":0.701754386,
      "r":0.6060606061,
      "f":0.6504065041
    },
    "PrepSuffGen":{
      "p":0.9523809524,
      "r":1.0,
      "f":0.9756097561
    },
    "PrepSuffNum":{
      "p":0.9047619048,
      "r":0.95,
      "f":0.9268292683
    },
    "PresSuffPer":{
      "p":0.8571428571,
      "r":1.0,
      "f":0.9230769231
    },
    "PrepSuffPer":{
      "p":1.0,
      "r":0.875,
      "f":0.9333333333
    },
    "Voice":{
      "p":0.6363636364,
      "r":0.7777777778,
      "f":0.7
    },
    "SubSuffix":{
      "p":1.0,
      "r":0.5,
      "f":0.6666666667
    },
    "PronType":{
      "p":0.0,
      "r":0.0,
      "f":0.0
    },
    "Question":{
      "p":0.0,
      "r":0.0,
      "f":0.0
    },
    "PossSufNum":{
      "p":1.0,
      "r":1.0,
      "f":1.0
    },
    "PossSufPer":{
      "p":1.0,
      "r":1.0,
      "f":1.0
    },
    "NounStem":{
      "p":1.0,
      "r":1.0,
      "f":1.0
    },
    "PredSuffNum":{
      "p":0.3333333333,
      "r":1.0,
      "f":0.5
    },
    "PredSuffPer":{
      "p":0.3333333333,
      "r":1.0,
      "f":0.5
    }
  },
  "speed":3660.4918818463
}