{
  "token_acc":0.9961625924,
  "token_p":0.9909386946,
  "token_r":0.9805267582,
  "token_f":0.985705232,
  "lemma_acc":0.9710892769,
  "sents_p":0.8741578441,
  "sents_r":0.8685154196,
  "sents_f":0.8713274973,
  "dep_uas":0.8668639053,
  "dep_las":0.3251620175,
  "dep_las_per_type":{
    "mark":{
      "p":0.8571428571,
      "r":0.6153846154,
      "f":0.7164179104
    },
    "nsubj":{
      "p":0.6422018349,
      "r":0.628742515,
      "f":0.6354009077
    },
    "case":{
      "p":0.9302325581,
      "r":0.9506398537,
      "f":0.9403254973
    },
    "iobj":{
      "p":0.5925925926,
      "r":0.5161290323,
      "f":0.5517241379
    },
    "advcl":{
      "p":0.0769230769,
      "r":0.0833333333,
      "f":0.08
    },
    "obj":{
      "p":0.5,
      "r":0.6634146341,
      "f":0.570230608
    },
    "root":{
      "p":0.0520203242,
      "r":0.7846715328,
      "f":0.0975720445
    },
    "_":{
      "p":0.0,
      "r":0.0,
      "f":0.0
    },
    "discourse":{
      "p":0.6352941176,
      "r":0.6506024096,
      "f":0.6428571429
    },
    "ccomp":{
      "p":0.5428571429,
      "r":0.3725490196,
      "f":0.4418604651
    },
    "xcomp":{
      "p":0.0,
      "r":0.0,
      "f":0.0
    },
    "vocative":{
      "p":0.5,
      "r":0.125,
      "f":0.2
    },
    "obl":{
      "p":0.6681818182,
      "r":0.6176470588,
      "f":0.6419213974
    },
    "conj":{
      "p":0.5551470588,
      "r":0.618852459,
      "f":0.5852713178
    },
    "nmod":{
      "p":0.7598425197,
      "r":0.7598425197,
      "f":0.7598425197
    },
    "cop":{
      "p":0.5,
      "r":0.1111111111,
      "f":0.1818181818
    },
    "appos":{
      "p":0.9462809917,
      "r":0.9423868313,
      "f":0.9443298969
    },
    "det":{
      "p":0.6086956522,
      "r":0.7,
      "f":0.6511627907
    },
    "orphan":{
      "p":0.0,
      "r":0.0,
      "f":0.0
    },
    "nmod:poss":{
      "p":0.8666666667,
      "r":0.6753246753,
      "f":0.7591240876
    },
    "cc":{
      "p":0.8387096774,
      "r":0.8387096774,
      "f":0.8387096774
    },
    "nummod":{
      "p":0.9122807018,
      "r":0.962962963,
      "f":0.9369369369
    },
    "advmod":{
      "p":0.8641304348,
      "r":0.8641304348,
      "f":0.8641304348
    },
    "fixed":{
      "p":0.6666666667,
      "r":0.2222222222,
      "f":0.3333333333
    },
    "advmod:emph":{
      "p":0.75,
      "r":0.75,
      "f":0.75
    },
    "amod":{
      "p":0.8780487805,
      "r":0.6545454545,
      "f":0.75
    },
    "acl":{
      "p":0.6097560976,
      "r":0.5208333333,
      "f":0.5617977528
    },
    "dep":{
      "p":0.0,
      "r":0.0,
      "f":0.0
    },
    "dislocated":{
      "p":0.25,
      "r":0.1666666667,
      "f":0.2
    },
    "parataxis":{
      "p":0.5,
      "r":0.2,
      "f":0.2857142857
    },
    "acl:relcl":{
      "p":0.5,
      "r":1.0,
      "f":0.6666666667
    }
  },
  "tag_acc":0.8377785638,
  "pos_acc":0.9679478088,
  "morph_acc":0.8809220761,
  "morph_micro_p":0.9089533417,
  "morph_micro_r":0.8885601578,
  "morph_micro_f":0.8986410672,
  "morph_per_feat":{
    "Case":{
      "p":0.8397252433,
      "r":0.8358974359,
      "f":0.8378069674
    },
    "Gender":{
      "p":0.9542168675,
      "r":0.9277625927,
      "f":0.9408038012
    },
    "Number":{
      "p":0.9446688207,
      "r":0.9226824458,
      "f":0.9335461984
    },
    "Mood":{
      "p":0.9395424837,
      "r":0.9274193548,
      "f":0.9334415584
    },
    "Person":{
      "p":0.9056047198,
      "r":0.886002886,
      "f":0.8956965718
    },
    "Tense":{
      "p":0.8099352052,
      "r":0.8152173913,
      "f":0.812567714
    },
    "Ventive":{
      "p":0.7901234568,
      "r":0.7901234568,
      "f":0.7901234568
    },
    "VerbForm":{
      "p":0.9332096475,
      "r":0.9145454545,
      "f":0.9237832874
    },
    "VerbStem":{
      "p":0.903875969,
      "r":0.8806646526,
      "f":0.8921193573
    },
    "Focus":{
      "p":0.9333333333,
      "r":0.6706586826,
      "f":0.7804878049
    },
    "NounBase":{
      "p":0.8675675676,
      "r":0.7447795824,
      "f":0.8014981273
    },
    "VerbSuffGen":{
      "p":0.8395061728,
      "r":0.8292682927,
      "f":0.8343558282
    },
    "VerbSuffNum":{
      "p":0.8518518519,
      "r":0.8313253012,
      "f":0.8414634146
    },
    "VerbSuffPer":{
      "p":0.8271604938,
      "r":0.8072289157,
      "f":0.8170731707
    },
    "SubSuff":{
      "p":0.847826087,
      "r":0.8666666667,
      "f":0.8571428571
    },
    "PossSuffGen":{
      "p":0.9342857143,
      "r":0.9561403509,
      "f":0.9450867052
    },
    "PossSuffNum":{
      "p":0.9513513514,
      "r":0.9696969697,
      "f":0.9604365621
    },
    "PossSuffPer":{
      "p":0.9351351351,
      "r":0.9531680441,
      "f":0.9440654843
    },
    "Dialect":{
      "p":0.36,
      "r":0.4736842105,
      "f":0.4090909091
    },
    "Subordinative":{
      "p":0.6481481481,
      "r":0.5303030303,
      "f":0.5833333333
    },
    "PrepSuffGen":{
      "p":0.8636363636,
      "r":0.95,
      "f":0.9047619048
    },
    "PrepSuffNum":{
      "p":0.8636363636,
      "r":0.95,
      "f":0.9047619048
    },
    "PresSuffPer":{
      "p":0.7333333333,
      "r":0.9166666667,
      "f":0.8148148148
    },
    "PrepSuffPer":{
      "p":1.0,
      "r":0.875,
      "f":0.9333333333
    },
    "SubSuffix":{
      "p":1.0,
      "r":0.5,
      "f":0.6666666667
    },
    "PronType":{
      "p":0.0,
      "r":0.0,
      "f":0.0
    },
    "Voice":{
      "p":0.5454545455,
      "r":0.6666666667,
      "f":0.6
    },
    "Question":{
      "p":0.0,
      "r":0.0,
      "f":0.0
    },
    "PossSufNum":{
      "p":1.0,
      "r":1.0,
      "f":1.0
    },
    "PossSufPer":{
      "p":1.0,
      "r":1.0,
      "f":1.0
    },
    "NounStem":{
      "p":1.0,
      "r":1.0,
      "f":1.0
    },
    "PredSuffNum":{
      "p":0.3333333333,
      "r":1.0,
      "f":0.5
    },
    "PredSuffPer":{
      "p":0.3333333333,
      "r":1.0,
      "f":0.5
    }
  },
  "speed":2115.1548010986
}