{
  "token_acc":0.9963062935,
  "token_p":0.9912243454,
  "token_r":0.9810871393,
  "token_f":0.9861296909,
  "lemma_acc":0.9763267614,
  "sents_p":0.8716909134,
  "sents_r":0.8737748028,
  "sents_f":0.8727316141,
  "dep_uas":0.867727849,
  "dep_las":0.3313142696,
  "dep_las_per_type":{
    "mark":{
      "p":0.8888888889,
      "r":0.6153846154,
      "f":0.7272727273
    },
    "nsubj":{
      "p":0.6494565217,
      "r":0.7155688623,
      "f":0.6809116809
    },
    "case":{
      "p":0.9285714286,
      "r":0.9506398537,
      "f":0.9394760614
    },
    "iobj":{
      "p":0.5555555556,
      "r":0.564516129,
      "f":0.56
    },
    "advcl":{
      "p":0.2666666667,
      "r":0.1666666667,
      "f":0.2051282051
    },
    "obj":{
      "p":0.6349206349,
      "r":0.5853658537,
      "f":0.6091370558
    },
    "root":{
      "p":0.053464397,
      "r":0.8138686131,
      "f":0.1003374578
    },
    "_":{
      "p":0.0,
      "r":0.0,
      "f":0.0
    },
    "discourse":{
      "p":0.6551724138,
      "r":0.686746988,
      "f":0.6705882353
    },
    "ccomp":{
      "p":0.5555555556,
      "r":0.4901960784,
      "f":0.5208333333
    },
    "xcomp":{
      "p":0.0,
      "r":0.0,
      "f":0.0
    },
    "vocative":{
      "p":0.8,
      "r":0.5,
      "f":0.6153846154
    },
    "appos":{
      "p":0.974137931,
      "r":0.9300411523,
      "f":0.9515789474
    },
    "obl":{
      "p":0.7045454545,
      "r":0.6512605042,
      "f":0.6768558952
    },
    "conj":{
      "p":0.6040816327,
      "r":0.606557377,
      "f":0.6053169734
    },
    "nmod:poss":{
      "p":0.9322033898,
      "r":0.7142857143,
      "f":0.8088235294
    },
    "cop":{
      "p":0.3333333333,
      "r":0.1111111111,
      "f":0.1666666667
    },
    "orphan":{
      "p":0.0,
      "r":0.0,
      "f":0.0
    },
    "cc":{
      "p":0.7419354839,
      "r":0.7419354839,
      "f":0.7419354839
    },
    "nmod":{
      "p":0.7538461538,
      "r":0.7716535433,
      "f":0.7626459144
    },
    "nummod":{
      "p":0.9591836735,
      "r":0.8703703704,
      "f":0.9126213592
    },
    "dep":{
      "p":0.0,
      "r":0.0,
      "f":0.0
    },
    "advmod":{
      "p":0.7980295567,
      "r":0.8804347826,
      "f":0.8372093023
    },
    "fixed":{
      "p":0.75,
      "r":0.3333333333,
      "f":0.4615384615
    },
    "advmod:emph":{
      "p":1.0,
      "r":0.25,
      "f":0.4
    },
    "amod":{
      "p":0.914893617,
      "r":0.7818181818,
      "f":0.8431372549
    },
    "acl":{
      "p":0.575,
      "r":0.4791666667,
      "f":0.5227272727
    },
    "det":{
      "p":0.6842105263,
      "r":0.65,
      "f":0.6666666667
    },
    "dislocated":{
      "p":0.1666666667,
      "r":0.0555555556,
      "f":0.0833333333
    },
    "parataxis":{
      "p":0.75,
      "r":0.6,
      "f":0.6666666667
    },
    "acl:relcl":{
      "p":0.5,
      "r":1.0,
      "f":0.6666666667
    }
  },
  "tag_acc":0.8385317208,
  "pos_acc":0.9665390614,
  "morph_acc":0.8890145624,
  "morph_micro_p":0.9183310765,
  "morph_micro_r":0.891765286,
  "morph_micro_f":0.9048532355,
  "morph_per_feat":{
    "Case":{
      "p":0.8581354951,
      "r":0.8444444444,
      "f":0.8512349225
    },
    "Gender":{
      "p":0.9577974277,
      "r":0.9304959,
      "f":0.9439492969
    },
    "Number":{
      "p":0.946219167,
      "r":0.9230769231,
      "f":0.9345047923
    },
    "Mood":{
      "p":0.9478991597,
      "r":0.9096774194,
      "f":0.9283950617
    },
    "Person":{
      "p":0.9228441755,
      "r":0.8802308802,
      "f":0.9010339734
    },
    "Tense":{
      "p":0.8171806167,
      "r":0.8065217391,
      "f":0.8118161926
    },
    "Ventive":{
      "p":0.7926829268,
      "r":0.8024691358,
      "f":0.7975460123
    },
    "VerbForm":{
      "p":0.9412878788,
      "r":0.9036363636,
      "f":0.9220779221
    },
    "VerbStem":{
      "p":0.9095238095,
      "r":0.8655589124,
      "f":0.886996904
    },
    "Focus":{
      "p":0.9324324324,
      "r":0.8263473054,
      "f":0.8761904762
    },
    "NounBase":{
      "p":0.8715365239,
      "r":0.8027842227,
      "f":0.8357487923
    },
    "VerbSuffGen":{
      "p":0.7948717949,
      "r":0.756097561,
      "f":0.775
    },
    "VerbSuffNum":{
      "p":0.7948717949,
      "r":0.7469879518,
      "f":0.7701863354
    },
    "VerbSuffPer":{
      "p":0.8076923077,
      "r":0.7590361446,
      "f":0.7826086957
    },
    "Voice":{
      "p":0.7,
      "r":0.7777777778,
      "f":0.7368421053
    },
    "SubSuff":{
      "p":0.875,
      "r":0.8555555556,
      "f":0.8651685393
    },
    "PossSuffGen":{
      "p":0.9431818182,
      "r":0.9707602339,
      "f":0.9567723343
    },
    "PossSuffNum":{
      "p":0.9592391304,
      "r":0.9724517906,
      "f":0.9658002736
    },
    "PossSuffPer":{
      "p":0.9510869565,
      "r":0.9641873278,
      "f":0.9575923393
    },
    "Dialect":{
      "p":0.625,
      "r":0.5263157895,
      "f":0.5714285714
    },
    "Subordinative":{
      "p":0.8085106383,
      "r":0.5757575758,
      "f":0.6725663717
    },
    "PrepSuffGen":{
      "p":1.0,
      "r":0.95,
      "f":0.9743589744
    },
    "PrepSuffNum":{
      "p":1.0,
      "r":0.95,
      "f":0.9743589744
    },
    "PresSuffPer":{
      "p":1.0,
      "r":0.9166666667,
      "f":0.9565217391
    },
    "Question":{
      "p":0.0,
      "r":0.0,
      "f":0.0
    },
    "PrepSuffPer":{
      "p":1.0,
      "r":1.0,
      "f":1.0
    },
    "SubSuffix":{
      "p":1.0,
      "r":0.5,
      "f":0.6666666667
    },
    "PronType":{
      "p":0.0,
      "r":0.0,
      "f":0.0
    },
    "PossSufNum":{
      "p":1.0,
      "r":1.0,
      "f":1.0
    },
    "PossSufPer":{
      "p":1.0,
      "r":1.0,
      "f":1.0
    },
    "NounStem":{
      "p":1.0,
      "r":1.0,
      "f":1.0
    },
    "PredSuffNum":{
      "p":0.3333333333,
      "r":1.0,
      "f":0.5
    },
    "PredSuffPer":{
      "p":0.3333333333,
      "r":1.0,
      "f":0.5
    }
  },
  "speed":3876.9706168797
}