{
  "token_acc":0.9937804218,
  "token_p":0.9876377318,
  "token_r":0.9688900606,
  "token_f":0.9781740751,
  "lemma_acc":0.9683985003,
  "sents_p":0.824283882,
  "sents_r":0.8568888889,
  "sents_f":0.8402702114,
  "dep_uas":0.8347085441,
  "dep_las":0.3084908171,
  "dep_las_per_type":{
    "case":{
      "p":0.9309210526,
      "r":0.9129032258,
      "f":0.9218241042
    },
    "root":{
      "p":0.0655097614,
      "r":0.8162162162,
      "f":0.1212851406
    },
    "appos":{
      "p":0.9635036496,
      "r":0.9496402878,
      "f":0.9565217391
    },
    "nsubj":{
      "p":0.7666666667,
      "r":0.6534090909,
      "f":0.7055214724
    },
    "advmod":{
      "p":0.8055555556,
      "r":0.8969072165,
      "f":0.8487804878
    },
    "conj":{
      "p":0.4625,
      "r":0.3737373737,
      "f":0.4134078212
    },
    "nmod":{
      "p":0.768115942,
      "r":0.7517730496,
      "f":0.7598566308
    },
    "_":{
      "p":0.0,
      "r":0.0,
      "f":0.0
    },
    "amod":{
      "p":0.7058823529,
      "r":0.6666666667,
      "f":0.6857142857
    },
    "nummod":{
      "p":0.9393939394,
      "r":0.8857142857,
      "f":0.9117647059
    },
    "discourse":{
      "p":0.6034482759,
      "r":0.593220339,
      "f":0.5982905983
    },
    "det":{
      "p":0.625,
      "r":0.5,
      "f":0.5555555556
    },
    "obl":{
      "p":0.6160714286,
      "r":0.575,
      "f":0.5948275862
    },
    "dep":{
      "p":0.0,
      "r":0.0,
      "f":0.0
    },
    "ccomp":{
      "p":0.3913043478,
      "r":0.3103448276,
      "f":0.3461538462
    },
    "obj":{
      "p":0.5384615385,
      "r":0.525,
      "f":0.5316455696
    },
    "iobj":{
      "p":0.5882352941,
      "r":0.3225806452,
      "f":0.4166666667
    },
    "cc":{
      "p":0.5,
      "r":0.6,
      "f":0.5454545455
    },
    "dislocated":{
      "p":0.3333333333,
      "r":0.1333333333,
      "f":0.1904761905
    },
    "fixed":{
      "p":0.5,
      "r":0.25,
      "f":0.3333333333
    },
    "acl":{
      "p":0.64,
      "r":0.5161290323,
      "f":0.5714285714
    },
    "advcl":{
      "p":0.0,
      "r":0.0,
      "f":0.0
    },
    "parataxis":{
      "p":0.0,
      "r":0.0,
      "f":0.0
    },
    "mark":{
      "p":0.6,
      "r":0.4,
      "f":0.48
    },
    "nmod:poss":{
      "p":0.6666666667,
      "r":0.4,
      "f":0.5
    },
    "cop":{
      "p":0.5,
      "r":0.3333333333,
      "f":0.4
    },
    "xcomp":{
      "p":0.0,
      "r":0.0,
      "f":0.0
    }
  },
  "tag_acc":0.7184570051,
  "pos_acc":0.9386931971,
  "morph_acc":0.8797536154,
  "morph_micro_p":0.9028457495,
  "morph_micro_r":0.8767822566,
  "morph_micro_f":0.889623147,
  "morph_per_feat":{
    "Case":{
      "p":0.8331346841,
      "r":0.8062283737,
      "f":0.8194607268
    },
    "Gender":{
      "p":0.9500846024,
      "r":0.9152404238,
      "f":0.9323370693
    },
    "Number":{
      "p":0.9448685327,
      "r":0.9131147541,
      "f":0.9287203001
    },
    "PossSuffGen":{
      "p":0.9217877095,
      "r":0.9375,
      "f":0.9295774648
    },
    "PossSuffNum":{
      "p":0.9435897436,
      "r":0.9435897436,
      "f":0.9435897436
    },
    "PossSuffPer":{
      "p":0.9435897436,
      "r":0.9435897436,
      "f":0.9435897436
    },
    "NounBase":{
      "p":0.8514851485,
      "r":0.6666666667,
      "f":0.747826087
    },
    "Mood":{
      "p":0.9388489209,
      "r":0.9288256228,
      "f":0.9338103757
    },
    "Person":{
      "p":0.9041533546,
      "r":0.8761609907,
      "f":0.8899371069
    },
    "VerbForm":{
      "p":0.9246031746,
      "r":0.9137254902,
      "f":0.9191321499
    },
    "VerbStem":{
      "p":0.8971631206,
      "r":0.8724137931,
      "f":0.8846153846
    },
    "VerbSuffGen":{
      "p":0.7647058824,
      "r":0.7647058824,
      "f":0.7647058824
    },
    "VerbSuffNum":{
      "p":0.7647058824,
      "r":0.7428571429,
      "f":0.7536231884
    },
    "VerbSuffPer":{
      "p":0.7941176471,
      "r":0.7714285714,
      "f":0.7826086957
    },
    "Tense":{
      "p":0.7715517241,
      "r":0.7920353982,
      "f":0.7816593886
    },
    "Ventive":{
      "p":0.6951219512,
      "r":0.7037037037,
      "f":0.6993865031
    },
    "Subordinative":{
      "p":0.5806451613,
      "r":0.6923076923,
      "f":0.6315789474
    },
    "SubSuff":{
      "p":0.8444444444,
      "r":0.7307692308,
      "f":0.7835051546
    },
    "Focus":{
      "p":0.7692307692,
      "r":0.8333333333,
      "f":0.8
    },
    "SubSuffix":{
      "p":0.0,
      "r":0.0,
      "f":0.0
    },
    "PronType":{
      "p":0.0,
      "r":0.0,
      "f":0.0
    },
    "Voice":{
      "p":0.0,
      "r":0.0,
      "f":0.0
    },
    "PrepSuffGen":{
      "p":1.0,
      "r":1.0,
      "f":1.0
    },
    "PrepSuffNum":{
      "p":1.0,
      "r":1.0,
      "f":1.0
    },
    "PrepSuffPer":{
      "p":1.0,
      "r":1.0,
      "f":1.0
    },
    "PresSuffPer":{
      "p":1.0,
      "r":1.0,
      "f":1.0
    }
  },
  "speed":7157.969962475
}