{
  "token_acc":0.9959559115,
  "token_p":0.9903648713,
  "token_r":0.9792284866,
  "token_f":0.9847651955,
  "lemma_acc":0.9737443822,
  "sents_p":0.8615635179,
  "sents_r":0.8753447325,
  "sents_f":0.8683994528,
  "dep_uas":0.8647969204,
  "dep_las":0.3495954121,
  "dep_las_per_type":{
    "mark":{
      "p":0.7307692308,
      "r":0.6333333333,
      "f":0.6785714286
    },
    "nsubj":{
      "p":0.7441860465,
      "r":0.7021943574,
      "f":0.7225806452
    },
    "case":{
      "p":0.952,
      "r":0.9407114625,
      "f":0.9463220676
    },
    "iobj":{
      "p":0.6739130435,
      "r":0.5344827586,
      "f":0.5961538462
    },
    "advcl":{
      "p":0.2857142857,
      "r":0.3157894737,
      "f":0.3
    },
    "obj":{
      "p":0.6304347826,
      "r":0.6170212766,
      "f":0.623655914
    },
    "root":{
      "p":0.0598687808,
      "r":0.8081180812,
      "f":0.1114787478
    },
    "_":{
      "p":0.0,
      "r":0.0,
      "f":0.0
    },
    "discourse":{
      "p":0.6708860759,
      "r":0.6625,
      "f":0.6666666667
    },
    "ccomp":{
      "p":0.5945945946,
      "r":0.5,
      "f":0.5432098765
    },
    "xcomp":{
      "p":0.0,
      "r":0.0,
      "f":0.0
    },
    "vocative":{
      "p":0.6,
      "r":0.375,
      "f":0.4615384615
    },
    "conj":{
      "p":0.6186440678,
      "r":0.6186440678,
      "f":0.6186440678
    },
    "obl":{
      "p":0.6621621622,
      "r":0.6621621622,
      "f":0.6621621622
    },
    "cop":{
      "p":0.3333333333,
      "r":0.2857142857,
      "f":0.3076923077
    },
    "appos":{
      "p":0.9698275862,
      "r":0.9336099585,
      "f":0.9513742072
    },
    "orphan":{
      "p":0.0,
      "r":0.0,
      "f":0.0
    },
    "nmod:poss":{
      "p":0.921875,
      "r":0.7972972973,
      "f":0.8550724638
    },
    "cc":{
      "p":0.9230769231,
      "r":0.8571428571,
      "f":0.8888888889
    },
    "nmod":{
      "p":0.7801724138,
      "r":0.7541666667,
      "f":0.7669491525
    },
    "nummod":{
      "p":0.9607843137,
      "r":0.9074074074,
      "f":0.9333333333
    },
    "dep":{
      "p":0.0,
      "r":0.0,
      "f":0.0
    },
    "amod":{
      "p":0.8222222222,
      "r":0.7254901961,
      "f":0.7708333333
    },
    "advmod":{
      "p":0.8641975309,
      "r":0.843373494,
      "f":0.8536585366
    },
    "fixed":{
      "p":0.6666666667,
      "r":0.6666666667,
      "f":0.6666666667
    },
    "advmod:emph":{
      "p":1.0,
      "r":0.6666666667,
      "f":0.8
    },
    "acl":{
      "p":0.6388888889,
      "r":0.4791666667,
      "f":0.5476190476
    },
    "dislocated":{
      "p":0.3846153846,
      "r":0.2777777778,
      "f":0.3225806452
    },
    "det":{
      "p":0.5,
      "r":0.5,
      "f":0.5
    },
    "parataxis":{
      "p":1.0,
      "r":0.4,
      "f":0.5714285714
    },
    "acl:relcl":{
      "p":1.0,
      "r":1.0,
      "f":1.0
    }
  },
  "tag_acc":0.8075132192,
  "pos_acc":0.9498338345,
  "morph_acc":0.8919387916,
  "morph_micro_p":0.9242480162,
  "morph_micro_r":0.8967770815,
  "morph_micro_f":0.9103053435,
  "morph_per_feat":{
    "Case":{
      "p":0.8605947955,
      "r":0.8474679683,
      "f":0.8539809407
    },
    "Gender":{
      "p":0.9622559653,
      "r":0.9362600253,
      "f":0.9490800171
    },
    "Number":{
      "p":0.9532955041,
      "r":0.9313432836,
      "f":0.9421915444
    },
    "Mood":{
      "p":0.9492481203,
      "r":0.9050179211,
      "f":0.9266055046
    },
    "Person":{
      "p":0.9207419899,
      "r":0.8792270531,
      "f":0.8995057661
    },
    "Tense":{
      "p":0.8345864662,
      "r":0.812195122,
      "f":0.8232385661
    },
    "Ventive":{
      "p":0.7959183673,
      "r":0.8068965517,
      "f":0.801369863
    },
    "VerbForm":{
      "p":0.9460043197,
      "r":0.8975409836,
      "f":0.9211356467
    },
    "VerbStem":{
      "p":0.9214285714,
      "r":0.8716216216,
      "f":0.8958333333
    },
    "Focus":{
      "p":0.9295774648,
      "r":0.8571428571,
      "f":0.8918918919
    },
    "NounBase":{
      "p":0.8931506849,
      "r":0.8089330025,
      "f":0.8489583333
    },
    "VerbSuffGen":{
      "p":0.8615384615,
      "r":0.7671232877,
      "f":0.8115942029
    },
    "VerbSuffNum":{
      "p":0.8615384615,
      "r":0.7567567568,
      "f":0.8057553957
    },
    "VerbSuffPer":{
      "p":0.8769230769,
      "r":0.7702702703,
      "f":0.8201438849
    },
    "Dialect":{
      "p":0.6,
      "r":0.4285714286,
      "f":0.5
    },
    "SubSuff":{
      "p":0.847826087,
      "r":0.8666666667,
      "f":0.8571428571
    },
    "PossSuffGen":{
      "p":0.9473684211,
      "r":0.95625,
      "f":0.9517884914
    },
    "PossSuffNum":{
      "p":0.9593023256,
      "r":0.9677419355,
      "f":0.9635036496
    },
    "PossSuffPer":{
      "p":0.9505813953,
      "r":0.9589442815,
      "f":0.9547445255
    },
    "Subordinative":{
      "p":0.8085106383,
      "r":0.6666666667,
      "f":0.7307692308
    },
    "PrepSuffGen":{
      "p":0.9444444444,
      "r":1.0,
      "f":0.9714285714
    },
    "PrepSuffNum":{
      "p":0.9444444444,
      "r":1.0,
      "f":0.9714285714
    },
    "PresSuffPer":{
      "p":0.75,
      "r":1.0,
      "f":0.8571428571
    },
    "PronType":{
      "p":0.0,
      "r":0.0,
      "f":0.0
    },
    "Voice":{
      "p":0.6363636364,
      "r":0.7777777778,
      "f":0.7
    },
    "PrepSuffPer":{
      "p":1.0,
      "r":0.875,
      "f":0.9333333333
    },
    "SubSuffix":{
      "p":1.0,
      "r":0.5,
      "f":0.6666666667
    },
    "NounState":{
      "p":0.0,
      "r":0.0,
      "f":0.0
    },
    "PossSufNum":{
      "p":1.0,
      "r":1.0,
      "f":1.0
    },
    "PossSufPer":{
      "p":1.0,
      "r":1.0,
      "f":1.0
    },
    "PredSuffNum":{
      "p":0.3333333333,
      "r":1.0,
      "f":0.5
    },
    "PredSuffPer":{
      "p":0.3333333333,
      "r":1.0,
      "f":0.5
    }
  },
  "speed":3800.5877073525
}