{
  "token_acc":0.9961625924,
  "token_p":0.9909386946,
  "token_r":0.9805267582,
  "token_f":0.985705232,
  "lemma_acc":0.9712306496,
  "sents_p":0.8715834119,
  "sents_r":0.8842935692,
  "sents_f":0.8778924884,
  "dep_uas":0.8732037194,
  "dep_las":0.3348830657,
  "dep_las_per_type":{
    "mark":{
      "p":0.75,
      "r":0.6153846154,
      "f":0.676056338
    },
    "nsubj":{
      "p":0.7253731343,
      "r":0.7275449102,
      "f":0.7264573991
    },
    "case":{
      "p":0.9454545455,
      "r":0.9506398537,
      "f":0.9480401094
    },
    "iobj":{
      "p":0.6176470588,
      "r":0.6774193548,
      "f":0.6461538462
    },
    "advcl":{
      "p":0.25,
      "r":0.1666666667,
      "f":0.2
    },
    "obj":{
      "p":0.6585365854,
      "r":0.6585365854,
      "f":0.6585365854
    },
    "root":{
      "p":0.0507349455,
      "r":0.7810218978,
      "f":0.0952804987
    },
    "_":{
      "p":0.0,
      "r":0.0,
      "f":0.0
    },
    "discourse":{
      "p":0.7402597403,
      "r":0.686746988,
      "f":0.7125
    },
    "ccomp":{
      "p":0.6888888889,
      "r":0.6078431373,
      "f":0.6458333333
    },
    "xcomp":{
      "p":0.0,
      "r":0.0,
      "f":0.0
    },
    "vocative":{
      "p":0.6666666667,
      "r":0.25,
      "f":0.3636363636
    },
    "obl":{
      "p":0.6962025316,
      "r":0.6932773109,
      "f":0.6947368421
    },
    "conj":{
      "p":0.6515837104,
      "r":0.5901639344,
      "f":0.6193548387
    },
    "dep":{
      "p":0.0416666667,
      "r":0.2,
      "f":0.0689655172
    },
    "nmod:poss":{
      "p":0.8289473684,
      "r":0.8181818182,
      "f":0.8235294118
    },
    "cop":{
      "p":1.0,
      "r":0.1111111111,
      "f":0.2
    },
    "appos":{
      "p":0.9462809917,
      "r":0.9423868313,
      "f":0.9443298969
    },
    "orphan":{
      "p":0.0,
      "r":0.0,
      "f":0.0
    },
    "cc":{
      "p":0.78125,
      "r":0.8064516129,
      "f":0.7936507937
    },
    "nmod":{
      "p":0.8080357143,
      "r":0.7125984252,
      "f":0.7573221757
    },
    "nummod":{
      "p":0.9245283019,
      "r":0.9074074074,
      "f":0.9158878505
    },
    "advmod":{
      "p":0.8324324324,
      "r":0.8369565217,
      "f":0.8346883469
    },
    "fixed":{
      "p":0.75,
      "r":0.3333333333,
      "f":0.4615384615
    },
    "advmod:emph":{
      "p":1.0,
      "r":0.25,
      "f":0.4
    },
    "amod":{
      "p":0.7857142857,
      "r":0.8,
      "f":0.7927927928
    },
    "acl":{
      "p":0.6363636364,
      "r":0.5833333333,
      "f":0.6086956522
    },
    "det":{
      "p":0.8125,
      "r":0.65,
      "f":0.7222222222
    },
    "dislocated":{
      "p":0.2857142857,
      "r":0.1111111111,
      "f":0.16
    },
    "parataxis":{
      "p":0.3333333333,
      "r":0.2,
      "f":0.25
    },
    "acl:relcl":{
      "p":1.0,
      "r":1.0,
      "f":1.0
    }
  },
  "tag_acc":0.8400424478,
  "pos_acc":0.9686569281,
  "morph_acc":0.8928015839,
  "morph_micro_p":0.9201039571,
  "morph_micro_r":0.90195595,
  "morph_micro_f":0.910939575,
  "morph_per_feat":{
    "Case":{
      "p":0.852,
      "r":0.8495726496,
      "f":0.8507845934
    },
    "Gender":{
      "p":0.9634977938,
      "r":0.937914877,
      "f":0.9505342303
    },
    "Number":{
      "p":0.9559951554,
      "r":0.934122288,
      "f":0.9449321628
    },
    "Mood":{
      "p":0.942339374,
      "r":0.9225806452,
      "f":0.9323553382
    },
    "Person":{
      "p":0.9155555556,
      "r":0.8917748918,
      "f":0.9035087719
    },
    "Tense":{
      "p":0.8402625821,
      "r":0.8347826087,
      "f":0.8375136314
    },
    "Ventive":{
      "p":0.8036809816,
      "r":0.8086419753,
      "f":0.8061538462
    },
    "VerbForm":{
      "p":0.9339449541,
      "r":0.9254545455,
      "f":0.9296803653
    },
    "VerbStem":{
      "p":0.9178294574,
      "r":0.8942598187,
      "f":0.9058913542
    },
    "Focus":{
      "p":0.9290322581,
      "r":0.8622754491,
      "f":0.8944099379
    },
    "NounBase":{
      "p":0.8796992481,
      "r":0.8143851508,
      "f":0.8457831325
    },
    "VerbSuffGen":{
      "p":0.8,
      "r":0.7317073171,
      "f":0.7643312102
    },
    "VerbSuffNum":{
      "p":0.8266666667,
      "r":0.7469879518,
      "f":0.7848101266
    },
    "VerbSuffPer":{
      "p":0.8,
      "r":0.7228915663,
      "f":0.7594936709
    },
    "SubSuff":{
      "p":0.8666666667,
      "r":0.8666666667,
      "f":0.8666666667
    },
    "PossSuffGen":{
      "p":0.940509915,
      "r":0.9707602339,
      "f":0.9553956835
    },
    "PossSuffNum":{
      "p":0.9566395664,
      "r":0.9724517906,
      "f":0.9644808743
    },
    "PossSuffPer":{
      "p":0.9485094851,
      "r":0.9641873278,
      "f":0.956284153
    },
    "Dialect":{
      "p":0.5238095238,
      "r":0.5789473684,
      "f":0.55
    },
    "Subordinative":{
      "p":0.75,
      "r":0.5909090909,
      "f":0.6610169492
    },
    "PrepSuffGen":{
      "p":0.9047619048,
      "r":0.95,
      "f":0.9268292683
    },
    "PrepSuffNum":{
      "p":0.9047619048,
      "r":0.95,
      "f":0.9268292683
    },
    "PresSuffPer":{
      "p":0.7857142857,
      "r":0.9166666667,
      "f":0.8461538462
    },
    "PrepSuffPer":{
      "p":0.875,
      "r":0.875,
      "f":0.875
    },
    "SubSuffix":{
      "p":1.0,
      "r":0.5,
      "f":0.6666666667
    },
    "PronType":{
      "p":0.0,
      "r":0.0,
      "f":0.0
    },
    "Voice":{
      "p":0.6666666667,
      "r":0.6666666667,
      "f":0.6666666667
    },
    "PossSufNum":{
      "p":1.0,
      "r":1.0,
      "f":1.0
    },
    "PossSufPer":{
      "p":1.0,
      "r":1.0,
      "f":1.0
    },
    "Question":{
      "p":0.0,
      "r":0.0,
      "f":0.0
    },
    "NounStem":{
      "p":1.0,
      "r":1.0,
      "f":1.0
    },
    "PredSuffNum":{
      "p":0.3333333333,
      "r":1.0,
      "f":0.5
    },
    "PredSuffPer":{
      "p":0.3333333333,
      "r":1.0,
      "f":0.5
    }
  },
  "speed":3112.2354598888
}