{
  "token_acc":0.9962344583,
  "token_p":0.9910815402,
  "token_r":0.9808069487,
  "token_f":0.9859174764,
  "lemma_acc":0.9761820623,
  "sents_p":0.8730723606,
  "sents_r":0.8797513746,
  "sents_f":0.8763991427,
  "dep_uas":0.8686342185,
  "dep_las":0.330069733,
  "dep_las_per_type":{
    "mark":{
      "p":0.7931034483,
      "r":0.5897435897,
      "f":0.6764705882
    },
    "nsubj":{
      "p":0.6470588235,
      "r":0.7245508982,
      "f":0.6836158192
    },
    "case":{
      "p":0.9451553931,
      "r":0.9451553931,
      "f":0.9451553931
    },
    "iobj":{
      "p":0.6666666667,
      "r":0.6129032258,
      "f":0.6386554622
    },
    "advcl":{
      "p":0.1111111111,
      "r":0.2083333333,
      "f":0.1449275362
    },
    "obj":{
      "p":0.6411483254,
      "r":0.6536585366,
      "f":0.6473429952
    },
    "root":{
      "p":0.0501193317,
      "r":0.7664233577,
      "f":0.0940860215
    },
    "_":{
      "p":0.0,
      "r":0.0,
      "f":0.0
    },
    "discourse":{
      "p":0.7341772152,
      "r":0.6987951807,
      "f":0.7160493827
    },
    "ccomp":{
      "p":0.6,
      "r":0.4705882353,
      "f":0.5274725275
    },
    "xcomp":{
      "p":0.0,
      "r":0.0,
      "f":0.0
    },
    "vocative":{
      "p":0.75,
      "r":0.375,
      "f":0.5
    },
    "conj":{
      "p":0.647826087,
      "r":0.6106557377,
      "f":0.6286919831
    },
    "appos":{
      "p":0.9487179487,
      "r":0.9135802469,
      "f":0.9308176101
    },
    "obl":{
      "p":0.7511961722,
      "r":0.6596638655,
      "f":0.7024608501
    },
    "cop":{
      "p":0.3333333333,
      "r":0.2222222222,
      "f":0.2666666667
    },
    "amod":{
      "p":0.8,
      "r":0.7272727273,
      "f":0.7619047619
    },
    "orphan":{
      "p":0.0,
      "r":0.0,
      "f":0.0
    },
    "nmod:poss":{
      "p":0.8108108108,
      "r":0.7792207792,
      "f":0.7947019868
    },
    "cc":{
      "p":0.84375,
      "r":0.8709677419,
      "f":0.8571428571
    },
    "nmod":{
      "p":0.8177570093,
      "r":0.688976378,
      "f":0.7478632479
    },
    "nummod":{
      "p":0.9215686275,
      "r":0.8703703704,
      "f":0.8952380952
    },
    "advmod":{
      "p":0.8272251309,
      "r":0.8586956522,
      "f":0.8426666667
    },
    "fixed":{
      "p":0.75,
      "r":0.3333333333,
      "f":0.4615384615
    },
    "advmod:emph":{
      "p":1.0,
      "r":0.5,
      "f":0.6666666667
    },
    "acl":{
      "p":0.6222222222,
      "r":0.5833333333,
      "f":0.6021505376
    },
    "det":{
      "p":0.6666666667,
      "r":0.6,
      "f":0.6315789474
    },
    "dislocated":{
      "p":0.2,
      "r":0.1666666667,
      "f":0.1818181818
    },
    "dep":{
      "p":0.0,
      "r":0.0,
      "f":0.0
    },
    "parataxis":{
      "p":0.6,
      "r":0.6,
      "f":0.6
    },
    "acl:relcl":{
      "p":1.0,
      "r":1.0,
      "f":1.0
    }
  },
  "tag_acc":0.8396406593,
  "pos_acc":0.9676687465,
  "morph_acc":0.8918269231,
  "morph_micro_p":0.9152513873,
  "morph_micro_r":0.8946416831,
  "morph_micro_f":0.9048291913,
  "morph_per_feat":{
    "Case":{
      "p":0.8612884504,
      "r":0.8455840456,
      "f":0.8533640023
    },
    "Gender":{
      "p":0.9570453633,
      "r":0.9308863725,
      "f":0.9437846397
    },
    "Number":{
      "p":0.9497772377,
      "r":0.9250493097,
      "f":0.9372501998
    },
    "Mood":{
      "p":0.9309210526,
      "r":0.9129032258,
      "f":0.9218241042
    },
    "Person":{
      "p":0.912462908,
      "r":0.8874458874,
      "f":0.8997805413
    },
    "Tense":{
      "p":0.8207964602,
      "r":0.8065217391,
      "f":0.8135964912
    },
    "Ventive":{
      "p":0.8036809816,
      "r":0.8086419753,
      "f":0.8061538462
    },
    "VerbForm":{
      "p":0.9362101313,
      "r":0.9072727273,
      "f":0.9215143121
    },
    "VerbStem":{
      "p":0.9160186625,
      "r":0.8897280967,
      "f":0.9026819923
    },
    "Focus":{
      "p":0.9032258065,
      "r":0.8383233533,
      "f":0.8695652174
    },
    "NounBase":{
      "p":0.8865435356,
      "r":0.7795823666,
      "f":0.8296296296
    },
    "VerbSuffGen":{
      "p":0.7901234568,
      "r":0.7804878049,
      "f":0.7852760736
    },
    "VerbSuffNum":{
      "p":0.8125,
      "r":0.7831325301,
      "f":0.7975460123
    },
    "VerbSuffPer":{
      "p":0.7875,
      "r":0.7590361446,
      "f":0.773006135
    },
    "SubSuff":{
      "p":0.8210526316,
      "r":0.8666666667,
      "f":0.8432432432
    },
    "PossSuffGen":{
      "p":0.9247910864,
      "r":0.9707602339,
      "f":0.9472182596
    },
    "PossSuffNum":{
      "p":0.9411764706,
      "r":0.9696969697,
      "f":0.9552238806
    },
    "PossSuffPer":{
      "p":0.935828877,
      "r":0.9641873278,
      "f":0.9497964722
    },
    "Dialect":{
      "p":0.4347826087,
      "r":0.5263157895,
      "f":0.4761904762
    },
    "Subordinative":{
      "p":0.7454545455,
      "r":0.6212121212,
      "f":0.6776859504
    },
    "PrepSuffGen":{
      "p":1.0,
      "r":0.95,
      "f":0.9743589744
    },
    "PrepSuffNum":{
      "p":1.0,
      "r":0.95,
      "f":0.9743589744
    },
    "PresSuffPer":{
      "p":1.0,
      "r":0.9166666667,
      "f":0.9565217391
    },
    "PrepSuffPer":{
      "p":1.0,
      "r":1.0,
      "f":1.0
    },
    "Voice":{
      "p":0.5,
      "r":0.7777777778,
      "f":0.6086956522
    },
    "SubSuffix":{
      "p":1.0,
      "r":0.5,
      "f":0.6666666667
    },
    "PronType":{
      "p":1.0,
      "r":0.3333333333,
      "f":0.5
    },
    "NounState":{
      "p":0.0,
      "r":0.0,
      "f":0.0
    },
    "PossSufNum":{
      "p":1.0,
      "r":1.0,
      "f":1.0
    },
    "PossSufPer":{
      "p":1.0,
      "r":1.0,
      "f":1.0
    },
    "Question":{
      "p":0.0,
      "r":0.0,
      "f":0.0
    },
    "NounStem":{
      "p":1.0,
      "r":1.0,
      "f":1.0
    },
    "PredSuffNum":{
      "p":0.3333333333,
      "r":1.0,
      "f":0.5
    },
    "PredSuffPer":{
      "p":0.3333333333,
      "r":1.0,
      "f":0.5
    }
  },
  "speed":3655.1338437123
}