{
  "token_acc":0.9963062935,
  "token_p":0.9912243454,
  "token_r":0.9810871393,
  "token_f":0.9861296909,
  "lemma_acc":0.9763267614,
  "sents_p":0.8733634849,
  "sents_r":0.877121683,
  "sents_f":0.8752385496,
  "dep_uas":0.8711086068,
  "dep_las":0.333849838,
  "dep_las_per_type":{
    "mark":{
      "p":0.7096774194,
      "r":0.5641025641,
      "f":0.6285714286
    },
    "nsubj":{
      "p":0.6896551724,
      "r":0.7185628743,
      "f":0.7038123167
    },
    "case":{
      "p":0.9368231047,
      "r":0.9488117002,
      "f":0.9427792916
    },
    "iobj":{
      "p":0.6551724138,
      "r":0.6129032258,
      "f":0.6333333333
    },
    "advcl":{
      "p":0.2631578947,
      "r":0.2083333333,
      "f":0.2325581395
    },
    "obj":{
      "p":0.6391752577,
      "r":0.6048780488,
      "f":0.6215538847
    },
    "root":{
      "p":0.0519138756,
      "r":0.7919708029,
      "f":0.0974405029
    },
    "_":{
      "p":0.0,
      "r":0.0,
      "f":0.0
    },
    "discourse":{
      "p":0.6744186047,
      "r":0.6987951807,
      "f":0.6863905325
    },
    "ccomp":{
      "p":0.6279069767,
      "r":0.5294117647,
      "f":0.5744680851
    },
    "xcomp":{
      "p":0.0,
      "r":0.0,
      "f":0.0
    },
    "vocative":{
      "p":0.75,
      "r":0.375,
      "f":0.5
    },
    "obl":{
      "p":0.6885245902,
      "r":0.7058823529,
      "f":0.6970954357
    },
    "conj":{
      "p":0.6081632653,
      "r":0.6106557377,
      "f":0.609406953
    },
    "nmod:poss":{
      "p":0.8873239437,
      "r":0.8181818182,
      "f":0.8513513514
    },
    "cop":{
      "p":0.375,
      "r":0.3333333333,
      "f":0.3529411765
    },
    "appos":{
      "p":0.9489361702,
      "r":0.9176954733,
      "f":0.9330543933
    },
    "orphan":{
      "p":0.0,
      "r":0.0,
      "f":0.0
    },
    "cc":{
      "p":0.75,
      "r":0.7741935484,
      "f":0.7619047619
    },
    "nmod":{
      "p":0.7777777778,
      "r":0.7440944882,
      "f":0.7605633803
    },
    "nummod":{
      "p":0.9230769231,
      "r":0.8888888889,
      "f":0.9056603774
    },
    "acl":{
      "p":0.6111111111,
      "r":0.4583333333,
      "f":0.5238095238
    },
    "advmod":{
      "p":0.841025641,
      "r":0.8913043478,
      "f":0.8654353562
    },
    "fixed":{
      "p":0.6666666667,
      "r":0.2222222222,
      "f":0.3333333333
    },
    "advmod:emph":{
      "p":1.0,
      "r":0.5,
      "f":0.6666666667
    },
    "amod":{
      "p":0.8936170213,
      "r":0.7636363636,
      "f":0.8235294118
    },
    "dislocated":{
      "p":0.1428571429,
      "r":0.0555555556,
      "f":0.08
    },
    "det":{
      "p":0.6666666667,
      "r":0.6,
      "f":0.6315789474
    },
    "dep":{
      "p":0.0434782609,
      "r":0.2,
      "f":0.0714285714
    },
    "parataxis":{
      "p":1.0,
      "r":0.6,
      "f":0.75
    },
    "acl:relcl":{
      "p":1.0,
      "r":1.0,
      "f":1.0
    }
  },
  "tag_acc":0.8371171936,
  "pos_acc":0.9672479796,
  "morph_acc":0.8880248834,
  "morph_micro_p":0.9140618418,
  "morph_micro_r":0.8916009204,
  "morph_micro_f":0.9026916837,
  "morph_per_feat":{
    "Case":{
      "p":0.8573933372,
      "r":0.8358974359,
      "f":0.846508944
    },
    "Gender":{
      "p":0.9602728732,
      "r":0.9344006248,
      "f":0.9471601029
    },
    "Number":{
      "p":0.94864537,
      "r":0.925443787,
      "f":0.9369009585
    },
    "Mood":{
      "p":0.9290429043,
      "r":0.9080645161,
      "f":0.9184339315
    },
    "Person":{
      "p":0.9138187221,
      "r":0.8874458874,
      "f":0.9004392387
    },
    "Tense":{
      "p":0.8043956044,
      "r":0.7956521739,
      "f":0.8
    },
    "Ventive":{
      "p":0.7636363636,
      "r":0.7777777778,
      "f":0.7706422018
    },
    "VerbForm":{
      "p":0.9200743494,
      "r":0.9,
      "f":0.9099264706
    },
    "VerbStem":{
      "p":0.9061032864,
      "r":0.8746223565,
      "f":0.8900845503
    },
    "Focus":{
      "p":0.8787878788,
      "r":0.8682634731,
      "f":0.8734939759
    },
    "NounBase":{
      "p":0.8746803069,
      "r":0.7935034803,
      "f":0.8321167883
    },
    "VerbSuffGen":{
      "p":0.8289473684,
      "r":0.7682926829,
      "f":0.7974683544
    },
    "VerbSuffNum":{
      "p":0.8421052632,
      "r":0.7710843373,
      "f":0.8050314465
    },
    "VerbSuffPer":{
      "p":0.8421052632,
      "r":0.7710843373,
      "f":0.8050314465
    },
    "Subordinative":{
      "p":0.7307692308,
      "r":0.5757575758,
      "f":0.6440677966
    },
    "SubSuff":{
      "p":0.8941176471,
      "r":0.8444444444,
      "f":0.8685714286
    },
    "PossSuffGen":{
      "p":0.9348441926,
      "r":0.9649122807,
      "f":0.9496402878
    },
    "PossSuffNum":{
      "p":0.9436997319,
      "r":0.9696969697,
      "f":0.9565217391
    },
    "PossSuffPer":{
      "p":0.9329758713,
      "r":0.958677686,
      "f":0.9456521739
    },
    "Dialect":{
      "p":0.4761904762,
      "r":0.5263157895,
      "f":0.5
    },
    "PrepSuffGen":{
      "p":1.0,
      "r":0.95,
      "f":0.9743589744
    },
    "PrepSuffNum":{
      "p":1.0,
      "r":0.95,
      "f":0.9743589744
    },
    "PresSuffPer":{
      "p":0.9166666667,
      "r":0.9166666667,
      "f":0.9166666667
    },
    "Voice":{
      "p":0.5384615385,
      "r":0.7777777778,
      "f":0.6363636364
    },
    "PrepSuffPer":{
      "p":1.0,
      "r":0.875,
      "f":0.9333333333
    },
    "SubSuffix":{
      "p":1.0,
      "r":0.5,
      "f":0.6666666667
    },
    "PronType":{
      "p":0.0,
      "r":0.0,
      "f":0.0
    },
    "NounState":{
      "p":0.0,
      "r":0.0,
      "f":0.0
    },
    "PossSufNum":{
      "p":1.0,
      "r":1.0,
      "f":1.0
    },
    "PossSufPer":{
      "p":1.0,
      "r":1.0,
      "f":1.0
    },
    "Question":{
      "p":0.0,
      "r":0.0,
      "f":0.0
    },
    "NounStem":{
      "p":1.0,
      "r":1.0,
      "f":1.0
    },
    "PredSuffNum":{
      "p":0.0,
      "r":0.0,
      "f":0.0
    },
    "PredSuffPer":{
      "p":0.0,
      "r":0.0,
      "f":0.0
    }
  },
  "speed":3434.8959293979
}