{
  "token_acc":0.9963062935,
  "token_p":0.9912243454,
  "token_r":0.9810871393,
  "token_f":0.9861296909,
  "lemma_acc":0.9763267614,
  "sents_p":0.8769414576,
  "sents_r":0.8773607459,
  "sents_f":0.8771510516,
  "dep_uas":0.8658966052,
  "dep_las":0.3306099451,
  "dep_las_per_type":{
    "mark":{
      "p":0.6315789474,
      "r":0.6153846154,
      "f":0.6233766234
    },
    "nsubj":{
      "p":0.651226158,
      "r":0.7155688623,
      "f":0.6818830243
    },
    "case":{
      "p":0.9486238532,
      "r":0.9451553931,
      "f":0.9468864469
    },
    "iobj":{
      "p":0.5967741935,
      "r":0.5967741935,
      "f":0.5967741935
    },
    "advcl":{
      "p":0.21875,
      "r":0.2916666667,
      "f":0.25
    },
    "obj":{
      "p":0.6028037383,
      "r":0.6292682927,
      "f":0.61575179
    },
    "root":{
      "p":0.0520883341,
      "r":0.7919708029,
      "f":0.0977477477
    },
    "_":{
      "p":0.0,
      "r":0.0,
      "f":0.0
    },
    "discourse":{
      "p":0.7,
      "r":0.6746987952,
      "f":0.6871165644
    },
    "ccomp":{
      "p":0.6176470588,
      "r":0.4117647059,
      "f":0.4941176471
    },
    "xcomp":{
      "p":0.0,
      "r":0.0,
      "f":0.0
    },
    "vocative":{
      "p":0.8,
      "r":0.5,
      "f":0.6153846154
    },
    "nmod":{
      "p":0.7747035573,
      "r":0.7716535433,
      "f":0.7731755424
    },
    "dislocated":{
      "p":0.0769230769,
      "r":0.0555555556,
      "f":0.064516129
    },
    "conj":{
      "p":0.6267281106,
      "r":0.5573770492,
      "f":0.590021692
    },
    "dep":{
      "p":0.0,
      "r":0.0,
      "f":0.0
    },
    "cop":{
      "p":0.25,
      "r":0.1111111111,
      "f":0.1538461538
    },
    "appos":{
      "p":0.9583333333,
      "r":0.9465020576,
      "f":0.9523809524
    },
    "amod":{
      "p":0.8913043478,
      "r":0.7454545455,
      "f":0.8118811881
    },
    "orphan":{
      "p":0.0,
      "r":0.0,
      "f":0.0
    },
    "nmod:poss":{
      "p":0.8857142857,
      "r":0.8051948052,
      "f":0.843537415
    },
    "cc":{
      "p":0.7575757576,
      "r":0.8064516129,
      "f":0.78125
    },
    "nummod":{
      "p":0.9423076923,
      "r":0.9074074074,
      "f":0.9245283019
    },
    "advmod":{
      "p":0.8195876289,
      "r":0.8641304348,
      "f":0.8412698413
    },
    "fixed":{
      "p":0.8,
      "r":0.4444444444,
      "f":0.5714285714
    },
    "advmod:emph":{
      "p":1.0,
      "r":0.5,
      "f":0.6666666667
    },
    "obl":{
      "p":0.6877828054,
      "r":0.6386554622,
      "f":0.6623093682
    },
    "acl":{
      "p":0.5714285714,
      "r":0.5,
      "f":0.5333333333
    },
    "det":{
      "p":0.7857142857,
      "r":0.55,
      "f":0.6470588235
    },
    "parataxis":{
      "p":0.5,
      "r":0.4,
      "f":0.4444444444
    },
    "acl:relcl":{
      "p":1.0,
      "r":1.0,
      "f":1.0
    }
  },
  "tag_acc":0.8403706061,
  "pos_acc":0.966680845,
  "morph_acc":0.888731797,
  "morph_micro_p":0.9153053531,
  "morph_micro_r":0.8979289941,
  "morph_micro_f":0.9065339141,
  "morph_per_feat":{
    "Case":{
      "p":0.8535324526,
      "r":0.8467236467,
      "f":0.8501144165
    },
    "Gender":{
      "p":0.959437751,
      "r":0.9328387349,
      "f":0.9459512968
    },
    "Number":{
      "p":0.9490909091,
      "r":0.9266272189,
      "f":0.9377245509
    },
    "Mood":{
      "p":0.9424342105,
      "r":0.9241935484,
      "f":0.9332247557
    },
    "Person":{
      "p":0.9186390533,
      "r":0.8961038961,
      "f":0.9072315559
    },
    "Tense":{
      "p":0.8195652174,
      "r":0.8195652174,
      "f":0.8195652174
    },
    "Ventive":{
      "p":0.83125,
      "r":0.8209876543,
      "f":0.8260869565
    },
    "VerbForm":{
      "p":0.9333333333,
      "r":0.9163636364,
      "f":0.9247706422
    },
    "VerbStem":{
      "p":0.9110764431,
      "r":0.8821752266,
      "f":0.8963929394
    },
    "Focus":{
      "p":0.9220779221,
      "r":0.8502994012,
      "f":0.8847352025
    },
    "NounBase":{
      "p":0.8740359897,
      "r":0.788863109,
      "f":0.8292682927
    },
    "VerbSuffGen":{
      "p":0.8,
      "r":0.7804878049,
      "f":0.7901234568
    },
    "VerbSuffNum":{
      "p":0.8125,
      "r":0.7831325301,
      "f":0.7975460123
    },
    "VerbSuffPer":{
      "p":0.8125,
      "r":0.7831325301,
      "f":0.7975460123
    },
    "PossSuffGen":{
      "p":0.914600551,
      "r":0.9707602339,
      "f":0.9418439716
    },
    "PossSuffNum":{
      "p":0.9389920424,
      "r":0.9752066116,
      "f":0.9567567568
    },
    "PossSuffPer":{
      "p":0.9363395225,
      "r":0.9724517906,
      "f":0.9540540541
    },
    "Dialect":{
      "p":0.3928571429,
      "r":0.5789473684,
      "f":0.4680851064
    },
    "Subordinative":{
      "p":0.7407407407,
      "r":0.6060606061,
      "f":0.6666666667
    },
    "PrepSuffGen":{
      "p":0.95,
      "r":0.95,
      "f":0.95
    },
    "PrepSuffNum":{
      "p":0.95,
      "r":0.95,
      "f":0.95
    },
    "PresSuffPer":{
      "p":0.8461538462,
      "r":0.9166666667,
      "f":0.88
    },
    "SubSuff":{
      "p":0.8850574713,
      "r":0.8555555556,
      "f":0.8700564972
    },
    "Voice":{
      "p":0.5384615385,
      "r":0.7777777778,
      "f":0.6363636364
    },
    "PrepSuffPer":{
      "p":1.0,
      "r":0.875,
      "f":0.9333333333
    },
    "SubSuffix":{
      "p":1.0,
      "r":0.5,
      "f":0.6666666667
    },
    "PronType":{
      "p":0.0,
      "r":0.0,
      "f":0.0
    },
    "PossSufNum":{
      "p":1.0,
      "r":1.0,
      "f":1.0
    },
    "PossSufPer":{
      "p":1.0,
      "r":1.0,
      "f":1.0
    },
    "Question":{
      "p":0.0,
      "r":0.0,
      "f":0.0
    },
    "NounStem":{
      "p":1.0,
      "r":1.0,
      "f":1.0
    },
    "PredSuffNum":{
      "p":0.0,
      "r":0.0,
      "f":0.0
    },
    "PredSuffPer":{
      "p":0.0,
      "r":0.0,
      "f":0.0
    }
  },
  "speed":3829.2971753364
}