{
  "token_acc":0.9963062935,
  "token_p":0.9912243454,
  "token_r":0.9810871393,
  "token_f":0.9861296909,
  "lemma_acc":0.9763267614,
  "sents_p":0.8631875882,
  "sents_r":0.8778388716,
  "sents_f":0.8704515823,
  "dep_uas":0.8713903367,
  "dep_las":0.332300324,
  "dep_las_per_type":{
    "mark":{
      "p":0.7142857143,
      "r":0.641025641,
      "f":0.6756756757
    },
    "nsubj":{
      "p":0.7151515152,
      "r":0.7065868263,
      "f":0.7108433735
    },
    "case":{
      "p":0.9503676471,
      "r":0.9451553931,
      "f":0.9477543538
    },
    "iobj":{
      "p":0.619047619,
      "r":0.6290322581,
      "f":0.624
    },
    "advcl":{
      "p":0.2068965517,
      "r":0.25,
      "f":0.2264150943
    },
    "obj":{
      "p":0.6417910448,
      "r":0.6292682927,
      "f":0.6354679803
    },
    "root":{
      "p":0.0535882908,
      "r":0.8284671533,
      "f":0.1006651885
    },
    "_":{
      "p":0.0,
      "r":0.0,
      "f":0.0
    },
    "discourse":{
      "p":0.6493506494,
      "r":0.6024096386,
      "f":0.625
    },
    "ccomp":{
      "p":0.6285714286,
      "r":0.431372549,
      "f":0.511627907
    },
    "xcomp":{
      "p":0.0,
      "r":0.0,
      "f":0.0
    },
    "vocative":{
      "p":0.75,
      "r":0.375,
      "f":0.5
    },
    "conj":{
      "p":0.6317991632,
      "r":0.618852459,
      "f":0.6252587992
    },
    "obl":{
      "p":0.7110091743,
      "r":0.6512605042,
      "f":0.6798245614
    },
    "cop":{
      "p":0.6,
      "r":0.3333333333,
      "f":0.4285714286
    },
    "appos":{
      "p":0.9698275862,
      "r":0.9259259259,
      "f":0.9473684211
    },
    "amod":{
      "p":0.7872340426,
      "r":0.6727272727,
      "f":0.7254901961
    },
    "orphan":{
      "p":0.0,
      "r":0.0,
      "f":0.0
    },
    "nmod:poss":{
      "p":0.9104477612,
      "r":0.7922077922,
      "f":0.8472222222
    },
    "cc":{
      "p":0.78125,
      "r":0.8064516129,
      "f":0.7936507937
    },
    "nmod":{
      "p":0.8177966102,
      "r":0.7598425197,
      "f":0.787755102
    },
    "nummod":{
      "p":0.8888888889,
      "r":0.8888888889,
      "f":0.8888888889
    },
    "dep":{
      "p":0.0322580645,
      "r":0.2,
      "f":0.0555555556
    },
    "advmod":{
      "p":0.8376963351,
      "r":0.8695652174,
      "f":0.8533333333
    },
    "fixed":{
      "p":0.6,
      "r":0.3333333333,
      "f":0.4285714286
    },
    "advmod:emph":{
      "p":1.0,
      "r":0.5,
      "f":0.6666666667
    },
    "acl":{
      "p":0.6097560976,
      "r":0.5208333333,
      "f":0.5617977528
    },
    "det":{
      "p":0.5555555556,
      "r":0.5,
      "f":0.5263157895
    },
    "dislocated":{
      "p":0.3,
      "r":0.1666666667,
      "f":0.2142857143
    },
    "parataxis":{
      "p":0.6666666667,
      "r":0.4,
      "f":0.5
    },
    "acl:relcl":{
      "p":1.0,
      "r":1.0,
      "f":1.0
    }
  },
  "tag_acc":0.8375415517,
  "pos_acc":0.966680845,
  "morph_acc":0.8881662661,
  "morph_micro_p":0.9137727579,
  "morph_micro_r":0.8909434583,
  "morph_micro_f":0.902213715,
  "morph_per_feat":{
    "Case":{
      "p":0.8596389051,
      "r":0.841025641,
      "f":0.8502304147
    },
    "Gender":{
      "p":0.9550200803,
      "r":0.9285435377,
      "f":0.9415957236
    },
    "Number":{
      "p":0.9446464646,
      "r":0.9222879684,
      "f":0.9333333333
    },
    "Mood":{
      "p":0.935,
      "r":0.9048387097,
      "f":0.9196721311
    },
    "Person":{
      "p":0.9115442279,
      "r":0.8773448773,
      "f":0.8941176471
    },
    "Tense":{
      "p":0.8070175439,
      "r":0.8,
      "f":0.8034934498
    },
    "Ventive":{
      "p":0.7710843373,
      "r":0.7901234568,
      "f":0.7804878049
    },
    "VerbForm":{
      "p":0.925093633,
      "r":0.8981818182,
      "f":0.9114391144
    },
    "VerbStem":{
      "p":0.9240506329,
      "r":0.8821752266,
      "f":0.9026275116
    },
    "Focus":{
      "p":0.9130434783,
      "r":0.880239521,
      "f":0.8963414634
    },
    "NounBase":{
      "p":0.8831168831,
      "r":0.788863109,
      "f":0.8333333333
    },
    "VerbSuffGen":{
      "p":0.8266666667,
      "r":0.756097561,
      "f":0.7898089172
    },
    "VerbSuffNum":{
      "p":0.8266666667,
      "r":0.7469879518,
      "f":0.7848101266
    },
    "VerbSuffPer":{
      "p":0.8266666667,
      "r":0.7469879518,
      "f":0.7848101266
    },
    "PossSuffGen":{
      "p":0.9173553719,
      "r":0.9736842105,
      "f":0.9446808511
    },
    "PossSuffNum":{
      "p":0.9368421053,
      "r":0.9807162534,
      "f":0.9582772544
    },
    "PossSuffPer":{
      "p":0.9313984169,
      "r":0.9724517906,
      "f":0.9514824798
    },
    "Dialect":{
      "p":0.4736842105,
      "r":0.4736842105,
      "f":0.4736842105
    },
    "Subordinative":{
      "p":0.7115384615,
      "r":0.5606060606,
      "f":0.6271186441
    },
    "PrepSuffGen":{
      "p":1.0,
      "r":0.95,
      "f":0.9743589744
    },
    "PrepSuffNum":{
      "p":1.0,
      "r":0.95,
      "f":0.9743589744
    },
    "PresSuffPer":{
      "p":0.9166666667,
      "r":0.9166666667,
      "f":0.9166666667
    },
    "SubSuff":{
      "p":0.8764044944,
      "r":0.8666666667,
      "f":0.8715083799
    },
    "PrepSuffPer":{
      "p":1.0,
      "r":0.875,
      "f":0.9333333333
    },
    "Voice":{
      "p":0.5833333333,
      "r":0.7777777778,
      "f":0.6666666667
    },
    "SubSuffix":{
      "p":1.0,
      "r":0.5,
      "f":0.6666666667
    },
    "PronType":{
      "p":0.0,
      "r":0.0,
      "f":0.0
    },
    "NounState":{
      "p":0.0,
      "r":0.0,
      "f":0.0
    },
    "PossSufNum":{
      "p":1.0,
      "r":1.0,
      "f":1.0
    },
    "PossSufPer":{
      "p":1.0,
      "r":1.0,
      "f":1.0
    },
    "Question":{
      "p":0.0,
      "r":0.0,
      "f":0.0
    },
    "NounStem":{
      "p":1.0,
      "r":1.0,
      "f":1.0
    },
    "PredSuffNum":{
      "p":0.0,
      "r":0.0,
      "f":0.0
    },
    "PredSuffPer":{
      "p":0.0,
      "r":0.0,
      "f":0.0
    }
  },
  "speed":1995.0825380677
}