{
  "token_acc":0.9961625924,
  "token_p":0.9909386946,
  "token_r":0.9805267582,
  "token_f":0.985705232,
  "lemma_acc":0.9710892769,
  "sents_p":0.8767222625,
  "sents_r":0.8670810423,
  "sents_f":0.871875,
  "dep_uas":0.8639053254,
  "dep_las":0.3354466047,
  "dep_las_per_type":{
    "mark":{
      "p":0.8333333333,
      "r":0.641025641,
      "f":0.7246376812
    },
    "nsubj":{
      "p":0.6905444126,
      "r":0.7215568862,
      "f":0.7057101025
    },
    "case":{
      "p":0.9219858156,
      "r":0.9506398537,
      "f":0.9360936094
    },
    "iobj":{
      "p":0.6393442623,
      "r":0.6290322581,
      "f":0.6341463415
    },
    "advcl":{
      "p":0.1935483871,
      "r":0.25,
      "f":0.2181818182
    },
    "obj":{
      "p":0.6018099548,
      "r":0.6487804878,
      "f":0.6244131455
    },
    "root":{
      "p":0.0527467185,
      "r":0.7919708029,
      "f":0.0989061076
    },
    "_":{
      "p":0.0,
      "r":0.0,
      "f":0.0
    },
    "discourse":{
      "p":0.6352941176,
      "r":0.6506024096,
      "f":0.6428571429
    },
    "ccomp":{
      "p":0.6153846154,
      "r":0.4705882353,
      "f":0.5333333333
    },
    "xcomp":{
      "p":0.0,
      "r":0.0,
      "f":0.0
    },
    "vocative":{
      "p":0.625,
      "r":0.625,
      "f":0.625
    },
    "conj":{
      "p":0.624,
      "r":0.6393442623,
      "f":0.6315789474
    },
    "obl":{
      "p":0.6919642857,
      "r":0.6512605042,
      "f":0.670995671
    },
    "nmod":{
      "p":0.7450980392,
      "r":0.7480314961,
      "f":0.7465618861
    },
    "cop":{
      "p":0.5714285714,
      "r":0.4444444444,
      "f":0.5
    },
    "appos":{
      "p":0.9652173913,
      "r":0.9135802469,
      "f":0.9386892178
    },
    "amod":{
      "p":0.82,
      "r":0.7454545455,
      "f":0.780952381
    },
    "orphan":{
      "p":0.0,
      "r":0.0,
      "f":0.0
    },
    "nmod:poss":{
      "p":0.90625,
      "r":0.7532467532,
      "f":0.8226950355
    },
    "cc":{
      "p":0.8709677419,
      "r":0.8709677419,
      "f":0.8709677419
    },
    "nummod":{
      "p":0.8644067797,
      "r":0.9444444444,
      "f":0.9026548673
    },
    "dep":{
      "p":0.0,
      "r":0.0,
      "f":0.0
    },
    "advmod":{
      "p":0.8009950249,
      "r":0.875,
      "f":0.8363636364
    },
    "fixed":{
      "p":0.6666666667,
      "r":0.2222222222,
      "f":0.3333333333
    },
    "advmod:emph":{
      "p":1.0,
      "r":0.5,
      "f":0.6666666667
    },
    "acl":{
      "p":0.5416666667,
      "r":0.5416666667,
      "f":0.5416666667
    },
    "det":{
      "p":0.6666666667,
      "r":0.7,
      "f":0.6829268293
    },
    "dislocated":{
      "p":0.5,
      "r":0.2222222222,
      "f":0.3076923077
    },
    "parataxis":{
      "p":1.0,
      "r":0.6,
      "f":0.75
    },
    "acl:relcl":{
      "p":1.0,
      "r":1.0,
      "f":1.0
    }
  },
  "tag_acc":0.8389105058,
  "pos_acc":0.9670968657,
  "morph_acc":0.8871446754,
  "morph_micro_p":0.9170305677,
  "morph_micro_r":0.8974358974,
  "morph_micro_f":0.9071274298,
  "morph_per_feat":{
    "Case":{
      "p":0.8551564311,
      "r":0.841025641,
      "f":0.8480321747
    },
    "Gender":{
      "p":0.9585513078,
      "r":0.9301054276,
      "f":0.9441141498
    },
    "Number":{
      "p":0.9518218623,
      "r":0.9274161736,
      "f":0.9394605395
    },
    "Mood":{
      "p":0.9440789474,
      "r":0.9258064516,
      "f":0.9348534202
    },
    "Person":{
      "p":0.9023668639,
      "r":0.8802308802,
      "f":0.8911614317
    },
    "Tense":{
      "p":0.8373101952,
      "r":0.8391304348,
      "f":0.8382193268
    },
    "Ventive":{
      "p":0.8227848101,
      "r":0.8024691358,
      "f":0.8125
    },
    "VerbForm":{
      "p":0.9229357798,
      "r":0.9145454545,
      "f":0.9187214612
    },
    "VerbStem":{
      "p":0.9148606811,
      "r":0.8927492447,
      "f":0.9036697248
    },
    "Focus":{
      "p":0.8658536585,
      "r":0.8502994012,
      "f":0.8580060423
    },
    "NounBase":{
      "p":0.889182058,
      "r":0.7819025522,
      "f":0.8320987654
    },
    "VerbSuffGen":{
      "p":0.8117647059,
      "r":0.8414634146,
      "f":0.8263473054
    },
    "VerbSuffNum":{
      "p":0.8235294118,
      "r":0.843373494,
      "f":0.8333333333
    },
    "VerbSuffPer":{
      "p":0.8,
      "r":0.8192771084,
      "f":0.8095238095
    },
    "PossSuffGen":{
      "p":0.9431818182,
      "r":0.9707602339,
      "f":0.9567723343
    },
    "PossSuffNum":{
      "p":0.9541778976,
      "r":0.9752066116,
      "f":0.9645776567
    },
    "PossSuffPer":{
      "p":0.9540540541,
      "r":0.9724517906,
      "f":0.963165075
    },
    "Dialect":{
      "p":0.4,
      "r":0.5263157895,
      "f":0.4545454545
    },
    "Subordinative":{
      "p":0.8043478261,
      "r":0.5606060606,
      "f":0.6607142857
    },
    "PrepSuffGen":{
      "p":0.95,
      "r":0.95,
      "f":0.95
    },
    "PrepSuffNum":{
      "p":0.95,
      "r":0.95,
      "f":0.95
    },
    "PresSuffPer":{
      "p":0.7857142857,
      "r":0.9166666667,
      "f":0.8461538462
    },
    "SubSuff":{
      "p":0.9268292683,
      "r":0.8444444444,
      "f":0.8837209302
    },
    "Voice":{
      "p":0.4666666667,
      "r":0.7777777778,
      "f":0.5833333333
    },
    "PrepSuffPer":{
      "p":1.0,
      "r":0.875,
      "f":0.9333333333
    },
    "SubSuffix":{
      "p":1.0,
      "r":0.5,
      "f":0.6666666667
    },
    "PronType":{
      "p":0.0,
      "r":0.0,
      "f":0.0
    },
    "PossSufNum":{
      "p":1.0,
      "r":1.0,
      "f":1.0
    },
    "PossSufPer":{
      "p":1.0,
      "r":1.0,
      "f":1.0
    },
    "VerbSuffDatGen":{
      "p":0.0,
      "r":0.0,
      "f":0.0
    },
    "VerbSuffDatNum":{
      "p":0.0,
      "r":0.0,
      "f":0.0
    },
    "VerbSuffDatPer":{
      "p":0.0,
      "r":0.0,
      "f":0.0
    },
    "Question":{
      "p":0.0,
      "r":0.0,
      "f":0.0
    },
    "NounStem":{
      "p":1.0,
      "r":1.0,
      "f":1.0
    },
    "PredSuffNum":{
      "p":0.3333333333,
      "r":1.0,
      "f":0.5
    },
    "PredSuffPer":{
      "p":0.3333333333,
      "r":1.0,
      "f":0.5
    }
  },
  "speed":2176.9374795261
}