{
  "token_acc":0.9963062935,
  "token_p":0.9912243454,
  "token_r":0.9810871393,
  "token_f":0.9861296909,
  "lemma_acc":0.9763267614,
  "sents_p":0.8706467662,
  "sents_r":0.8785560602,
  "sents_f":0.8745835317,
  "dep_uas":0.8732215805,
  "dep_las":0.3337089731,
  "dep_las_per_type":{
    "mark":{
      "p":0.7777777778,
      "r":0.5384615385,
      "f":0.6363636364
    },
    "nsubj":{
      "p":0.7389937107,
      "r":0.7035928144,
      "f":0.7208588957
    },
    "case":{
      "p":0.9518518519,
      "r":0.9396709324,
      "f":0.9457221711
    },
    "iobj":{
      "p":0.6060606061,
      "r":0.6451612903,
      "f":0.625
    },
    "advcl":{
      "p":0.3214285714,
      "r":0.375,
      "f":0.3461538462
    },
    "obj":{
      "p":0.6462264151,
      "r":0.6682926829,
      "f":0.6570743405
    },
    "root":{
      "p":0.0497737557,
      "r":0.7627737226,
      "f":0.0934495864
    },
    "_":{
      "p":0.0,
      "r":0.0,
      "f":0.0
    },
    "discourse":{
      "p":0.6588235294,
      "r":0.6746987952,
      "f":0.6666666667
    },
    "ccomp":{
      "p":0.5744680851,
      "r":0.5294117647,
      "f":0.5510204082
    },
    "xcomp":{
      "p":0.0,
      "r":0.0,
      "f":0.0
    },
    "vocative":{
      "p":0.0,
      "r":0.0,
      "f":0.0
    },
    "obl":{
      "p":0.6883116883,
      "r":0.6680672269,
      "f":0.6780383795
    },
    "conj":{
      "p":0.6547085202,
      "r":0.5983606557,
      "f":0.625267666
    },
    "nmod":{
      "p":0.7595419847,
      "r":0.7834645669,
      "f":0.7713178295
    },
    "cop":{
      "p":0.4,
      "r":0.2222222222,
      "f":0.2857142857
    },
    "appos":{
      "p":0.9621848739,
      "r":0.9423868313,
      "f":0.9521829522
    },
    "amod":{
      "p":0.8333333333,
      "r":0.7272727273,
      "f":0.7766990291
    },
    "orphan":{
      "p":0.0,
      "r":0.0,
      "f":0.0
    },
    "nmod:poss":{
      "p":0.95,
      "r":0.7402597403,
      "f":0.8321167883
    },
    "cc":{
      "p":0.8064516129,
      "r":0.8064516129,
      "f":0.8064516129
    },
    "nummod":{
      "p":0.9230769231,
      "r":0.8888888889,
      "f":0.9056603774
    },
    "acl":{
      "p":0.5531914894,
      "r":0.5416666667,
      "f":0.5473684211
    },
    "advmod":{
      "p":0.8571428571,
      "r":0.8804347826,
      "f":0.8686327078
    },
    "fixed":{
      "p":0.8333333333,
      "r":0.5555555556,
      "f":0.6666666667
    },
    "advmod:emph":{
      "p":1.0,
      "r":0.5,
      "f":0.6666666667
    },
    "dislocated":{
      "p":0.3076923077,
      "r":0.2222222222,
      "f":0.2580645161
    },
    "det":{
      "p":0.619047619,
      "r":0.65,
      "f":0.6341463415
    },
    "dep":{
      "p":0.0,
      "r":0.0,
      "f":0.0
    },
    "acl:relcl":{
      "p":0.25,
      "r":1.0,
      "f":0.4
    },
    "parataxis":{
      "p":0.6,
      "r":0.6,
      "f":0.6
    }
  },
  "tag_acc":0.8386731735,
  "pos_acc":0.9663972778,
  "morph_acc":0.8891559451,
  "morph_micro_p":0.9169608338,
  "morph_micro_r":0.8966140697,
  "morph_micro_f":0.9066733151,
  "morph_per_feat":{
    "Case":{
      "p":0.8586326767,
      "r":0.8444444444,
      "f":0.8514794599
    },
    "Gender":{
      "p":0.9533762058,
      "r":0.9262007029,
      "f":0.9395919984
    },
    "Number":{
      "p":0.9489878543,
      "r":0.9246548323,
      "f":0.9366633367
    },
    "Mood":{
      "p":0.94599018,
      "r":0.9322580645,
      "f":0.9390739236
    },
    "Person":{
      "p":0.9112426036,
      "r":0.8888888889,
      "f":0.899926954
    },
    "Tense":{
      "p":0.827510917,
      "r":0.8239130435,
      "f":0.825708061
    },
    "Ventive":{
      "p":0.8238993711,
      "r":0.8086419753,
      "f":0.8161993769
    },
    "VerbForm":{
      "p":0.9335793358,
      "r":0.92,
      "f":0.9267399267
    },
    "VerbStem":{
      "p":0.9066874028,
      "r":0.8806646526,
      "f":0.89348659
    },
    "Focus":{
      "p":0.9068322981,
      "r":0.874251497,
      "f":0.8902439024
    },
    "NounBase":{
      "p":0.8883116883,
      "r":0.7935034803,
      "f":0.8382352941
    },
    "VerbSuffGen":{
      "p":0.8076923077,
      "r":0.7682926829,
      "f":0.7875
    },
    "VerbSuffNum":{
      "p":0.8333333333,
      "r":0.7831325301,
      "f":0.8074534161
    },
    "VerbSuffPer":{
      "p":0.8076923077,
      "r":0.7590361446,
      "f":0.7826086957
    },
    "PossSuffGen":{
      "p":0.9378531073,
      "r":0.9707602339,
      "f":0.9540229885
    },
    "PossSuffNum":{
      "p":0.9516129032,
      "r":0.9752066116,
      "f":0.9632653061
    },
    "PossSuffPer":{
      "p":0.9408602151,
      "r":0.9641873278,
      "f":0.9523809524
    },
    "Dialect":{
      "p":0.5,
      "r":0.5263157895,
      "f":0.5128205128
    },
    "Subordinative":{
      "p":0.7962962963,
      "r":0.6515151515,
      "f":0.7166666667
    },
    "PrepSuffGen":{
      "p":1.0,
      "r":0.95,
      "f":0.9743589744
    },
    "PrepSuffNum":{
      "p":1.0,
      "r":0.95,
      "f":0.9743589744
    },
    "PresSuffPer":{
      "p":0.9166666667,
      "r":0.9166666667,
      "f":0.9166666667
    },
    "SubSuff":{
      "p":0.8817204301,
      "r":0.9111111111,
      "f":0.8961748634
    },
    "PrepSuffPer":{
      "p":1.0,
      "r":0.875,
      "f":0.9333333333
    },
    "3.m.s. pres, G, Gender":{
      "p":0.0,
      "r":0.0,
      "f":0.0
    },
    "Voice":{
      "p":0.5833333333,
      "r":0.7777777778,
      "f":0.6666666667
    },
    "SubSuffix":{
      "p":1.0,
      "r":0.5,
      "f":0.6666666667
    },
    "PronType":{
      "p":0.0,
      "r":0.0,
      "f":0.0
    },
    "PossSufNum":{
      "p":1.0,
      "r":1.0,
      "f":1.0
    },
    "PossSufPer":{
      "p":1.0,
      "r":1.0,
      "f":1.0
    },
    "Question":{
      "p":0.0,
      "r":0.0,
      "f":0.0
    },
    "NounStem":{
      "p":1.0,
      "r":1.0,
      "f":1.0
    },
    "PredSuffNum":{
      "p":0.3333333333,
      "r":1.0,
      "f":0.5
    },
    "PredSuffPer":{
      "p":0.3333333333,
      "r":1.0,
      "f":0.5
    }
  },
  "speed":2146.775643254
}