{
  "token_acc":0.9963062935,
  "token_p":0.9912243454,
  "token_r":0.9810871393,
  "token_f":0.9861296909,
  "lemma_acc":0.9763267614,
  "sents_p":0.8724562234,
  "sents_r":0.8814248147,
  "sents_f":0.8769175883,
  "dep_uas":0.8727989858,
  "dep_las":0.33075081,
  "dep_las_per_type":{
    "mark":{
      "p":0.8,
      "r":0.6153846154,
      "f":0.6956521739
    },
    "nsubj":{
      "p":0.7672131148,
      "r":0.7005988024,
      "f":0.7323943662
    },
    "case":{
      "p":0.9420289855,
      "r":0.9506398537,
      "f":0.9463148317
    },
    "iobj":{
      "p":0.568627451,
      "r":0.4677419355,
      "f":0.5132743363
    },
    "advcl":{
      "p":0.1904761905,
      "r":0.1666666667,
      "f":0.1777777778
    },
    "obj":{
      "p":0.5990566038,
      "r":0.6195121951,
      "f":0.6091127098
    },
    "root":{
      "p":0.0513552068,
      "r":0.7883211679,
      "f":0.0964285714
    },
    "_":{
      "p":0.0,
      "r":0.0,
      "f":0.0
    },
    "discourse":{
      "p":0.6973684211,
      "r":0.6385542169,
      "f":0.6666666667
    },
    "ccomp":{
      "p":0.6666666667,
      "r":0.5098039216,
      "f":0.5777777778
    },
    "xcomp":{
      "p":0.0,
      "r":0.0,
      "f":0.0
    },
    "vocative":{
      "p":0.6666666667,
      "r":0.25,
      "f":0.3636363636
    },
    "amod":{
      "p":0.8823529412,
      "r":0.8181818182,
      "f":0.8490566038
    },
    "obl":{
      "p":0.6779661017,
      "r":0.6722689076,
      "f":0.6751054852
    },
    "conj":{
      "p":0.5376344086,
      "r":0.6147540984,
      "f":0.5736137667
    },
    "appos":{
      "p":0.9628099174,
      "r":0.9588477366,
      "f":0.9608247423
    },
    "cop":{
      "p":0.6,
      "r":0.3333333333,
      "f":0.4285714286
    },
    "orphan":{
      "p":0.0,
      "r":0.0,
      "f":0.0
    },
    "nmod:poss":{
      "p":0.8513513514,
      "r":0.8181818182,
      "f":0.8344370861
    },
    "cc":{
      "p":0.75,
      "r":0.7741935484,
      "f":0.7619047619
    },
    "nmod":{
      "p":0.8440366972,
      "r":0.7244094488,
      "f":0.7796610169
    },
    "nummod":{
      "p":0.9245283019,
      "r":0.9074074074,
      "f":0.9158878505
    },
    "advmod":{
      "p":0.8777777778,
      "r":0.8586956522,
      "f":0.8681318681
    },
    "fixed":{
      "p":0.8,
      "r":0.4444444444,
      "f":0.5714285714
    },
    "advmod:emph":{
      "p":0.5,
      "r":0.25,
      "f":0.3333333333
    },
    "acl":{
      "p":0.5882352941,
      "r":0.4166666667,
      "f":0.487804878
    },
    "dep":{
      "p":0.0,
      "r":0.0,
      "f":0.0
    },
    "dislocated":{
      "p":0.0833333333,
      "r":0.0555555556,
      "f":0.0666666667
    },
    "det":{
      "p":0.7368421053,
      "r":0.7,
      "f":0.7179487179
    },
    "parataxis":{
      "p":0.75,
      "r":0.6,
      "f":0.6666666667
    },
    "acl:relcl":{
      "p":1.0,
      "r":1.0,
      "f":1.0
    }
  },
  "tag_acc":0.8372586463,
  "pos_acc":0.9665390614,
  "morph_acc":0.8914180687,
  "morph_micro_p":0.9128092914,
  "morph_micro_r":0.8913543721,
  "morph_micro_f":0.901954262,
  "morph_per_feat":{
    "Case":{
      "p":0.8513824885,
      "r":0.8421652422,
      "f":0.8467487826
    },
    "Gender":{
      "p":0.9570453633,
      "r":0.9308863725,
      "f":0.9437846397
    },
    "Number":{
      "p":0.9498381877,
      "r":0.9262327416,
      "f":0.9378869583
    },
    "Mood":{
      "p":0.9254966887,
      "r":0.9016129032,
      "f":0.9133986928
    },
    "Person":{
      "p":0.9031296572,
      "r":0.8744588745,
      "f":0.8885630499
    },
    "Tense":{
      "p":0.8087912088,
      "r":0.8,
      "f":0.8043715847
    },
    "Ventive":{
      "p":0.7961783439,
      "r":0.7716049383,
      "f":0.7836990596
    },
    "VerbForm":{
      "p":0.9232209738,
      "r":0.8963636364,
      "f":0.9095940959
    },
    "VerbStem":{
      "p":0.8985959438,
      "r":0.8700906344,
      "f":0.884113584
    },
    "Focus":{
      "p":0.9277108434,
      "r":0.9221556886,
      "f":0.9249249249
    },
    "NounBase":{
      "p":0.8971722365,
      "r":0.8097447796,
      "f":0.8512195122
    },
    "VerbSuffGen":{
      "p":0.7682926829,
      "r":0.7682926829,
      "f":0.7682926829
    },
    "VerbSuffNum":{
      "p":0.7804878049,
      "r":0.7710843373,
      "f":0.7757575758
    },
    "VerbSuffPer":{
      "p":0.756097561,
      "r":0.7469879518,
      "f":0.7515151515
    },
    "SubSuff":{
      "p":0.8636363636,
      "r":0.8444444444,
      "f":0.8539325843
    },
    "PossSuffGen":{
      "p":0.9342857143,
      "r":0.9561403509,
      "f":0.9450867052
    },
    "PossSuffNum":{
      "p":0.9536784741,
      "r":0.9641873278,
      "f":0.9589041096
    },
    "PossSuffPer":{
      "p":0.9455040872,
      "r":0.955922865,
      "f":0.9506849315
    },
    "Dialect":{
      "p":0.5882352941,
      "r":0.5263157895,
      "f":0.5555555556
    },
    "Subordinative":{
      "p":0.8125,
      "r":0.5909090909,
      "f":0.6842105263
    },
    "PrepSuffGen":{
      "p":0.95,
      "r":0.95,
      "f":0.95
    },
    "PrepSuffNum":{
      "p":0.95,
      "r":0.95,
      "f":0.95
    },
    "PresSuffPer":{
      "p":0.7857142857,
      "r":0.9166666667,
      "f":0.8461538462
    },
    "PrepSuffPer":{
      "p":1.0,
      "r":0.75,
      "f":0.8571428571
    },
    "SubSuffix":{
      "p":1.0,
      "r":0.5,
      "f":0.6666666667
    },
    "PronType":{
      "p":0.0,
      "r":0.0,
      "f":0.0
    },
    "Voice":{
      "p":0.5833333333,
      "r":0.7777777778,
      "f":0.6666666667
    },
    "PossSufNum":{
      "p":1.0,
      "r":1.0,
      "f":1.0
    },
    "PossSufPer":{
      "p":1.0,
      "r":1.0,
      "f":1.0
    },
    "NounStem":{
      "p":0.5,
      "r":1.0,
      "f":0.6666666667
    },
    "Question":{
      "p":0.0,
      "r":0.0,
      "f":0.0
    },
    "PredSuffNum":{
      "p":0.3333333333,
      "r":1.0,
      "f":0.5
    },
    "PredSuffPer":{
      "p":0.3333333333,
      "r":1.0,
      "f":0.5
    }
  },
  "speed":2360.7811595981
}