{
  "token_acc":0.9949511226,
  "token_p":0.9878153057,
  "token_r":0.9736620312,
  "token_f":0.9806876061,
  "lemma_acc":0.96704703,
  "sents_p":0.8193158954,
  "sents_r":0.8416701116,
  "sents_f":0.8303425775,
  "dep_uas":0.829812082,
  "dep_las":0.3832678628,
  "dep_las_per_type":{
    "mark":{
      "p":0.5625,
      "r":0.4736842105,
      "f":0.5142857143
    },
    "nsubj":{
      "p":0.6801619433,
      "r":0.6774193548,
      "f":0.6787878788
    },
    "case":{
      "p":0.9466019417,
      "r":0.9397590361,
      "f":0.9431680774
    },
    "iobj":{
      "p":0.625,
      "r":0.5,
      "f":0.5555555556
    },
    "advcl":{
      "p":0.0909090909,
      "r":0.0769230769,
      "f":0.0833333333
    },
    "obj":{
      "p":0.6163522013,
      "r":0.5868263473,
      "f":0.6012269939
    },
    "root":{
      "p":0.0873469388,
      "r":0.8014981273,
      "f":0.1575266838
    },
    "_":{
      "p":0.0,
      "r":0.0,
      "f":0.0
    },
    "discourse":{
      "p":0.6440677966,
      "r":0.6229508197,
      "f":0.6333333333
    },
    "ccomp":{
      "p":0.4761904762,
      "r":0.3333333333,
      "f":0.3921568627
    },
    "xcomp":{
      "p":0.0,
      "r":0.0,
      "f":0.0
    },
    "vocative":{
      "p":0.75,
      "r":0.375,
      "f":0.5
    },
    "obl":{
      "p":0.6262626263,
      "r":0.62,
      "f":0.6231155779
    },
    "conj":{
      "p":0.5021834061,
      "r":0.5251141553,
      "f":0.5133928571
    },
    "advmod":{
      "p":0.8473282443,
      "r":0.874015748,
      "f":0.8604651163
    },
    "dep":{
      "p":0.0,
      "r":0.0,
      "f":0.0
    },
    "cop":{
      "p":0.0,
      "r":0.0,
      "f":0.0
    },
    "appos":{
      "p":0.935483871,
      "r":0.9015544041,
      "f":0.9182058047
    },
    "amod":{
      "p":0.7619047619,
      "r":0.6666666667,
      "f":0.7111111111
    },
    "nmod":{
      "p":0.7597765363,
      "r":0.6974358974,
      "f":0.7272727273
    },
    "nummod":{
      "p":0.8863636364,
      "r":0.9069767442,
      "f":0.8965517241
    },
    "det":{
      "p":0.6666666667,
      "r":0.3636363636,
      "f":0.4705882353
    },
    "cc":{
      "p":0.8235294118,
      "r":0.7777777778,
      "f":0.8
    },
    "dislocated":{
      "p":0.1428571429,
      "r":0.0588235294,
      "f":0.0833333333
    },
    "fixed":{
      "p":0.75,
      "r":0.375,
      "f":0.5
    },
    "acl":{
      "p":0.5333333333,
      "r":0.4571428571,
      "f":0.4923076923
    },
    "parataxis":{
      "p":1.0,
      "r":0.4,
      "f":0.5714285714
    },
    "nmod:poss":{
      "p":0.875,
      "r":0.8953488372,
      "f":0.8850574713
    },
    "advmod:emph":{
      "p":0.0,
      "r":0.0,
      "f":0.0
    },
    "acl:relcl":{
      "p":1.0,
      "r":1.0,
      "f":1.0
    }
  },
  "tag_acc":0.7760939168,
  "pos_acc":0.9610361807,
  "morph_acc":0.8403755869,
  "morph_micro_p":0.8899955237,
  "morph_micro_r":0.8544263,
  "morph_micro_f":0.8718482789,
  "morph_per_feat":{
    "Case":{
      "p":0.8356697819,
      "r":0.7895511405,
      "f":0.8119561105
    },
    "Gender":{
      "p":0.9335078534,
      "r":0.9064565328,
      "f":0.9197833376
    },
    "Number":{
      "p":0.9330168776,
      "r":0.9090441932,
      "f":0.9208745445
    },
    "Mood":{
      "p":0.9024943311,
      "r":0.8844444444,
      "f":0.8933782267
    },
    "Person":{
      "p":0.8629856851,
      "r":0.8406374502,
      "f":0.8516649849
    },
    "Tense":{
      "p":0.7863501484,
      "r":0.7934131737,
      "f":0.7898658718
    },
    "Ventive":{
      "p":0.6803278689,
      "r":0.7280701754,
      "f":0.7033898305
    },
    "VerbForm":{
      "p":0.8987341772,
      "r":0.8787128713,
      "f":0.8886107635
    },
    "VerbStem":{
      "p":0.867965368,
      "r":0.8251028807,
      "f":0.8459915612
    },
    "Focus":{
      "p":0.7849462366,
      "r":0.4478527607,
      "f":0.5703125
    },
    "NounBase":{
      "p":0.8293413174,
      "r":0.7213541667,
      "f":0.7715877437
    },
    "VerbSuffGen":{
      "p":0.8490566038,
      "r":0.75,
      "f":0.796460177
    },
    "VerbSuffNum":{
      "p":0.8490566038,
      "r":0.737704918,
      "f":0.7894736842
    },
    "VerbSuffPer":{
      "p":0.8490566038,
      "r":0.737704918,
      "f":0.7894736842
    },
    "SubSuff":{
      "p":0.8815789474,
      "r":0.8815789474,
      "f":0.8815789474
    },
    "PossSuffGen":{
      "p":0.9144981413,
      "r":0.9077490775,
      "f":0.9111111111
    },
    "PossSuffNum":{
      "p":0.9391891892,
      "r":0.9520547945,
      "f":0.9455782313
    },
    "PossSuffPer":{
      "p":0.9087837838,
      "r":0.9212328767,
      "f":0.9149659864
    },
    "Subordinative":{
      "p":0.675,
      "r":0.675,
      "f":0.675
    },
    "SubSuffix":{
      "p":0.0,
      "r":0.0,
      "f":0.0
    },
    "PronType":{
      "p":0.0,
      "r":0.0,
      "f":0.0
    },
    "Voice":{
      "p":0.5714285714,
      "r":0.4,
      "f":0.4705882353
    },
    "PrepSuffGen":{
      "p":1.0,
      "r":0.9,
      "f":0.9473684211
    },
    "PrepSuffNum":{
      "p":1.0,
      "r":1.0,
      "f":1.0
    },
    "PrepSuffPer":{
      "p":1.0,
      "r":0.8333333333,
      "f":0.9090909091
    },
    "PresSuffPer":{
      "p":0.8,
      "r":1.0,
      "f":0.8888888889
    },
    "PredSuffNum":{
      "p":0.0,
      "r":0.0,
      "f":0.0
    },
    "PredSuffPer":{
      "p":0.0,
      "r":0.0,
      "f":0.0
    }
  },
  "speed":7175.3244233081
}