{
  "token_acc":1.0,
  "token_p":1.0,
  "token_r":1.0,
  "token_f":1.0,
  "lemma_acc":0.9905882353,
  "sents_p":0.9556650246,
  "sents_r":0.9417475728,
  "sents_f":0.9486552567,
  "dep_uas":0.9223529412,
  "dep_las":0.4964705882,
  "dep_las_per_type":{
    "root":{
      "p":0.197044335,
      "r":0.9302325581,
      "f":0.325203252
    },
    "_":{
      "p":0.0,
      "r":0.0,
      "f":0.0
    },
    "case":{
      "p":1.0,
      "r":1.0,
      "f":1.0
    },
    "det":{
      "p":0.0,
      "r":0.0,
      "f":0.0
    },
    "nsubj":{
      "p":0.8529411765,
      "r":0.8787878788,
      "f":0.8656716418
    },
    "dep":{
      "p":0.0,
      "r":0.0,
      "f":0.0
    },
    "obl":{
      "p":0.7307692308,
      "r":0.7916666667,
      "f":0.76
    },
    "appos":{
      "p":1.0,
      "r":0.8888888889,
      "f":0.9411764706
    },
    "obj":{
      "p":0.8823529412,
      "r":0.9090909091,
      "f":0.8955223881
    },
    "vocative":{
      "p":0.0,
      "r":0.0,
      "f":0.0
    },
    "iobj":{
      "p":0.875,
      "r":0.5833333333,
      "f":0.7
    },
    "advmod":{
      "p":0.9166666667,
      "r":0.8461538462,
      "f":0.88
    },
    "nmod":{
      "p":0.6363636364,
      "r":0.7777777778,
      "f":0.7
    },
    "nmod:poss":{
      "p":0.9333333333,
      "r":0.9333333333,
      "f":0.9333333333
    },
    "parataxis":{
      "p":0.0,
      "r":0.0,
      "f":0.0
    },
    "conj":{
      "p":0.8823529412,
      "r":0.7142857143,
      "f":0.7894736842
    },
    "xcomp":{
      "p":0.0,
      "r":0.0,
      "f":0.0
    },
    "amod":{
      "p":0.0,
      "r":0.0,
      "f":0.0
    },
    "acl":{
      "p":0.0,
      "r":0.0,
      "f":0.0
    }
  },
  "tag_acc":0.9647058824,
  "pos_acc":0.9764705882,
  "morph_acc":0.8682352941,
  "morph_micro_p":0.9068585944,
  "morph_micro_r":0.9107142857,
  "morph_micro_f":0.9087823504,
  "morph_per_feat":{
    "Case":{
      "p":0.8516129032,
      "r":0.9166666667,
      "f":0.8829431438
    },
    "Gender":{
      "p":0.9411764706,
      "r":0.9411764706,
      "f":0.9411764706
    },
    "NounBase":{
      "p":0.8947368421,
      "r":0.8717948718,
      "f":0.8831168831
    },
    "Number":{
      "p":0.9453781513,
      "r":0.9533898305,
      "f":0.9493670886
    },
    "Mood":{
      "p":0.9367088608,
      "r":0.8915662651,
      "f":0.9135802469
    },
    "Person":{
      "p":0.9390243902,
      "r":0.8850574713,
      "f":0.9112426036
    },
    "Tense":{
      "p":0.8085106383,
      "r":0.8085106383,
      "f":0.8085106383
    },
    "VerbForm":{
      "p":0.9333333333,
      "r":0.9032258065,
      "f":0.9180327869
    },
    "VerbStem":{
      "p":0.9294117647,
      "r":0.8681318681,
      "f":0.8977272727
    },
    "SubSuff":{
      "p":0.5,
      "r":0.5,
      "f":0.5
    },
    "Ventive":{
      "p":0.8333333333,
      "r":0.6666666667,
      "f":0.7407407407
    },
    "PossSuffGen":{
      "p":0.8333333333,
      "r":0.9615384615,
      "f":0.8928571429
    },
    "PossSuffNum":{
      "p":0.8333333333,
      "r":0.9615384615,
      "f":0.8928571429
    },
    "PossSuffPer":{
      "p":0.8333333333,
      "r":0.9615384615,
      "f":0.8928571429
    },
    "VerbSuffGen":{
      "p":0.7,
      "r":0.7777777778,
      "f":0.7368421053
    },
    "Subordinative":{
      "p":0.75,
      "r":0.75,
      "f":0.75
    },
    "Voice":{
      "p":0.75,
      "r":1.0,
      "f":0.8571428571
    },
    "Focus":{
      "p":0.8888888889,
      "r":0.9411764706,
      "f":0.9142857143
    },
    "VerbSuffNum":{
      "p":0.875,
      "r":0.7777777778,
      "f":0.8235294118
    },
    "VerbSuffPer":{
      "p":0.875,
      "r":0.7777777778,
      "f":0.8235294118
    },
    "PrepSuffGen":{
      "p":1.0,
      "r":1.0,
      "f":1.0
    },
    "PrepSuffNum":{
      "p":1.0,
      "r":1.0,
      "f":1.0
    },
    "PrepSuffPer":{
      "p":1.0,
      "r":1.0,
      "f":1.0
    }
  },
  "speed":6036.3923158208
}