{
  "token_acc":0.9949205663,
  "token_p":0.9877419355,
  "token_r":0.9735057228,
  "token_f":0.9805721605,
  "lemma_acc":0.9668490505,
  "sents_p":0.8256472492,
  "sents_r":0.8454846727,
  "sents_f":0.8354482194,
  "dep_uas":0.8249492684,
  "dep_las":0.3755206665,
  "dep_las_per_type":{
    "case":{
      "p":0.9347826087,
      "r":0.9370460048,
      "f":0.9359129383
    },
    "root":{
      "p":0.0852459016,
      "r":0.7849056604,
      "f":0.1537892791
    },
    "appos":{
      "p":0.914893617,
      "r":0.8911917098,
      "f":0.9028871391
    },
    "nsubj":{
      "p":0.7013574661,
      "r":0.643153527,
      "f":0.670995671
    },
    "advmod":{
      "p":0.8888888889,
      "r":0.8818897638,
      "f":0.8853754941
    },
    "conj":{
      "p":0.5135135135,
      "r":0.5205479452,
      "f":0.5170068027
    },
    "nmod":{
      "p":0.7119565217,
      "r":0.6717948718,
      "f":0.691292876
    },
    "_":{
      "p":0.0,
      "r":0.0,
      "f":0.0
    },
    "amod":{
      "p":0.7173913043,
      "r":0.6875,
      "f":0.7021276596
    },
    "nummod":{
      "p":0.9512195122,
      "r":0.9069767442,
      "f":0.9285714286
    },
    "discourse":{
      "p":0.6129032258,
      "r":0.6333333333,
      "f":0.6229508197
    },
    "det":{
      "p":0.3333333333,
      "r":0.3636363636,
      "f":0.347826087
    },
    "obl":{
      "p":0.6157635468,
      "r":0.625,
      "f":0.6203473945
    },
    "acl":{
      "p":0.4444444444,
      "r":0.3428571429,
      "f":0.3870967742
    },
    "iobj":{
      "p":0.5405405405,
      "r":0.4166666667,
      "f":0.4705882353
    },
    "ccomp":{
      "p":0.5161290323,
      "r":0.5517241379,
      "f":0.5333333333
    },
    "obj":{
      "p":0.5677419355,
      "r":0.5365853659,
      "f":0.5517241379
    },
    "cc":{
      "p":0.8235294118,
      "r":0.7777777778,
      "f":0.8
    },
    "dislocated":{
      "p":0.1111111111,
      "r":0.0588235294,
      "f":0.0769230769
    },
    "fixed":{
      "p":0.6666666667,
      "r":0.25,
      "f":0.3636363636
    },
    "parataxis":{
      "p":0.6666666667,
      "r":0.4,
      "f":0.5
    },
    "mark":{
      "p":0.5833333333,
      "r":0.4117647059,
      "f":0.4827586207
    },
    "dep":{
      "p":0.0,
      "r":0.0,
      "f":0.0
    },
    "nmod:poss":{
      "p":0.8131868132,
      "r":0.8604651163,
      "f":0.8361581921
    },
    "advcl":{
      "p":0.0,
      "r":0.0,
      "f":0.0
    },
    "xcomp":{
      "p":0.0,
      "r":0.0,
      "f":0.0
    },
    "cop":{
      "p":1.0,
      "r":0.3333333333,
      "f":0.5
    },
    "advmod:emph":{
      "p":0.0,
      "r":0.0,
      "f":0.0
    },
    "vocative":{
      "p":0.5,
      "r":0.2857142857,
      "f":0.3636363636
    },
    "acl:relcl":{
      "p":1.0,
      "r":1.0,
      "f":1.0
    }
  },
  "tag_acc":0.7599312862,
  "pos_acc":0.9455093689,
  "morph_acc":0.8396307428,
  "morph_micro_p":0.8905858217,
  "morph_micro_r":0.8499021101,
  "morph_micro_f":0.8697684773,
  "morph_per_feat":{
    "Case":{
      "p":0.8347964884,
      "r":0.7788533135,
      "f":0.8058551618
    },
    "Gender":{
      "p":0.9372006386,
      "r":0.9058641975,
      "f":0.9212660214
    },
    "Number":{
      "p":0.934373319,
      "r":0.903276131,
      "f":0.9185616076
    },
    "PossSuffGen":{
      "p":0.9080882353,
      "r":0.9114391144,
      "f":0.9097605893
    },
    "PossSuffNum":{
      "p":0.9353741497,
      "r":0.9417808219,
      "f":0.9385665529
    },
    "PossSuffPer":{
      "p":0.9047619048,
      "r":0.9109589041,
      "f":0.9078498294
    },
    "NounBase":{
      "p":0.828313253,
      "r":0.719895288,
      "f":0.7703081232
    },
    "Mood":{
      "p":0.9027777778,
      "r":0.8803611738,
      "f":0.8914285714
    },
    "Person":{
      "p":0.8708333333,
      "r":0.8478701826,
      "f":0.8591983556
    },
    "VerbForm":{
      "p":0.8880208333,
      "r":0.8611111111,
      "f":0.8743589744
    },
    "VerbStem":{
      "p":0.8543046358,
      "r":0.809623431,
      "f":0.8313641246
    },
    "VerbSuffGen":{
      "p":0.862745098,
      "r":0.7586206897,
      "f":0.8073394495
    },
    "VerbSuffNum":{
      "p":0.862745098,
      "r":0.7457627119,
      "f":0.8
    },
    "VerbSuffPer":{
      "p":0.8823529412,
      "r":0.7627118644,
      "f":0.8181818182
    },
    "Tense":{
      "p":0.7907692308,
      "r":0.7859327217,
      "f":0.7883435583
    },
    "Ventive":{
      "p":0.6967213115,
      "r":0.7657657658,
      "f":0.7296137339
    },
    "SubSuff":{
      "p":0.8939393939,
      "r":0.7763157895,
      "f":0.8309859155
    },
    "Subordinative":{
      "p":0.6285714286,
      "r":0.55,
      "f":0.5866666667
    },
    "SubSuffix":{
      "p":0.0,
      "r":0.0,
      "f":0.0
    },
    "PronType":{
      "p":0.0,
      "r":0.0,
      "f":0.0
    },
    "Focus":{
      "p":0.8404255319,
      "r":0.4906832298,
      "f":0.6196078431
    },
    "Voice":{
      "p":0.5555555556,
      "r":0.5,
      "f":0.5263157895
    },
    "PrepSuffGen":{
      "p":0.9,
      "r":0.9,
      "f":0.9
    },
    "PrepSuffNum":{
      "p":0.9090909091,
      "r":1.0,
      "f":0.9523809524
    },
    "PrepSuffPer":{
      "p":1.0,
      "r":1.0,
      "f":1.0
    },
    "PresSuffPer":{
      "p":0.8,
      "r":1.0,
      "f":0.8888888889
    },
    "PredSuffNum":{
      "p":0.3333333333,
      "r":1.0,
      "f":0.5
    },
    "PredSuffPer":{
      "p":0.3333333333,
      "r":1.0,
      "f":0.5
    }
  },
  "speed":5215.1092369873
}