{
  "token_acc":0.9949511226,
  "token_p":0.9878153057,
  "token_r":0.9736620312,
  "token_f":0.9806876061,
  "lemma_acc":0.96704703,
  "sents_p":0.8169236853,
  "sents_r":0.8540719305,
  "sents_f":0.8350848828,
  "dep_uas":0.8264146937,
  "dep_las":0.3813568319,
  "dep_las_per_type":{
    "mark":{
      "p":0.5384615385,
      "r":0.3684210526,
      "f":0.4375
    },
    "nsubj":{
      "p":0.7260869565,
      "r":0.6733870968,
      "f":0.6987447699
    },
    "case":{
      "p":0.9390243902,
      "r":0.9277108434,
      "f":0.9333333333
    },
    "iobj":{
      "p":0.6756756757,
      "r":0.5,
      "f":0.5747126437
    },
    "advcl":{
      "p":0.125,
      "r":0.0769230769,
      "f":0.0952380952
    },
    "obj":{
      "p":0.5757575758,
      "r":0.5688622754,
      "f":0.5722891566
    },
    "root":{
      "p":0.0878459687,
      "r":0.8202247191,
      "f":0.1586956522
    },
    "_":{
      "p":0.0,
      "r":0.0,
      "f":0.0
    },
    "discourse":{
      "p":0.6071428571,
      "r":0.5573770492,
      "f":0.5811965812
    },
    "ccomp":{
      "p":0.5,
      "r":0.4333333333,
      "f":0.4642857143
    },
    "xcomp":{
      "p":0.0,
      "r":0.0,
      "f":0.0
    },
    "vocative":{
      "p":0.6666666667,
      "r":0.25,
      "f":0.3636363636
    },
    "obl":{
      "p":0.6256410256,
      "r":0.61,
      "f":0.617721519
    },
    "conj":{
      "p":0.5288888889,
      "r":0.5433789954,
      "f":0.536036036
    },
    "nmod":{
      "p":0.7398843931,
      "r":0.6564102564,
      "f":0.6956521739
    },
    "cop":{
      "p":0.0,
      "r":0.0,
      "f":0.0
    },
    "amod":{
      "p":0.7291666667,
      "r":0.7291666667,
      "f":0.7291666667
    },
    "appos":{
      "p":0.9621621622,
      "r":0.9222797927,
      "f":0.9417989418
    },
    "advmod":{
      "p":0.9016393443,
      "r":0.8661417323,
      "f":0.8835341365
    },
    "nummod":{
      "p":1.0,
      "r":0.8837209302,
      "f":0.9382716049
    },
    "det":{
      "p":0.6,
      "r":0.2727272727,
      "f":0.375
    },
    "dep":{
      "p":0.0,
      "r":0.0,
      "f":0.0
    },
    "cc":{
      "p":0.8333333333,
      "r":0.8333333333,
      "f":0.8333333333
    },
    "dislocated":{
      "p":0.125,
      "r":0.0588235294,
      "f":0.08
    },
    "acl":{
      "p":0.6,
      "r":0.4285714286,
      "f":0.5
    },
    "fixed":{
      "p":0.4,
      "r":0.25,
      "f":0.3076923077
    },
    "parataxis":{
      "p":0.75,
      "r":0.6,
      "f":0.6666666667
    },
    "nmod:poss":{
      "p":0.8279569892,
      "r":0.8953488372,
      "f":0.8603351955
    },
    "advmod:emph":{
      "p":0.3333333333,
      "r":0.5,
      "f":0.4
    },
    "acl:relcl":{
      "p":1.0,
      "r":1.0,
      "f":1.0
    }
  },
  "tag_acc":0.7617929562,
  "pos_acc":0.9454078356,
  "morph_acc":0.8386683739,
  "morph_micro_p":0.8912526876,
  "morph_micro_r":0.8461538462,
  "morph_micro_f":0.8681179388,
  "morph_per_feat":{
    "Case":{
      "p":0.834670947,
      "r":0.7652685798,
      "f":0.7984644914
    },
    "Gender":{
      "p":0.9381606765,
      "r":0.9023894255,
      "f":0.9199274423
    },
    "Number":{
      "p":0.9336543606,
      "r":0.8967112025,
      "f":0.9148099607
    },
    "Mood":{
      "p":0.8988505747,
      "r":0.8688888889,
      "f":0.8836158192
    },
    "Person":{
      "p":0.8724279835,
      "r":0.8446215139,
      "f":0.8582995951
    },
    "Tense":{
      "p":0.8145896657,
      "r":0.8023952096,
      "f":0.8084464555
    },
    "Ventive":{
      "p":0.7073170732,
      "r":0.7631578947,
      "f":0.7341772152
    },
    "VerbForm":{
      "p":0.905511811,
      "r":0.853960396,
      "f":0.8789808917
    },
    "VerbStem":{
      "p":0.8687089716,
      "r":0.816872428,
      "f":0.8419936373
    },
    "Focus":{
      "p":0.797979798,
      "r":0.4846625767,
      "f":0.6030534351
    },
    "NounBase":{
      "p":0.8047337278,
      "r":0.7083333333,
      "f":0.7534626039
    },
    "VerbSuffGen":{
      "p":0.8571428571,
      "r":0.8,
      "f":0.8275862069
    },
    "VerbSuffNum":{
      "p":0.875,
      "r":0.8032786885,
      "f":0.8376068376
    },
    "VerbSuffPer":{
      "p":0.8214285714,
      "r":0.7540983607,
      "f":0.7863247863
    },
    "PossSuffGen":{
      "p":0.9044117647,
      "r":0.9077490775,
      "f":0.9060773481
    },
    "PossSuffNum":{
      "p":0.9292929293,
      "r":0.9452054795,
      "f":0.9371816638
    },
    "PossSuffPer":{
      "p":0.9121621622,
      "r":0.9246575342,
      "f":0.9183673469
    },
    "SubSuff":{
      "p":0.8970588235,
      "r":0.8026315789,
      "f":0.8472222222
    },
    "Subordinative":{
      "p":0.6388888889,
      "r":0.575,
      "f":0.6052631579
    },
    "SubSuffix":{
      "p":1.0,
      "r":1.0,
      "f":1.0
    },
    "PronType":{
      "p":0.0,
      "r":0.0,
      "f":0.0
    },
    "Voice":{
      "p":0.625,
      "r":0.5,
      "f":0.5555555556
    },
    "PrepSuffGen":{
      "p":0.9,
      "r":0.9,
      "f":0.9
    },
    "PrepSuffNum":{
      "p":0.9090909091,
      "r":1.0,
      "f":0.9523809524
    },
    "PrepSuffPer":{
      "p":1.0,
      "r":0.8333333333,
      "f":0.9090909091
    },
    "PresSuffPer":{
      "p":0.6666666667,
      "r":1.0,
      "f":0.8
    },
    "PredSuffNum":{
      "p":0.0,
      "r":0.0,
      "f":0.0
    },
    "PredSuffPer":{
      "p":0.0,
      "r":0.0,
      "f":0.0
    }
  },
  "speed":7175.1630150667
}