{
  "token_acc":0.9963062935,
  "token_p":0.9912243454,
  "token_r":0.9810871393,
  "token_f":0.9861296909,
  "lemma_acc":0.9763267614,
  "sents_p":0.8676996424,
  "sents_r":0.8701888597,
  "sents_f":0.8689424684,
  "dep_uas":0.8644879561,
  "dep_las":0.3303282152,
  "dep_las_per_type":{
    "mark":{
      "p":0.8076923077,
      "r":0.5384615385,
      "f":0.6461538462
    },
    "nsubj":{
      "p":0.6826347305,
      "r":0.6826347305,
      "f":0.6826347305
    },
    "case":{
      "p":0.9382940109,
      "r":0.9451553931,
      "f":0.941712204
    },
    "iobj":{
      "p":0.5068493151,
      "r":0.5967741935,
      "f":0.5481481481
    },
    "advcl":{
      "p":0.2692307692,
      "r":0.2916666667,
      "f":0.28
    },
    "obj":{
      "p":0.602739726,
      "r":0.643902439,
      "f":0.6226415094
    },
    "root":{
      "p":0.0522280786,
      "r":0.795620438,
      "f":0.0980215827
    },
    "_":{
      "p":0.3333333333,
      "r":0.0002496879,
      "f":0.000499002
    },
    "discourse":{
      "p":0.6835443038,
      "r":0.6506024096,
      "f":0.6666666667
    },
    "ccomp":{
      "p":0.5576923077,
      "r":0.568627451,
      "f":0.5631067961
    },
    "xcomp":{
      "p":0.0,
      "r":0.0,
      "f":0.0
    },
    "vocative":{
      "p":0.5,
      "r":0.125,
      "f":0.2
    },
    "obl":{
      "p":0.6912442396,
      "r":0.6302521008,
      "f":0.6593406593
    },
    "conj":{
      "p":0.6,
      "r":0.6024590164,
      "f":0.6012269939
    },
    "dep":{
      "p":0.0,
      "r":0.0,
      "f":0.0
    },
    "cop":{
      "p":0.6666666667,
      "r":0.4444444444,
      "f":0.5333333333
    },
    "amod":{
      "p":0.7647058824,
      "r":0.7090909091,
      "f":0.7358490566
    },
    "orphan":{
      "p":0.0,
      "r":0.0,
      "f":0.0
    },
    "appos":{
      "p":0.9829059829,
      "r":0.9465020576,
      "f":0.964360587
    },
    "nmod:poss":{
      "p":0.8732394366,
      "r":0.8051948052,
      "f":0.8378378378
    },
    "cc":{
      "p":0.7878787879,
      "r":0.8387096774,
      "f":0.8125
    },
    "nmod":{
      "p":0.7907949791,
      "r":0.7440944882,
      "f":0.7667342799
    },
    "nummod":{
      "p":0.9056603774,
      "r":0.8888888889,
      "f":0.8971962617
    },
    "acl":{
      "p":0.6470588235,
      "r":0.4583333333,
      "f":0.5365853659
    },
    "advmod":{
      "p":0.835978836,
      "r":0.8586956522,
      "f":0.8471849866
    },
    "fixed":{
      "p":0.8,
      "r":0.4444444444,
      "f":0.5714285714
    },
    "advmod:emph":{
      "p":1.0,
      "r":0.5,
      "f":0.6666666667
    },
    "det":{
      "p":0.6666666667,
      "r":0.6,
      "f":0.6315789474
    },
    "dislocated":{
      "p":0.3333333333,
      "r":0.2222222222,
      "f":0.2666666667
    },
    "parataxis":{
      "p":0.6666666667,
      "r":0.4,
      "f":0.5
    },
    "acl:relcl":{
      "p":1.0,
      "r":1.0,
      "f":1.0
    }
  },
  "tag_acc":0.840936417,
  "pos_acc":0.9676733305,
  "morph_acc":0.8908525378,
  "morph_micro_p":0.9199055729,
  "morph_micro_r":0.8966962525,
  "morph_micro_f":0.9081526489,
  "morph_per_feat":{
    "Case":{
      "p":0.8601036269,
      "r":0.8512820513,
      "f":0.8556701031
    },
    "Gender":{
      "p":0.9566613162,
      "r":0.9308863725,
      "f":0.9435978627
    },
    "Number":{
      "p":0.9498584715,
      "r":0.9266272189,
      "f":0.9380990415
    },
    "Mood":{
      "p":0.9332220367,
      "r":0.9016129032,
      "f":0.917145201
    },
    "Person":{
      "p":0.9067669173,
      "r":0.8701298701,
      "f":0.8880706922
    },
    "Tense":{
      "p":0.8348017621,
      "r":0.8239130435,
      "f":0.829321663
    },
    "Ventive":{
      "p":0.8333333333,
      "r":0.8024691358,
      "f":0.8176100629
    },
    "VerbForm":{
      "p":0.9380863039,
      "r":0.9090909091,
      "f":0.9233610342
    },
    "VerbStem":{
      "p":0.9210110585,
      "r":0.8806646526,
      "f":0.9003861004
    },
    "Focus":{
      "p":0.9268292683,
      "r":0.9101796407,
      "f":0.918429003
    },
    "NounBase":{
      "p":0.8753180662,
      "r":0.7981438515,
      "f":0.8349514563
    },
    "VerbSuffGen":{
      "p":0.8481012658,
      "r":0.8170731707,
      "f":0.8322981366
    },
    "VerbSuffNum":{
      "p":0.8481012658,
      "r":0.8072289157,
      "f":0.8271604938
    },
    "VerbSuffPer":{
      "p":0.8227848101,
      "r":0.7831325301,
      "f":0.8024691358
    },
    "PossSuffGen":{
      "p":0.940509915,
      "r":0.9707602339,
      "f":0.9553956835
    },
    "PossSuffNum":{
      "p":0.9594594595,
      "r":0.9779614325,
      "f":0.968622101
    },
    "PossSuffPer":{
      "p":0.9540540541,
      "r":0.9724517906,
      "f":0.963165075
    },
    "Dialect":{
      "p":0.5263157895,
      "r":0.5263157895,
      "f":0.5263157895
    },
    "Subordinative":{
      "p":0.7884615385,
      "r":0.6212121212,
      "f":0.6949152542
    },
    "PrepSuffGen":{
      "p":1.0,
      "r":0.95,
      "f":0.9743589744
    },
    "PrepSuffNum":{
      "p":1.0,
      "r":0.95,
      "f":0.9743589744
    },
    "PresSuffPer":{
      "p":0.9166666667,
      "r":0.9166666667,
      "f":0.9166666667
    },
    "SubSuff":{
      "p":0.9268292683,
      "r":0.8444444444,
      "f":0.8837209302
    },
    "PrepSuffPer":{
      "p":1.0,
      "r":0.875,
      "f":0.9333333333
    },
    "SubSuffix":{
      "p":1.0,
      "r":0.5,
      "f":0.6666666667
    },
    "PronType":{
      "p":0.0,
      "r":0.0,
      "f":0.0
    },
    "NounState":{
      "p":0.0,
      "r":0.0,
      "f":0.0
    },
    "Voice":{
      "p":0.5454545455,
      "r":0.6666666667,
      "f":0.6
    },
    "PossSufNum":{
      "p":1.0,
      "r":1.0,
      "f":1.0
    },
    "PossSufPer":{
      "p":1.0,
      "r":1.0,
      "f":1.0
    },
    "Question":{
      "p":0.0,
      "r":0.0,
      "f":0.0
    },
    "NounStem":{
      "p":1.0,
      "r":1.0,
      "f":1.0
    },
    "PredSuffNum":{
      "p":0.3333333333,
      "r":1.0,
      "f":0.5
    },
    "PredSuffPer":{
      "p":0.3333333333,
      "r":1.0,
      "f":0.5
    }
  },
  "speed":2033.3540338183
}