{
  "token_acc":0.9963062935,
  "token_p":0.9912243454,
  "token_r":0.9810871393,
  "token_f":0.9861296909,
  "lemma_acc":0.9763267614,
  "sents_p":0.8719211823,
  "sents_r":0.8885967009,
  "sents_f":0.8801799668,
  "dep_uas":0.8753345542,
  "dep_las":0.3345541626,
  "dep_las_per_type":{
    "mark":{
      "p":0.84,
      "r":0.5384615385,
      "f":0.65625
    },
    "nsubj":{
      "p":0.7515923567,
      "r":0.7065868263,
      "f":0.7283950617
    },
    "case":{
      "p":0.9468864469,
      "r":0.9451553931,
      "f":0.9460201281
    },
    "iobj":{
      "p":0.5873015873,
      "r":0.5967741935,
      "f":0.592
    },
    "advcl":{
      "p":0.3636363636,
      "r":0.3333333333,
      "f":0.347826087
    },
    "obj":{
      "p":0.6720430108,
      "r":0.6097560976,
      "f":0.6393861893
    },
    "root":{
      "p":0.0517119244,
      "r":0.799270073,
      "f":0.0971390552
    },
    "_":{
      "p":0.0,
      "r":0.0,
      "f":0.0
    },
    "discourse":{
      "p":0.7037037037,
      "r":0.686746988,
      "f":0.6951219512
    },
    "ccomp":{
      "p":0.575,
      "r":0.4509803922,
      "f":0.5054945055
    },
    "xcomp":{
      "p":0.0,
      "r":0.0,
      "f":0.0
    },
    "vocative":{
      "p":0.75,
      "r":0.375,
      "f":0.5
    },
    "obl":{
      "p":0.6679841897,
      "r":0.7100840336,
      "f":0.6883910387
    },
    "conj":{
      "p":0.6127819549,
      "r":0.6680327869,
      "f":0.6392156863
    },
    "nmod":{
      "p":0.8311111111,
      "r":0.7362204724,
      "f":0.7807933194
    },
    "cop":{
      "p":0.2,
      "r":0.1111111111,
      "f":0.1428571429
    },
    "appos":{
      "p":0.970212766,
      "r":0.9382716049,
      "f":0.9539748954
    },
    "orphan":{
      "p":0.0,
      "r":0.0,
      "f":0.0
    },
    "nmod:poss":{
      "p":0.835443038,
      "r":0.8571428571,
      "f":0.8461538462
    },
    "cc":{
      "p":0.8387096774,
      "r":0.8387096774,
      "f":0.8387096774
    },
    "nummod":{
      "p":0.9038461538,
      "r":0.8703703704,
      "f":0.8867924528
    },
    "det":{
      "p":0.55,
      "r":0.55,
      "f":0.55
    },
    "advmod":{
      "p":0.796875,
      "r":0.8315217391,
      "f":0.8138297872
    },
    "fixed":{
      "p":0.75,
      "r":0.3333333333,
      "f":0.4615384615
    },
    "advmod:emph":{
      "p":1.0,
      "r":0.5,
      "f":0.6666666667
    },
    "amod":{
      "p":0.9534883721,
      "r":0.7454545455,
      "f":0.8367346939
    },
    "dislocated":{
      "p":0.2857142857,
      "r":0.1111111111,
      "f":0.16
    },
    "acl":{
      "p":0.7428571429,
      "r":0.5416666667,
      "f":0.6265060241
    },
    "parataxis":{
      "p":0.75,
      "r":0.6,
      "f":0.6666666667
    },
    "dep":{
      "p":0.0,
      "r":0.0,
      "f":0.0
    },
    "acl:relcl":{
      "p":1.0,
      "r":1.0,
      "f":1.0
    }
  },
  "tag_acc":0.8410778697,
  "pos_acc":0.9675315469,
  "morph_acc":0.8939629577,
  "morph_micro_p":0.9138739946,
  "morph_micro_r":0.8964497041,
  "morph_micro_f":0.9050779954,
  "morph_per_feat":{
    "Case":{
      "p":0.8670520231,
      "r":0.8547008547,
      "f":0.8608321377
    },
    "Gender":{
      "p":0.9550922213,
      "r":0.9301054276,
      "f":0.9424332344
    },
    "Number":{
      "p":0.9483037157,
      "r":0.9262327416,
      "f":0.9371382957
    },
    "Mood":{
      "p":0.9259868421,
      "r":0.9080645161,
      "f":0.9169381107
    },
    "Person":{
      "p":0.8977777778,
      "r":0.8744588745,
      "f":0.8859649123
    },
    "Tense":{
      "p":0.8201754386,
      "r":0.8130434783,
      "f":0.8165938865
    },
    "Ventive":{
      "p":0.7939393939,
      "r":0.8086419753,
      "f":0.8012232416
    },
    "VerbForm":{
      "p":0.9293680297,
      "r":0.9090909091,
      "f":0.9191176471
    },
    "VerbStem":{
      "p":0.9097978227,
      "r":0.8836858006,
      "f":0.8965517241
    },
    "Focus":{
      "p":0.896969697,
      "r":0.8862275449,
      "f":0.8915662651
    },
    "NounBase":{
      "p":0.8746867168,
      "r":0.8097447796,
      "f":0.8409638554
    },
    "VerbSuffGen":{
      "p":0.8048780488,
      "r":0.8048780488,
      "f":0.8048780488
    },
    "VerbSuffNum":{
      "p":0.8048780488,
      "r":0.7951807229,
      "f":0.8
    },
    "VerbSuffPer":{
      "p":0.7804878049,
      "r":0.7710843373,
      "f":0.7757575758
    },
    "SubSuff":{
      "p":0.8444444444,
      "r":0.8444444444,
      "f":0.8444444444
    },
    "PossSuffGen":{
      "p":0.9295774648,
      "r":0.9649122807,
      "f":0.9469153515
    },
    "PossSuffNum":{
      "p":0.9465240642,
      "r":0.9752066116,
      "f":0.960651289
    },
    "PossSuffPer":{
      "p":0.9383378016,
      "r":0.9641873278,
      "f":0.9510869565
    },
    "Dialect":{
      "p":0.5,
      "r":0.5789473684,
      "f":0.5365853659
    },
    "Subordinative":{
      "p":0.7450980392,
      "r":0.5757575758,
      "f":0.6495726496
    },
    "PrepSuffGen":{
      "p":1.0,
      "r":0.95,
      "f":0.9743589744
    },
    "PrepSuffNum":{
      "p":1.0,
      "r":0.95,
      "f":0.9743589744
    },
    "PresSuffPer":{
      "p":0.8461538462,
      "r":0.9166666667,
      "f":0.88
    },
    "PrepSuffPer":{
      "p":1.0,
      "r":0.875,
      "f":0.9333333333
    },
    "SubSuffix":{
      "p":1.0,
      "r":0.5,
      "f":0.6666666667
    },
    "PronType":{
      "p":0.0,
      "r":0.0,
      "f":0.0
    },
    "Voice":{
      "p":0.5384615385,
      "r":0.7777777778,
      "f":0.6363636364
    },
    "SufSuff":{
      "p":0.0,
      "r":0.0,
      "f":0.0
    },
    "PossSufNum":{
      "p":1.0,
      "r":1.0,
      "f":1.0
    },
    "PossSufPer":{
      "p":1.0,
      "r":1.0,
      "f":1.0
    },
    "Question":{
      "p":0.0,
      "r":0.0,
      "f":0.0
    },
    "NounStem":{
      "p":1.0,
      "r":1.0,
      "f":1.0
    },
    "PredSuffNum":{
      "p":0.0,
      "r":0.0,
      "f":0.0
    },
    "PredSuffPer":{
      "p":0.0,
      "r":0.0,
      "f":0.0
    }
  },
  "speed":2973.7990524167
}