{
  "token_acc":0.9949511226,
  "token_p":0.9878153057,
  "token_r":0.9736620312,
  "token_f":0.9806876061,
  "lemma_acc":0.96704703,
  "sents_p":0.8216896832,
  "sents_r":0.8362959901,
  "sents_f":0.8289284983,
  "dep_uas":0.8291750717,
  "dep_las":0.3809321584,
  "dep_las_per_type":{
    "mark":{
      "p":0.6923076923,
      "r":0.4736842105,
      "f":0.5625
    },
    "nsubj":{
      "p":0.6794871795,
      "r":0.6411290323,
      "f":0.6597510373
    },
    "case":{
      "p":0.9370460048,
      "r":0.9325301205,
      "f":0.9347826087
    },
    "iobj":{
      "p":0.5777777778,
      "r":0.52,
      "f":0.5473684211
    },
    "advcl":{
      "p":0.2,
      "r":0.1538461538,
      "f":0.1739130435
    },
    "obj":{
      "p":0.5730994152,
      "r":0.5868263473,
      "f":0.5798816568
    },
    "root":{
      "p":0.0847387906,
      "r":0.7715355805,
      "f":0.1527057079
    },
    "_":{
      "p":0.0,
      "r":0.0,
      "f":0.0
    },
    "discourse":{
      "p":0.5692307692,
      "r":0.606557377,
      "f":0.5873015873
    },
    "ccomp":{
      "p":0.4375,
      "r":0.4666666667,
      "f":0.4516129032
    },
    "xcomp":{
      "p":0.0,
      "r":0.0,
      "f":0.0
    },
    "vocative":{
      "p":0.8,
      "r":0.5,
      "f":0.6153846154
    },
    "nmod":{
      "p":0.7556818182,
      "r":0.6820512821,
      "f":0.7169811321
    },
    "obl":{
      "p":0.6557377049,
      "r":0.6,
      "f":0.6266318538
    },
    "conj":{
      "p":0.5265486726,
      "r":0.5433789954,
      "f":0.5348314607
    },
    "nmod:poss":{
      "p":0.8279569892,
      "r":0.8953488372,
      "f":0.8603351955
    },
    "cop":{
      "p":0.0,
      "r":0.0,
      "f":0.0
    },
    "appos":{
      "p":0.9319371728,
      "r":0.9222797927,
      "f":0.9270833333
    },
    "amod":{
      "p":0.6956521739,
      "r":0.6666666667,
      "f":0.6808510638
    },
    "advmod":{
      "p":0.8661417323,
      "r":0.8661417323,
      "f":0.8661417323
    },
    "nummod":{
      "p":0.9302325581,
      "r":0.9302325581,
      "f":0.9302325581
    },
    "det":{
      "p":0.4444444444,
      "r":0.3636363636,
      "f":0.4
    },
    "cc":{
      "p":0.7777777778,
      "r":0.7777777778,
      "f":0.7777777778
    },
    "dislocated":{
      "p":0.1666666667,
      "r":0.1176470588,
      "f":0.1379310345
    },
    "fixed":{
      "p":0.6,
      "r":0.375,
      "f":0.4615384615
    },
    "acl":{
      "p":0.64,
      "r":0.4571428571,
      "f":0.5333333333
    },
    "parataxis":{
      "p":0.4285714286,
      "r":0.6,
      "f":0.5
    },
    "dep":{
      "p":0.0,
      "r":0.0,
      "f":0.0
    },
    "acl:relcl":{
      "p":0.5,
      "r":1.0,
      "f":0.6666666667
    },
    "advmod:emph":{
      "p":0.0,
      "r":0.0,
      "f":0.0
    }
  },
  "tag_acc":0.7785721908,
  "pos_acc":0.9610361807,
  "morph_acc":0.8371745625,
  "morph_micro_p":0.8933453847,
  "morph_micro_r":0.8494843146,
  "morph_micro_f":0.870862933,
  "morph_per_feat":{
    "Case":{
      "p":0.8244094488,
      "r":0.770419426,
      "f":0.7965005706
    },
    "Gender":{
      "p":0.9390115668,
      "r":0.907981698,
      "f":0.9232359783
    },
    "Number":{
      "p":0.9329430548,
      "r":0.9008221994,
      "f":0.9166013072
    },
    "Mood":{
      "p":0.925058548,
      "r":0.8777777778,
      "f":0.9007981756
    },
    "Person":{
      "p":0.8961864407,
      "r":0.8426294821,
      "f":0.8685831622
    },
    "Tense":{
      "p":0.8073394495,
      "r":0.7904191617,
      "f":0.7987897126
    },
    "Ventive":{
      "p":0.7304347826,
      "r":0.7368421053,
      "f":0.7336244541
    },
    "VerbForm":{
      "p":0.921875,
      "r":0.8762376238,
      "f":0.8984771574
    },
    "VerbStem":{
      "p":0.8694690265,
      "r":0.8086419753,
      "f":0.8379530917
    },
    "Focus":{
      "p":0.81,
      "r":0.4969325153,
      "f":0.6159695817
    },
    "NounBase":{
      "p":0.8205128205,
      "r":0.75,
      "f":0.7836734694
    },
    "VerbSuffGen":{
      "p":0.8076923077,
      "r":0.7,
      "f":0.75
    },
    "VerbSuffNum":{
      "p":0.7884615385,
      "r":0.6721311475,
      "f":0.7256637168
    },
    "VerbSuffPer":{
      "p":0.8076923077,
      "r":0.6885245902,
      "f":0.7433628319
    },
    "Subordinative":{
      "p":0.6944444444,
      "r":0.625,
      "f":0.6578947368
    },
    "PossSuffGen":{
      "p":0.9018181818,
      "r":0.9151291513,
      "f":0.9084249084
    },
    "PossSuffNum":{
      "p":0.9324324324,
      "r":0.9452054795,
      "f":0.9387755102
    },
    "PossSuffPer":{
      "p":0.9121621622,
      "r":0.9246575342,
      "f":0.9183673469
    },
    "SubSuff":{
      "p":0.8857142857,
      "r":0.8157894737,
      "f":0.8493150685
    },
    "SubSuffix":{
      "p":0.0,
      "r":0.0,
      "f":0.0
    },
    "PronType":{
      "p":0.0,
      "r":0.0,
      "f":0.0
    },
    "Voice":{
      "p":0.7142857143,
      "r":0.5,
      "f":0.5882352941
    },
    "PrepSuffGen":{
      "p":0.9,
      "r":0.9,
      "f":0.9
    },
    "PrepSuffNum":{
      "p":0.9090909091,
      "r":1.0,
      "f":0.9523809524
    },
    "PrepSuffPer":{
      "p":0.8333333333,
      "r":0.8333333333,
      "f":0.8333333333
    },
    "PresSuffPer":{
      "p":0.8,
      "r":1.0,
      "f":0.8888888889
    },
    "PredSuffNum":{
      "p":0.0,
      "r":0.0,
      "f":0.0
    },
    "PredSuffPer":{
      "p":0.0,
      "r":0.0,
      "f":0.0
    }
  },
  "speed":7053.8271534216
}