{
  "token_acc":0.9963062935,
  "token_p":0.9912243454,
  "token_r":0.9810871393,
  "token_f":0.9861296909,
  "lemma_acc":0.9763267614,
  "sents_p":0.8673373889,
  "sents_r":0.8862060722,
  "sents_f":0.876670214,
  "dep_uas":0.8747710945,
  "dep_las":0.3345541626,
  "dep_las_per_type":{
    "mark":{
      "p":0.71875,
      "r":0.5897435897,
      "f":0.6478873239
    },
    "nsubj":{
      "p":0.751572327,
      "r":0.7155688623,
      "f":0.7331288344
    },
    "case":{
      "p":0.9469835466,
      "r":0.9469835466,
      "f":0.9469835466
    },
    "iobj":{
      "p":0.625,
      "r":0.6451612903,
      "f":0.6349206349
    },
    "advcl":{
      "p":0.12,
      "r":0.125,
      "f":0.1224489796
    },
    "obj":{
      "p":0.6129032258,
      "r":0.6487804878,
      "f":0.6303317536
    },
    "root":{
      "p":0.053634439,
      "r":0.8321167883,
      "f":0.1007734807
    },
    "_":{
      "p":0.0,
      "r":0.0,
      "f":0.0
    },
    "discourse":{
      "p":0.7123287671,
      "r":0.6265060241,
      "f":0.6666666667
    },
    "ccomp":{
      "p":0.5294117647,
      "r":0.3529411765,
      "f":0.4235294118
    },
    "xcomp":{
      "p":0.0,
      "r":0.0,
      "f":0.0
    },
    "vocative":{
      "p":0.75,
      "r":0.375,
      "f":0.5
    },
    "conj":{
      "p":0.6666666667,
      "r":0.5655737705,
      "f":0.6119733925
    },
    "obl":{
      "p":0.7142857143,
      "r":0.6722689076,
      "f":0.6926406926
    },
    "dep":{
      "p":0.0,
      "r":0.0,
      "f":0.0
    },
    "dislocated":{
      "p":0.25,
      "r":0.1666666667,
      "f":0.2
    },
    "cop":{
      "p":0.6,
      "r":0.3333333333,
      "f":0.4285714286
    },
    "appos":{
      "p":0.9787234043,
      "r":0.9465020576,
      "f":0.9623430962
    },
    "orphan":{
      "p":0.0,
      "r":0.0,
      "f":0.0
    },
    "nmod:poss":{
      "p":0.8611111111,
      "r":0.8051948052,
      "f":0.8322147651
    },
    "cc":{
      "p":0.8064516129,
      "r":0.8064516129,
      "f":0.8064516129
    },
    "nmod":{
      "p":0.7936507937,
      "r":0.7874015748,
      "f":0.790513834
    },
    "nummod":{
      "p":0.9230769231,
      "r":0.8888888889,
      "f":0.9056603774
    },
    "advmod":{
      "p":0.8833333333,
      "r":0.8641304348,
      "f":0.8736263736
    },
    "fixed":{
      "p":0.5714285714,
      "r":0.4444444444,
      "f":0.5
    },
    "advmod:emph":{
      "p":1.0,
      "r":0.5,
      "f":0.6666666667
    },
    "amod":{
      "p":0.8571428571,
      "r":0.7636363636,
      "f":0.8076923077
    },
    "acl":{
      "p":0.5789473684,
      "r":0.4583333333,
      "f":0.511627907
    },
    "det":{
      "p":0.8888888889,
      "r":0.8,
      "f":0.8421052632
    },
    "parataxis":{
      "p":0.75,
      "r":0.6,
      "f":0.6666666667
    },
    "acl:relcl":{
      "p":1.0,
      "r":1.0,
      "f":1.0
    }
  },
  "tag_acc":0.8385317208,
  "pos_acc":0.9672479796,
  "morph_acc":0.8935388096,
  "morph_micro_p":0.9178036045,
  "morph_micro_r":0.8956278764,
  "morph_micro_f":0.9065801514,
  "morph_per_feat":{
    "Case":{
      "p":0.8721064815,
      "r":0.8586894587,
      "f":0.8653459661
    },
    "Gender":{
      "p":0.9581993569,
      "r":0.9308863725,
      "f":0.9443454149
    },
    "Number":{
      "p":0.9486661277,
      "r":0.9258382643,
      "f":0.9371131962
    },
    "Mood":{
      "p":0.9321192053,
      "r":0.9080645161,
      "f":0.9199346405
    },
    "Person":{
      "p":0.9175412294,
      "r":0.8831168831,
      "f":0.9
    },
    "Tense":{
      "p":0.7861771058,
      "r":0.7913043478,
      "f":0.7887323944
    },
    "Ventive":{
      "p":0.8366013072,
      "r":0.7901234568,
      "f":0.8126984127
    },
    "VerbForm":{
      "p":0.9294990724,
      "r":0.9109090909,
      "f":0.9201101928
    },
    "VerbStem":{
      "p":0.9137931034,
      "r":0.8806646526,
      "f":0.8969230769
    },
    "Focus":{
      "p":0.8944099379,
      "r":0.8622754491,
      "f":0.8780487805
    },
    "NounBase":{
      "p":0.8920308483,
      "r":0.8051044084,
      "f":0.8463414634
    },
    "VerbSuffGen":{
      "p":0.7901234568,
      "r":0.7804878049,
      "f":0.7852760736
    },
    "VerbSuffNum":{
      "p":0.7777777778,
      "r":0.7590361446,
      "f":0.7682926829
    },
    "VerbSuffPer":{
      "p":0.7777777778,
      "r":0.7590361446,
      "f":0.7682926829
    },
    "PossSuffGen":{
      "p":0.9348441926,
      "r":0.9649122807,
      "f":0.9496402878
    },
    "PossSuffNum":{
      "p":0.9565217391,
      "r":0.9696969697,
      "f":0.9630642955
    },
    "PossSuffPer":{
      "p":0.9483695652,
      "r":0.9614325069,
      "f":0.9548563611
    },
    "Dialect":{
      "p":0.5625,
      "r":0.4736842105,
      "f":0.5142857143
    },
    "Subordinative":{
      "p":0.75,
      "r":0.5909090909,
      "f":0.6610169492
    },
    "PrepSuffGen":{
      "p":1.0,
      "r":0.95,
      "f":0.9743589744
    },
    "PrepSuffNum":{
      "p":1.0,
      "r":0.95,
      "f":0.9743589744
    },
    "PresSuffPer":{
      "p":0.8461538462,
      "r":0.9166666667,
      "f":0.88
    },
    "SubSuff":{
      "p":0.8876404494,
      "r":0.8777777778,
      "f":0.8826815642
    },
    "PrepSuffPer":{
      "p":1.0,
      "r":0.875,
      "f":0.9333333333
    },
    "SubSuffix":{
      "p":1.0,
      "r":0.5,
      "f":0.6666666667
    },
    "PronType":{
      "p":1.0,
      "r":0.3333333333,
      "f":0.5
    },
    "Voice":{
      "p":0.5833333333,
      "r":0.7777777778,
      "f":0.6666666667
    },
    "PossSufNum":{
      "p":1.0,
      "r":1.0,
      "f":1.0
    },
    "PossSufPer":{
      "p":1.0,
      "r":1.0,
      "f":1.0
    },
    "Question":{
      "p":0.0,
      "r":0.0,
      "f":0.0
    },
    "NounStem":{
      "p":1.0,
      "r":1.0,
      "f":1.0
    },
    "PredSuffNum":{
      "p":0.3333333333,
      "r":1.0,
      "f":0.5
    },
    "PredSuffPer":{
      "p":0.3333333333,
      "r":1.0,
      "f":0.5
    }
  },
  "speed":2380.714427442
}