{
  "token_acc":0.9949511226,
  "token_p":0.9878153057,
  "token_r":0.9736620312,
  "token_f":0.9806876061,
  "lemma_acc":0.96704703,
  "sents_p":0.8272764394,
  "sents_r":0.837536172,
  "sents_f":0.8323746919,
  "dep_uas":0.8255653466,
  "dep_las":0.3813568319,
  "dep_las_per_type":{
    "mark":{
      "p":0.6153846154,
      "r":0.4210526316,
      "f":0.5
    },
    "nsubj":{
      "p":0.641221374,
      "r":0.6774193548,
      "f":0.6588235294
    },
    "case":{
      "p":0.9391727494,
      "r":0.9301204819,
      "f":0.9346246973
    },
    "iobj":{
      "p":0.6666666667,
      "r":0.6,
      "f":0.6315789474
    },
    "advcl":{
      "p":0.2,
      "r":0.1538461538,
      "f":0.1739130435
    },
    "obj":{
      "p":0.5911949686,
      "r":0.5628742515,
      "f":0.5766871166
    },
    "root":{
      "p":0.0852649007,
      "r":0.7715355805,
      "f":0.1535594484
    },
    "_":{
      "p":0.0,
      "r":0.0,
      "f":0.0
    },
    "discourse":{
      "p":0.6129032258,
      "r":0.6229508197,
      "f":0.6178861789
    },
    "ccomp":{
      "p":0.3636363636,
      "r":0.4,
      "f":0.380952381
    },
    "xcomp":{
      "p":0.0,
      "r":0.0,
      "f":0.0
    },
    "vocative":{
      "p":0.8,
      "r":0.5,
      "f":0.6153846154
    },
    "obl":{
      "p":0.6393442623,
      "r":0.585,
      "f":0.6109660574
    },
    "dep":{
      "p":0.0,
      "r":0.0,
      "f":0.0
    },
    "conj":{
      "p":0.5244444444,
      "r":0.5388127854,
      "f":0.5315315315
    },
    "cop":{
      "p":0.0,
      "r":0.0,
      "f":0.0
    },
    "appos":{
      "p":0.9187817259,
      "r":0.9378238342,
      "f":0.9282051282
    },
    "advmod":{
      "p":0.873015873,
      "r":0.8661417323,
      "f":0.8695652174
    },
    "nmod":{
      "p":0.7962962963,
      "r":0.6615384615,
      "f":0.7226890756
    },
    "dislocated":{
      "p":0.2,
      "r":0.1764705882,
      "f":0.1875
    },
    "amod":{
      "p":0.7234042553,
      "r":0.7083333333,
      "f":0.7157894737
    },
    "nummod":{
      "p":0.9285714286,
      "r":0.9069767442,
      "f":0.9176470588
    },
    "det":{
      "p":0.7142857143,
      "r":0.4545454545,
      "f":0.5555555556
    },
    "cc":{
      "p":0.8235294118,
      "r":0.7777777778,
      "f":0.8
    },
    "acl":{
      "p":0.4827586207,
      "r":0.4,
      "f":0.4375
    },
    "fixed":{
      "p":0.375,
      "r":0.375,
      "f":0.375
    },
    "parataxis":{
      "p":0.6,
      "r":0.6,
      "f":0.6
    },
    "nmod:poss":{
      "p":0.8191489362,
      "r":0.8953488372,
      "f":0.8555555556
    },
    "acl:relcl":{
      "p":0.5,
      "r":1.0,
      "f":0.6666666667
    },
    "advmod:emph":{
      "p":0.0,
      "r":0.0,
      "f":0.0
    }
  },
  "tag_acc":0.7622198506,
  "pos_acc":0.9451937487,
  "morph_acc":0.8388817755,
  "morph_micro_p":0.8899144529,
  "morph_micro_r":0.8493768801,
  "morph_micro_f":0.869173263,
  "morph_per_feat":{
    "Case":{
      "p":0.8330708661,
      "r":0.778513613,
      "f":0.8048687714
    },
    "Gender":{
      "p":0.9430379747,
      "r":0.9089984748,
      "f":0.9257054103
    },
    "Number":{
      "p":0.9319148936,
      "r":0.9003083248,
      "f":0.9158389963
    },
    "Mood":{
      "p":0.9061784897,
      "r":0.88,
      "f":0.892897407
    },
    "Person":{
      "p":0.8739669421,
      "r":0.8426294821,
      "f":0.8580121704
    },
    "Tense":{
      "p":0.7880597015,
      "r":0.7904191617,
      "f":0.7892376682
    },
    "Ventive":{
      "p":0.7522123894,
      "r":0.7456140351,
      "f":0.7488986784
    },
    "VerbForm":{
      "p":0.8974358974,
      "r":0.8663366337,
      "f":0.8816120907
    },
    "VerbStem":{
      "p":0.8602620087,
      "r":0.8106995885,
      "f":0.8347457627
    },
    "Focus":{
      "p":0.8383838384,
      "r":0.509202454,
      "f":0.6335877863
    },
    "NounBase":{
      "p":0.8358208955,
      "r":0.7291666667,
      "f":0.7788595271
    },
    "VerbSuffGen":{
      "p":0.8367346939,
      "r":0.6833333333,
      "f":0.752293578
    },
    "VerbSuffNum":{
      "p":0.8163265306,
      "r":0.6557377049,
      "f":0.7272727273
    },
    "VerbSuffPer":{
      "p":0.8571428571,
      "r":0.6885245902,
      "f":0.7636363636
    },
    "Subordinative":{
      "p":0.5581395349,
      "r":0.6,
      "f":0.578313253
    },
    "SubSuff":{
      "p":0.8076923077,
      "r":0.8289473684,
      "f":0.8181818182
    },
    "PossSuffGen":{
      "p":0.9003690037,
      "r":0.9003690037,
      "f":0.9003690037
    },
    "PossSuffNum":{
      "p":0.9261744966,
      "r":0.9452054795,
      "f":0.9355932203
    },
    "PossSuffPer":{
      "p":0.8959731544,
      "r":0.9143835616,
      "f":0.9050847458
    },
    "SubSuffix":{
      "p":0.0,
      "r":0.0,
      "f":0.0
    },
    "PronType":{
      "p":1.0,
      "r":0.3333333333,
      "f":0.5
    },
    "Voice":{
      "p":0.5555555556,
      "r":0.5,
      "f":0.5263157895
    },
    "PrepSuffGen":{
      "p":0.8181818182,
      "r":0.9,
      "f":0.8571428571
    },
    "PrepSuffNum":{
      "p":0.8333333333,
      "r":1.0,
      "f":0.9090909091
    },
    "PrepSuffPer":{
      "p":1.0,
      "r":0.8333333333,
      "f":0.9090909091
    },
    "PresSuffPer":{
      "p":0.5,
      "r":1.0,
      "f":0.6666666667
    },
    "PredSuffNum":{
      "p":0.3333333333,
      "r":1.0,
      "f":0.5
    },
    "PredSuffPer":{
      "p":0.3333333333,
      "r":1.0,
      "f":0.5
    }
  },
  "speed":7282.3652992483
}