{
  "token_acc":0.9963062935,
  "token_p":0.9912243454,
  "token_r":0.9810871393,
  "token_f":0.9861296909,
  "lemma_acc":0.9763267614,
  "sents_p":0.8724816307,
  "sents_r":0.8799904375,
  "sents_f":0.8762199476,
  "dep_uas":0.8682913086,
  "dep_las":0.3311734047,
  "dep_las_per_type":{
    "mark":{
      "p":0.6571428571,
      "r":0.5897435897,
      "f":0.6216216216
    },
    "nsubj":{
      "p":0.7331288344,
      "r":0.7155688623,
      "f":0.7242424242
    },
    "case":{
      "p":0.9465930018,
      "r":0.9396709324,
      "f":0.9431192661
    },
    "iobj":{
      "p":0.6031746032,
      "r":0.6129032258,
      "f":0.608
    },
    "advcl":{
      "p":0.1739130435,
      "r":0.1666666667,
      "f":0.170212766
    },
    "obj":{
      "p":0.6225490196,
      "r":0.6195121951,
      "f":0.6210268949
    },
    "root":{
      "p":0.0517159199,
      "r":0.7919708029,
      "f":0.0970917226
    },
    "_":{
      "p":0.0,
      "r":0.0,
      "f":0.0
    },
    "discourse":{
      "p":0.7088607595,
      "r":0.6746987952,
      "f":0.6913580247
    },
    "ccomp":{
      "p":0.488372093,
      "r":0.4117647059,
      "f":0.4468085106
    },
    "xcomp":{
      "p":0.0,
      "r":0.0,
      "f":0.0
    },
    "vocative":{
      "p":0.75,
      "r":0.375,
      "f":0.5
    },
    "obl":{
      "p":0.7203791469,
      "r":0.6386554622,
      "f":0.6770601336
    },
    "conj":{
      "p":0.6196581197,
      "r":0.5942622951,
      "f":0.6066945607
    },
    "dep":{
      "p":0.0188679245,
      "r":0.2,
      "f":0.0344827586
    },
    "nmod":{
      "p":0.7845528455,
      "r":0.7598425197,
      "f":0.772
    },
    "cop":{
      "p":0.7142857143,
      "r":0.5555555556,
      "f":0.625
    },
    "appos":{
      "p":0.9620253165,
      "r":0.9382716049,
      "f":0.95
    },
    "amod":{
      "p":0.847826087,
      "r":0.7090909091,
      "f":0.7722772277
    },
    "orphan":{
      "p":0.0,
      "r":0.0,
      "f":0.0
    },
    "nmod:poss":{
      "p":0.9841269841,
      "r":0.8051948052,
      "f":0.8857142857
    },
    "cc":{
      "p":0.75,
      "r":0.7741935484,
      "f":0.7619047619
    },
    "nummod":{
      "p":0.9423076923,
      "r":0.9074074074,
      "f":0.9245283019
    },
    "advmod":{
      "p":0.8102564103,
      "r":0.8586956522,
      "f":0.8337730871
    },
    "fixed":{
      "p":0.625,
      "r":0.5555555556,
      "f":0.5882352941
    },
    "advmod:emph":{
      "p":1.0,
      "r":0.75,
      "f":0.8571428571
    },
    "acl":{
      "p":0.641025641,
      "r":0.5208333333,
      "f":0.5747126437
    },
    "dislocated":{
      "p":0.2222222222,
      "r":0.2222222222,
      "f":0.2222222222
    },
    "det":{
      "p":0.6315789474,
      "r":0.6,
      "f":0.6153846154
    },
    "parataxis":{
      "p":1.0,
      "r":0.6,
      "f":0.75
    },
    "acl:relcl":{
      "p":1.0,
      "r":1.0,
      "f":1.0
    }
  },
  "tag_acc":0.8403706061,
  "pos_acc":0.9668226287,
  "morph_acc":0.8925491305,
  "morph_micro_p":0.9160439929,
  "morph_micro_r":0.8966962525,
  "morph_micro_f":0.9062668715,
  "morph_per_feat":{
    "Case":{
      "p":0.8665893271,
      "r":0.8512820513,
      "f":0.8588674907
    },
    "Gender":{
      "p":0.9582831929,
      "r":0.9328387349,
      "f":0.9453897903
    },
    "Number":{
      "p":0.9494949495,
      "r":0.9270216963,
      "f":0.9381237525
    },
    "Mood":{
      "p":0.9357495881,
      "r":0.9161290323,
      "f":0.9258353708
    },
    "Person":{
      "p":0.9093610698,
      "r":0.8831168831,
      "f":0.8960468521
    },
    "Tense":{
      "p":0.8047722343,
      "r":0.8065217391,
      "f":0.8056460369
    },
    "Ventive":{
      "p":0.7975460123,
      "r":0.8024691358,
      "f":0.8
    },
    "VerbForm":{
      "p":0.9353049908,
      "r":0.92,
      "f":0.9275893676
    },
    "VerbStem":{
      "p":0.9188767551,
      "r":0.8897280967,
      "f":0.9040675365
    },
    "Focus":{
      "p":0.9090909091,
      "r":0.8383233533,
      "f":0.8722741433
    },
    "NounBase":{
      "p":0.8778625954,
      "r":0.8004640371,
      "f":0.8373786408
    },
    "VerbSuffGen":{
      "p":0.7763157895,
      "r":0.7195121951,
      "f":0.746835443
    },
    "VerbSuffNum":{
      "p":0.7894736842,
      "r":0.7228915663,
      "f":0.7547169811
    },
    "VerbSuffPer":{
      "p":0.7894736842,
      "r":0.7228915663,
      "f":0.7547169811
    },
    "PossSuffGen":{
      "p":0.9148351648,
      "r":0.9736842105,
      "f":0.9433427762
    },
    "PossSuffNum":{
      "p":0.9394736842,
      "r":0.9834710744,
      "f":0.9609690444
    },
    "PossSuffPer":{
      "p":0.9210526316,
      "r":0.9641873278,
      "f":0.9421265141
    },
    "SubSuff":{
      "p":0.9069767442,
      "r":0.8666666667,
      "f":0.8863636364
    },
    "Dialect":{
      "p":0.5555555556,
      "r":0.5263157895,
      "f":0.5405405405
    },
    "Subordinative":{
      "p":0.8039215686,
      "r":0.6212121212,
      "f":0.7008547009
    },
    "PrepSuffGen":{
      "p":1.0,
      "r":0.95,
      "f":0.9743589744
    },
    "PrepSuffNum":{
      "p":1.0,
      "r":0.95,
      "f":0.9743589744
    },
    "PresSuffPer":{
      "p":0.9166666667,
      "r":0.9166666667,
      "f":0.9166666667
    },
    "Voice":{
      "p":0.5454545455,
      "r":0.6666666667,
      "f":0.6
    },
    "PrepSuffPer":{
      "p":1.0,
      "r":0.875,
      "f":0.9333333333
    },
    "SubSuffix":{
      "p":1.0,
      "r":0.5,
      "f":0.6666666667
    },
    "PronType":{
      "p":1.0,
      "r":0.3333333333,
      "f":0.5
    },
    "PossSufNum":{
      "p":1.0,
      "r":1.0,
      "f":1.0
    },
    "PossSufPer":{
      "p":1.0,
      "r":1.0,
      "f":1.0
    },
    "Question":{
      "p":0.0,
      "r":0.0,
      "f":0.0
    },
    "NounStem":{
      "p":1.0,
      "r":1.0,
      "f":1.0
    },
    "PredSuffNum":{
      "p":0.3333333333,
      "r":1.0,
      "f":0.5
    },
    "PredSuffPer":{
      "p":0.3333333333,
      "r":1.0,
      "f":0.5
    }
  },
  "speed":3597.2566908124
}