{
  "token_acc":0.9963062935,
  "token_p":0.9912243454,
  "token_r":0.9810871393,
  "token_f":0.9861296909,
  "lemma_acc":0.9763267614,
  "sents_p":0.8659283695,
  "sents_r":0.8785560602,
  "sents_f":0.8721965112,
  "dep_uas":0.8709677419,
  "dep_las":0.3320185942,
  "dep_las_per_type":{
    "mark":{
      "p":0.7333333333,
      "r":0.5641025641,
      "f":0.6376811594
    },
    "nsubj":{
      "p":0.6814159292,
      "r":0.6916167665,
      "f":0.6864784547
    },
    "case":{
      "p":0.9483394834,
      "r":0.9396709324,
      "f":0.9439853076
    },
    "iobj":{
      "p":0.625,
      "r":0.564516129,
      "f":0.593220339
    },
    "advcl":{
      "p":0.2142857143,
      "r":0.125,
      "f":0.1578947368
    },
    "obj":{
      "p":0.6666666667,
      "r":0.643902439,
      "f":0.6550868486
    },
    "root":{
      "p":0.0523696682,
      "r":0.8065693431,
      "f":0.09835336
    },
    "_":{
      "p":0.0,
      "r":0.0,
      "f":0.0
    },
    "discourse":{
      "p":0.6538461538,
      "r":0.6144578313,
      "f":0.6335403727
    },
    "ccomp":{
      "p":0.487804878,
      "r":0.3921568627,
      "f":0.4347826087
    },
    "xcomp":{
      "p":0.0,
      "r":0.0,
      "f":0.0
    },
    "vocative":{
      "p":0.75,
      "r":0.375,
      "f":0.5
    },
    "conj":{
      "p":0.6446280992,
      "r":0.6393442623,
      "f":0.6419753086
    },
    "obl":{
      "p":0.7205240175,
      "r":0.6932773109,
      "f":0.7066381156
    },
    "nmod":{
      "p":0.7729083665,
      "r":0.7637795276,
      "f":0.7683168317
    },
    "cop":{
      "p":0.25,
      "r":0.2222222222,
      "f":0.2352941176
    },
    "appos":{
      "p":0.9785407725,
      "r":0.9382716049,
      "f":0.9579831933
    },
    "orphan":{
      "p":0.0,
      "r":0.0,
      "f":0.0
    },
    "nmod:poss":{
      "p":0.9117647059,
      "r":0.8051948052,
      "f":0.8551724138
    },
    "cc":{
      "p":0.8,
      "r":0.7741935484,
      "f":0.7868852459
    },
    "nummod":{
      "p":0.8421052632,
      "r":0.8888888889,
      "f":0.8648648649
    },
    "dep":{
      "p":0.0303030303,
      "r":0.2,
      "f":0.0526315789
    },
    "advmod":{
      "p":0.8516483516,
      "r":0.8423913043,
      "f":0.8469945355
    },
    "fixed":{
      "p":0.5714285714,
      "r":0.4444444444,
      "f":0.5
    },
    "advmod:emph":{
      "p":1.0,
      "r":0.5,
      "f":0.6666666667
    },
    "amod":{
      "p":0.84,
      "r":0.7636363636,
      "f":0.8
    },
    "acl":{
      "p":0.6666666667,
      "r":0.5,
      "f":0.5714285714
    },
    "det":{
      "p":0.6875,
      "r":0.55,
      "f":0.6111111111
    },
    "dislocated":{
      "p":0.25,
      "r":0.1666666667,
      "f":0.2
    },
    "parataxis":{
      "p":0.75,
      "r":0.6,
      "f":0.6666666667
    },
    "acl:relcl":{
      "p":1.0,
      "r":1.0,
      "f":1.0
    }
  },
  "tag_acc":0.8395218898,
  "pos_acc":0.9661137105,
  "morph_acc":0.8921249823,
  "morph_micro_p":0.9132631579,
  "morph_micro_r":0.8912721893,
  "morph_micro_f":0.9021336772,
  "morph_per_feat":{
    "Case":{
      "p":0.8534630796,
      "r":0.8495726496,
      "f":0.8515134209
    },
    "Gender":{
      "p":0.9601930036,
      "r":0.9324482624,
      "f":0.9461172742
    },
    "Number":{
      "p":0.9462409054,
      "r":0.9234714004,
      "f":0.9347175085
    },
    "Mood":{
      "p":0.925,
      "r":0.8951612903,
      "f":0.9098360656
    },
    "Person":{
      "p":0.9112781955,
      "r":0.8744588745,
      "f":0.8924889543
    },
    "Tense":{
      "p":0.828125,
      "r":0.8065217391,
      "f":0.8171806167
    },
    "Ventive":{
      "p":0.7961783439,
      "r":0.7716049383,
      "f":0.7836990596
    },
    "VerbForm":{
      "p":0.9246704331,
      "r":0.8927272727,
      "f":0.9084181314
    },
    "VerbStem":{
      "p":0.9090909091,
      "r":0.8761329305,
      "f":0.8923076923
    },
    "Focus":{
      "p":0.8816568047,
      "r":0.8922155689,
      "f":0.8869047619
    },
    "NounBase":{
      "p":0.8865979381,
      "r":0.7981438515,
      "f":0.84004884
    },
    "VerbSuffGen":{
      "p":0.75,
      "r":0.7317073171,
      "f":0.7407407407
    },
    "VerbSuffNum":{
      "p":0.7721518987,
      "r":0.734939759,
      "f":0.7530864198
    },
    "VerbSuffPer":{
      "p":0.746835443,
      "r":0.7108433735,
      "f":0.7283950617
    },
    "PossSuffGen":{
      "p":0.9295774648,
      "r":0.9649122807,
      "f":0.9469153515
    },
    "PossSuffNum":{
      "p":0.9436997319,
      "r":0.9696969697,
      "f":0.9565217391
    },
    "PossSuffPer":{
      "p":0.9462365591,
      "r":0.9696969697,
      "f":0.9578231293
    },
    "Dialect":{
      "p":0.5882352941,
      "r":0.5263157895,
      "f":0.5555555556
    },
    "Subordinative":{
      "p":0.7636363636,
      "r":0.6363636364,
      "f":0.694214876
    },
    "PrepSuffGen":{
      "p":0.95,
      "r":0.95,
      "f":0.95
    },
    "PrepSuffNum":{
      "p":0.95,
      "r":0.95,
      "f":0.95
    },
    "PresSuffPer":{
      "p":0.7857142857,
      "r":0.9166666667,
      "f":0.8461538462
    },
    "SubSuff":{
      "p":0.8571428571,
      "r":0.8,
      "f":0.8275862069
    },
    "Voice":{
      "p":0.5,
      "r":0.6666666667,
      "f":0.5714285714
    },
    "PrepSuffPer":{
      "p":1.0,
      "r":0.875,
      "f":0.9333333333
    },
    "SubSuffix":{
      "p":1.0,
      "r":0.5,
      "f":0.6666666667
    },
    "PronType":{
      "p":0.0,
      "r":0.0,
      "f":0.0
    },
    "PossSufNum":{
      "p":1.0,
      "r":1.0,
      "f":1.0
    },
    "PossSufPer":{
      "p":1.0,
      "r":1.0,
      "f":1.0
    },
    "Question":{
      "p":0.0,
      "r":0.0,
      "f":0.0
    },
    "NounStem":{
      "p":1.0,
      "r":1.0,
      "f":1.0
    },
    "PredSuffNum":{
      "p":0.0,
      "r":0.0,
      "f":0.0
    },
    "PredSuffPer":{
      "p":0.0,
      "r":0.0,
      "f":0.0
    }
  },
  "speed":3659.1822621128
}