{
  "token_acc":0.9949511226,
  "token_p":0.9878153057,
  "token_r":0.9736620312,
  "token_f":0.9806876061,
  "lemma_acc":0.96704703,
  "sents_p":0.8285132383,
  "sents_r":0.8408433237,
  "sents_f":0.8346327452,
  "dep_uas":0.8272640408,
  "dep_las":0.3783841172,
  "dep_las_per_type":{
    "mark":{
      "p":0.6153846154,
      "r":0.4210526316,
      "f":0.5
    },
    "nsubj":{
      "p":0.6844262295,
      "r":0.6733870968,
      "f":0.6788617886
    },
    "case":{
      "p":0.9221698113,
      "r":0.9421686747,
      "f":0.9320619785
    },
    "iobj":{
      "p":0.6896551724,
      "r":0.4,
      "f":0.5063291139
    },
    "advcl":{
      "p":0.1111111111,
      "r":0.0769230769,
      "f":0.0909090909
    },
    "obj":{
      "p":0.5408805031,
      "r":0.5149700599,
      "f":0.527607362
    },
    "root":{
      "p":0.0882474227,
      "r":0.8014981273,
      "f":0.1589895988
    },
    "_":{
      "p":0.0,
      "r":0.0,
      "f":0.0
    },
    "discourse":{
      "p":0.6393442623,
      "r":0.6393442623,
      "f":0.6393442623
    },
    "ccomp":{
      "p":0.5789473684,
      "r":0.3666666667,
      "f":0.4489795918
    },
    "xcomp":{
      "p":0.0,
      "r":0.0,
      "f":0.0
    },
    "vocative":{
      "p":0.5,
      "r":0.125,
      "f":0.2
    },
    "obl":{
      "p":0.5810810811,
      "r":0.645,
      "f":0.6113744076
    },
    "conj":{
      "p":0.4721030043,
      "r":0.502283105,
      "f":0.4867256637
    },
    "dep":{
      "p":0.0,
      "r":0.0,
      "f":0.0
    },
    "nmod":{
      "p":0.7724550898,
      "r":0.6615384615,
      "f":0.7127071823
    },
    "cop":{
      "p":0.0,
      "r":0.0,
      "f":0.0
    },
    "appos":{
      "p":0.9197860963,
      "r":0.8911917098,
      "f":0.9052631579
    },
    "amod":{
      "p":0.7058823529,
      "r":0.75,
      "f":0.7272727273
    },
    "advmod":{
      "p":0.856,
      "r":0.842519685,
      "f":0.8492063492
    },
    "nummod":{
      "p":0.95,
      "r":0.8837209302,
      "f":0.9156626506
    },
    "det":{
      "p":0.6363636364,
      "r":0.6363636364,
      "f":0.6363636364
    },
    "cc":{
      "p":0.7894736842,
      "r":0.8333333333,
      "f":0.8108108108
    },
    "dislocated":{
      "p":0.1428571429,
      "r":0.0588235294,
      "f":0.0833333333
    },
    "acl":{
      "p":0.5,
      "r":0.3428571429,
      "f":0.406779661
    },
    "fixed":{
      "p":0.6666666667,
      "r":0.25,
      "f":0.3636363636
    },
    "parataxis":{
      "p":1.0,
      "r":0.4,
      "f":0.5714285714
    },
    "nmod:poss":{
      "p":0.8453608247,
      "r":0.9534883721,
      "f":0.8961748634
    },
    "advmod:emph":{
      "p":0.5,
      "r":0.5,
      "f":0.5
    },
    "acl:relcl":{
      "p":1.0,
      "r":1.0,
      "f":1.0
    }
  },
  "tag_acc":0.7614982392,
  "pos_acc":0.9449796617,
  "morph_acc":0.8378147674,
  "morph_micro_p":0.8908296943,
  "morph_micro_r":0.8547486034,
  "morph_micro_f":0.8724162509,
  "morph_per_feat":{
    "Case":{
      "p":0.8345042935,
      "r":0.7866077999,
      "f":0.8098484848
    },
    "Gender":{
      "p":0.9331930563,
      "r":0.9018810371,
      "f":0.9172699069
    },
    "Number":{
      "p":0.9361702128,
      "r":0.9044193217,
      "f":0.9200209096
    },
    "Mood":{
      "p":0.9244851259,
      "r":0.8977777778,
      "f":0.9109357384
    },
    "Person":{
      "p":0.8886597938,
      "r":0.8585657371,
      "f":0.8733535968
    },
    "Tense":{
      "p":0.7844311377,
      "r":0.7844311377,
      "f":0.7844311377
    },
    "Ventive":{
      "p":0.7168141593,
      "r":0.7105263158,
      "f":0.7136563877
    },
    "VerbForm":{
      "p":0.9076923077,
      "r":0.8762376238,
      "f":0.8916876574
    },
    "VerbStem":{
      "p":0.8568329718,
      "r":0.8127572016,
      "f":0.8342133052
    },
    "Focus":{
      "p":0.8316831683,
      "r":0.5153374233,
      "f":0.6363636364
    },
    "NounBase":{
      "p":0.8372781065,
      "r":0.7369791667,
      "f":0.783933518
    },
    "VerbSuffGen":{
      "p":0.7719298246,
      "r":0.7333333333,
      "f":0.7521367521
    },
    "VerbSuffNum":{
      "p":0.7894736842,
      "r":0.737704918,
      "f":0.7627118644
    },
    "VerbSuffPer":{
      "p":0.7894736842,
      "r":0.737704918,
      "f":0.7627118644
    },
    "SubSuff":{
      "p":0.8421052632,
      "r":0.8421052632,
      "f":0.8421052632
    },
    "Subordinative":{
      "p":0.6666666667,
      "r":0.65,
      "f":0.6582278481
    },
    "PossSuffGen":{
      "p":0.8960573477,
      "r":0.9225092251,
      "f":0.9090909091
    },
    "PossSuffNum":{
      "p":0.9210526316,
      "r":0.9589041096,
      "f":0.9395973154
    },
    "PossSuffPer":{
      "p":0.897689769,
      "r":0.9315068493,
      "f":0.9142857143
    },
    "SubSuffix":{
      "p":0.0,
      "r":0.0,
      "f":0.0
    },
    "PronType":{
      "p":0.0,
      "r":0.0,
      "f":0.0
    },
    "Voice":{
      "p":0.5555555556,
      "r":0.5,
      "f":0.5263157895
    },
    "PrepSuffGen":{
      "p":1.0,
      "r":0.9,
      "f":0.9473684211
    },
    "PrepSuffNum":{
      "p":1.0,
      "r":1.0,
      "f":1.0
    },
    "PrepSuffPer":{
      "p":1.0,
      "r":0.8333333333,
      "f":0.9090909091
    },
    "PresSuffPer":{
      "p":0.8,
      "r":1.0,
      "f":0.8888888889
    },
    "PredSuffNum":{
      "p":0.0,
      "r":0.0,
      "f":0.0
    },
    "PredSuffPer":{
      "p":0.0,
      "r":0.0,
      "f":0.0
    }
  },
  "speed":6148.0294511249
}