{
  "token_acc":0.9963062935,
  "token_p":0.9912243454,
  "token_r":0.9810871393,
  "token_f":0.9861296909,
  "lemma_acc":0.9763267614,
  "sents_p":0.8681551116,
  "sents_r":0.8830982548,
  "sents_f":0.8755629296,
  "dep_uas":0.8729398507,
  "dep_las":0.3300464854,
  "dep_las_per_type":{
    "mark":{
      "p":0.7857142857,
      "r":0.5641025641,
      "f":0.6567164179
    },
    "nsubj":{
      "p":0.7220543807,
      "r":0.7155688623,
      "f":0.7187969925
    },
    "case":{
      "p":0.9464944649,
      "r":0.9378427788,
      "f":0.9421487603
    },
    "iobj":{
      "p":0.6538461538,
      "r":0.5483870968,
      "f":0.5964912281
    },
    "advcl":{
      "p":0.2105263158,
      "r":0.1666666667,
      "f":0.1860465116
    },
    "obj":{
      "p":0.6275510204,
      "r":0.6,
      "f":0.6134663342
    },
    "root":{
      "p":0.0521841795,
      "r":0.8065693431,
      "f":0.0980261699
    },
    "_":{
      "p":0.0,
      "r":0.0,
      "f":0.0
    },
    "discourse":{
      "p":0.7066666667,
      "r":0.6385542169,
      "f":0.6708860759
    },
    "ccomp":{
      "p":0.6060606061,
      "r":0.3921568627,
      "f":0.4761904762
    },
    "xcomp":{
      "p":0.0,
      "r":0.0,
      "f":0.0
    },
    "vocative":{
      "p":0.6666666667,
      "r":0.25,
      "f":0.3636363636
    },
    "conj":{
      "p":0.6153846154,
      "r":0.6229508197,
      "f":0.6191446029
    },
    "nmod:poss":{
      "p":0.835443038,
      "r":0.8571428571,
      "f":0.8461538462
    },
    "obl":{
      "p":0.7235023041,
      "r":0.6596638655,
      "f":0.6901098901
    },
    "nmod":{
      "p":0.76,
      "r":0.7480314961,
      "f":0.753968254
    },
    "cop":{
      "p":0.4285714286,
      "r":0.3333333333,
      "f":0.375
    },
    "appos":{
      "p":0.9613733906,
      "r":0.9218106996,
      "f":0.9411764706
    },
    "amod":{
      "p":0.7692307692,
      "r":0.7272727273,
      "f":0.7476635514
    },
    "orphan":{
      "p":0.0,
      "r":0.0,
      "f":0.0
    },
    "cc":{
      "p":0.7272727273,
      "r":0.7741935484,
      "f":0.75
    },
    "nummod":{
      "p":0.94,
      "r":0.8703703704,
      "f":0.9038461538
    },
    "dep":{
      "p":0.02,
      "r":0.2,
      "f":0.0363636364
    },
    "advmod":{
      "p":0.8777777778,
      "r":0.8586956522,
      "f":0.8681318681
    },
    "fixed":{
      "p":0.75,
      "r":0.3333333333,
      "f":0.4615384615
    },
    "advmod:emph":{
      "p":1.0,
      "r":0.5,
      "f":0.6666666667
    },
    "acl":{
      "p":0.6923076923,
      "r":0.5625,
      "f":0.6206896552
    },
    "det":{
      "p":0.619047619,
      "r":0.65,
      "f":0.6341463415
    },
    "dislocated":{
      "p":0.5,
      "r":0.1111111111,
      "f":0.1818181818
    },
    "parataxis":{
      "p":0.5,
      "r":0.4,
      "f":0.4444444444
    },
    "acl:relcl":{
      "p":1.0,
      "r":1.0,
      "f":1.0
    }
  },
  "tag_acc":0.8392389844,
  "pos_acc":0.9661137105,
  "morph_acc":0.8894387106,
  "morph_micro_p":0.915165797,
  "morph_micro_r":0.8936554898,
  "morph_micro_f":0.9042827443,
  "morph_per_feat":{
    "Case":{
      "p":0.8555045872,
      "r":0.8501424501,
      "f":0.85281509
    },
    "Gender":{
      "p":0.9554753309,
      "r":0.9301054276,
      "f":0.9426197072
    },
    "Number":{
      "p":0.9474747475,
      "r":0.9250493097,
      "f":0.9361277445
    },
    "Mood":{
      "p":0.9515050167,
      "r":0.9177419355,
      "f":0.934318555
    },
    "Person":{
      "p":0.9215686275,
      "r":0.8816738817,
      "f":0.901179941
    },
    "Tense":{
      "p":0.7934065934,
      "r":0.7847826087,
      "f":0.7890710383
    },
    "Ventive":{
      "p":0.7784431138,
      "r":0.8024691358,
      "f":0.7902735562
    },
    "VerbForm":{
      "p":0.9454887218,
      "r":0.9145454545,
      "f":0.9297597043
    },
    "VerbStem":{
      "p":0.9115323855,
      "r":0.8716012085,
      "f":0.8911196911
    },
    "Focus":{
      "p":0.8902439024,
      "r":0.874251497,
      "f":0.8821752266
    },
    "NounBase":{
      "p":0.8675,
      "r":0.8051044084,
      "f":0.8351383875
    },
    "VerbSuffGen":{
      "p":0.7948717949,
      "r":0.756097561,
      "f":0.775
    },
    "VerbSuffNum":{
      "p":0.8205128205,
      "r":0.7710843373,
      "f":0.7950310559
    },
    "VerbSuffPer":{
      "p":0.8076923077,
      "r":0.7590361446,
      "f":0.7826086957
    },
    "SubSuff":{
      "p":0.8387096774,
      "r":0.8666666667,
      "f":0.8524590164
    },
    "PossSuffGen":{
      "p":0.9371428571,
      "r":0.9590643275,
      "f":0.9479768786
    },
    "PossSuffNum":{
      "p":0.9485094851,
      "r":0.9641873278,
      "f":0.956284153
    },
    "PossSuffPer":{
      "p":0.9512195122,
      "r":0.9669421488,
      "f":0.9590163934
    },
    "Dialect":{
      "p":0.6153846154,
      "r":0.4210526316,
      "f":0.5
    },
    "Subordinative":{
      "p":0.7450980392,
      "r":0.5757575758,
      "f":0.6495726496
    },
    "PrepSuffGen":{
      "p":1.0,
      "r":0.95,
      "f":0.9743589744
    },
    "PrepSuffNum":{
      "p":1.0,
      "r":0.95,
      "f":0.9743589744
    },
    "PresSuffPer":{
      "p":0.9166666667,
      "r":0.9166666667,
      "f":0.9166666667
    },
    "PrepSuffPer":{
      "p":1.0,
      "r":0.875,
      "f":0.9333333333
    },
    "SubSuffix":{
      "p":1.0,
      "r":0.5,
      "f":0.6666666667
    },
    "PronType":{
      "p":0.0,
      "r":0.0,
      "f":0.0
    },
    "Voice":{
      "p":0.5833333333,
      "r":0.7777777778,
      "f":0.6666666667
    },
    "PossSufNum":{
      "p":1.0,
      "r":1.0,
      "f":1.0
    },
    "PossSufPer":{
      "p":1.0,
      "r":1.0,
      "f":1.0
    },
    "Question":{
      "p":0.0,
      "r":0.0,
      "f":0.0
    },
    "NounStem":{
      "p":1.0,
      "r":1.0,
      "f":1.0
    },
    "PredSuffNum":{
      "p":0.3333333333,
      "r":1.0,
      "f":0.5
    },
    "PredSuffPer":{
      "p":0.3333333333,
      "r":1.0,
      "f":0.5
    }
  },
  "speed":3693.3660195463
}