{
  "token_acc":0.9963062935,
  "token_p":0.9912243454,
  "token_r":0.9810871393,
  "token_f":0.9861296909,
  "lemma_acc":0.9763267614,
  "sents_p":0.8748803828,
  "sents_r":0.8742529285,
  "sents_f":0.8745665431,
  "dep_uas":0.8663191999,
  "dep_las":0.3320185942,
  "dep_las_per_type":{
    "mark":{
      "p":0.6875,
      "r":0.5641025641,
      "f":0.6197183099
    },
    "nsubj":{
      "p":0.7307692308,
      "r":0.6826347305,
      "f":0.7058823529
    },
    "case":{
      "p":0.9418181818,
      "r":0.9469835466,
      "f":0.9443938013
    },
    "iobj":{
      "p":0.65,
      "r":0.6290322581,
      "f":0.6393442623
    },
    "advcl":{
      "p":0.347826087,
      "r":0.3333333333,
      "f":0.3404255319
    },
    "obj":{
      "p":0.5917431193,
      "r":0.6292682927,
      "f":0.609929078
    },
    "root":{
      "p":0.0508066458,
      "r":0.7700729927,
      "f":0.0953241473
    },
    "_":{
      "p":0.0,
      "r":0.0,
      "f":0.0
    },
    "discourse":{
      "p":0.6794871795,
      "r":0.6385542169,
      "f":0.6583850932
    },
    "ccomp":{
      "p":0.6363636364,
      "r":0.5490196078,
      "f":0.5894736842
    },
    "xcomp":{
      "p":0.0,
      "r":0.0,
      "f":0.0
    },
    "vocative":{
      "p":0.6666666667,
      "r":0.25,
      "f":0.3636363636
    },
    "conj":{
      "p":0.5622641509,
      "r":0.6106557377,
      "f":0.5854616896
    },
    "obl":{
      "p":0.6694560669,
      "r":0.6722689076,
      "f":0.6708595388
    },
    "dep":{
      "p":0.0,
      "r":0.0,
      "f":0.0
    },
    "nmod":{
      "p":0.7510040161,
      "r":0.7362204724,
      "f":0.7435387674
    },
    "cop":{
      "p":0.7142857143,
      "r":0.5555555556,
      "f":0.625
    },
    "appos":{
      "p":0.9535864979,
      "r":0.9300411523,
      "f":0.9416666667
    },
    "orphan":{
      "p":0.0,
      "r":0.0,
      "f":0.0
    },
    "nmod:poss":{
      "p":0.8732394366,
      "r":0.8051948052,
      "f":0.8378378378
    },
    "cc":{
      "p":0.7647058824,
      "r":0.8387096774,
      "f":0.8
    },
    "nummod":{
      "p":0.9230769231,
      "r":0.8888888889,
      "f":0.9056603774
    },
    "advmod":{
      "p":0.8282828283,
      "r":0.8913043478,
      "f":0.8586387435
    },
    "fixed":{
      "p":0.75,
      "r":0.3333333333,
      "f":0.4615384615
    },
    "advmod:emph":{
      "p":0.75,
      "r":0.75,
      "f":0.75
    },
    "amod":{
      "p":0.7719298246,
      "r":0.8,
      "f":0.7857142857
    },
    "acl":{
      "p":0.6,
      "r":0.5,
      "f":0.5454545455
    },
    "det":{
      "p":0.6666666667,
      "r":0.5,
      "f":0.5714285714
    },
    "dislocated":{
      "p":0.3636363636,
      "r":0.2222222222,
      "f":0.275862069
    },
    "parataxis":{
      "p":0.75,
      "r":0.6,
      "f":0.6666666667
    },
    "acl:relcl":{
      "p":1.0,
      "r":1.0,
      "f":1.0
    }
  },
  "tag_acc":0.8386731735,
  "pos_acc":0.9663972778,
  "morph_acc":0.8863282907,
  "morph_micro_p":0.9144326421,
  "morph_micro_r":0.8914365549,
  "morph_micro_f":0.9027881814,
  "morph_per_feat":{
    "Case":{
      "p":0.8471665713,
      "r":0.8433048433,
      "f":0.8452312964
    },
    "Gender":{
      "p":0.9545819936,
      "r":0.9273721203,
      "f":0.9407803525
    },
    "Number":{
      "p":0.9486245955,
      "r":0.9250493097,
      "f":0.9366886359
    },
    "Mood":{
      "p":0.9421487603,
      "r":0.9193548387,
      "f":0.9306122449
    },
    "Person":{
      "p":0.9070464768,
      "r":0.873015873,
      "f":0.8897058824
    },
    "Tense":{
      "p":0.8082788671,
      "r":0.8065217391,
      "f":0.8073993471
    },
    "Ventive":{
      "p":0.7922077922,
      "r":0.7530864198,
      "f":0.7721518987
    },
    "VerbForm":{
      "p":0.9507575758,
      "r":0.9127272727,
      "f":0.9313543599
    },
    "VerbStem":{
      "p":0.9149606299,
      "r":0.8776435045,
      "f":0.8959136469
    },
    "Focus":{
      "p":0.8903225806,
      "r":0.8263473054,
      "f":0.8571428571
    },
    "NounBase":{
      "p":0.8944591029,
      "r":0.7865429234,
      "f":0.837037037
    },
    "VerbSuffGen":{
      "p":0.8148148148,
      "r":0.8048780488,
      "f":0.8098159509
    },
    "VerbSuffNum":{
      "p":0.7804878049,
      "r":0.7710843373,
      "f":0.7757575758
    },
    "VerbSuffPer":{
      "p":0.7926829268,
      "r":0.7831325301,
      "f":0.7878787879
    },
    "Subordinative":{
      "p":0.7169811321,
      "r":0.5757575758,
      "f":0.6386554622
    },
    "SubSuff":{
      "p":0.9069767442,
      "r":0.8666666667,
      "f":0.8863636364
    },
    "PossSuffGen":{
      "p":0.94,
      "r":0.9619883041,
      "f":0.950867052
    },
    "PossSuffNum":{
      "p":0.9539295393,
      "r":0.9696969697,
      "f":0.9617486339
    },
    "PossSuffPer":{
      "p":0.9512195122,
      "r":0.9669421488,
      "f":0.9590163934
    },
    "Dialect":{
      "p":0.5,
      "r":0.4736842105,
      "f":0.4864864865
    },
    "PrepSuffGen":{
      "p":0.95,
      "r":0.95,
      "f":0.95
    },
    "PrepSuffNum":{
      "p":0.95,
      "r":0.95,
      "f":0.95
    },
    "PresSuffPer":{
      "p":0.8461538462,
      "r":0.9166666667,
      "f":0.88
    },
    "Voice":{
      "p":0.5454545455,
      "r":0.6666666667,
      "f":0.6
    },
    "PrepSuffPer":{
      "p":1.0,
      "r":0.875,
      "f":0.9333333333
    },
    "SubSuffix":{
      "p":1.0,
      "r":1.0,
      "f":1.0
    },
    "PronType":{
      "p":0.0,
      "r":0.0,
      "f":0.0
    },
    "PossSufNum":{
      "p":0.25,
      "r":1.0,
      "f":0.4
    },
    "PossSufPer":{
      "p":0.25,
      "r":1.0,
      "f":0.4
    },
    "Question":{
      "p":0.0,
      "r":0.0,
      "f":0.0
    },
    "NounStem":{
      "p":1.0,
      "r":1.0,
      "f":1.0
    },
    "PredSuffNum":{
      "p":0.0,
      "r":0.0,
      "f":0.0
    },
    "PredSuffPer":{
      "p":0.0,
      "r":0.0,
      "f":0.0
    }
  },
  "speed":3235.4721318987
}