{
  "token_acc":0.9962344583,
  "token_p":0.9910815402,
  "token_r":0.9808069487,
  "token_f":0.9859174764,
  "lemma_acc":0.9761820623,
  "sents_p":0.8731396173,
  "sents_r":0.8835763806,
  "sents_f":0.8783269962,
  "dep_uas":0.869902092,
  "dep_las":0.3345777277,
  "dep_las_per_type":{
    "mark":{
      "p":0.8666666667,
      "r":0.6666666667,
      "f":0.7536231884
    },
    "nsubj":{
      "p":0.7258566978,
      "r":0.6976047904,
      "f":0.7114503817
    },
    "case":{
      "p":0.9481481481,
      "r":0.9360146252,
      "f":0.9420423183
    },
    "iobj":{
      "p":0.7551020408,
      "r":0.5967741935,
      "f":0.6666666667
    },
    "advcl":{
      "p":0.1538461538,
      "r":0.1666666667,
      "f":0.16
    },
    "obj":{
      "p":0.6088888889,
      "r":0.6682926829,
      "f":0.6372093023
    },
    "root":{
      "p":0.0518183979,
      "r":0.795620438,
      "f":0.0972997099
    },
    "_":{
      "p":0.0,
      "r":0.0,
      "f":0.0
    },
    "discourse":{
      "p":0.7073170732,
      "r":0.6987951807,
      "f":0.703030303
    },
    "ccomp":{
      "p":0.52,
      "r":0.5098039216,
      "f":0.5148514851
    },
    "xcomp":{
      "p":0.0,
      "r":0.0,
      "f":0.0
    },
    "vocative":{
      "p":0.6666666667,
      "r":0.25,
      "f":0.3636363636
    },
    "obl":{
      "p":0.711790393,
      "r":0.6848739496,
      "f":0.6980728051
    },
    "conj":{
      "p":0.6578947368,
      "r":0.6147540984,
      "f":0.6355932203
    },
    "cop":{
      "p":0.5,
      "r":0.4444444444,
      "f":0.4705882353
    },
    "appos":{
      "p":0.9527896996,
      "r":0.9135802469,
      "f":0.9327731092
    },
    "amod":{
      "p":0.8823529412,
      "r":0.8181818182,
      "f":0.8490566038
    },
    "orphan":{
      "p":0.0,
      "r":0.0,
      "f":0.0
    },
    "nmod:poss":{
      "p":0.8714285714,
      "r":0.7922077922,
      "f":0.8299319728
    },
    "cc":{
      "p":0.8125,
      "r":0.8387096774,
      "f":0.8253968254
    },
    "nmod":{
      "p":0.8091286307,
      "r":0.7677165354,
      "f":0.7878787879
    },
    "nummod":{
      "p":0.9591836735,
      "r":0.8703703704,
      "f":0.9126213592
    },
    "advmod":{
      "p":0.7889447236,
      "r":0.8532608696,
      "f":0.819843342
    },
    "fixed":{
      "p":0.8,
      "r":0.4444444444,
      "f":0.5714285714
    },
    "advmod:emph":{
      "p":1.0,
      "r":0.5,
      "f":0.6666666667
    },
    "dep":{
      "p":0.0,
      "r":0.0,
      "f":0.0
    },
    "acl":{
      "p":0.6585365854,
      "r":0.5625,
      "f":0.606741573
    },
    "det":{
      "p":0.6666666667,
      "r":0.6,
      "f":0.6315789474
    },
    "dislocated":{
      "p":0.25,
      "r":0.1666666667,
      "f":0.2
    },
    "parataxis":{
      "p":1.0,
      "r":0.6,
      "f":0.75
    },
    "acl:relcl":{
      "p":1.0,
      "r":1.0,
      "f":1.0
    }
  },
  "tag_acc":0.8390747683,
  "pos_acc":0.9676687465,
  "morph_acc":0.8932409502,
  "morph_micro_p":0.9178059213,
  "morph_micro_r":0.8993261012,
  "morph_micro_f":0.9084720435,
  "morph_per_feat":{
    "Case":{
      "p":0.8598506605,
      "r":0.852991453,
      "f":0.8564073227
    },
    "Gender":{
      "p":0.9535628503,
      "r":0.9301054276,
      "f":0.9416880806
    },
    "Number":{
      "p":0.9508064516,
      "r":0.9301775148,
      "f":0.9403788634
    },
    "Mood":{
      "p":0.9487603306,
      "r":0.9258064516,
      "f":0.9371428571
    },
    "Person":{
      "p":0.9063893016,
      "r":0.8802308802,
      "f":0.8931185944
    },
    "Tense":{
      "p":0.8377192982,
      "r":0.8304347826,
      "f":0.8340611354
    },
    "Ventive":{
      "p":0.8291139241,
      "r":0.8086419753,
      "f":0.81875
    },
    "VerbForm":{
      "p":0.9353049908,
      "r":0.92,
      "f":0.9275893676
    },
    "VerbStem":{
      "p":0.9140625,
      "r":0.8836858006,
      "f":0.8986175115
    },
    "Focus":{
      "p":0.875739645,
      "r":0.8862275449,
      "f":0.880952381
    },
    "NounBase":{
      "p":0.8690176322,
      "r":0.8004640371,
      "f":0.8333333333
    },
    "VerbSuffGen":{
      "p":0.8333333333,
      "r":0.7926829268,
      "f":0.8125
    },
    "VerbSuffNum":{
      "p":0.8333333333,
      "r":0.7831325301,
      "f":0.8074534161
    },
    "VerbSuffPer":{
      "p":0.8333333333,
      "r":0.7831325301,
      "f":0.8074534161
    },
    "SubSuff":{
      "p":0.8850574713,
      "r":0.8555555556,
      "f":0.8700564972
    },
    "PossSuffGen":{
      "p":0.9375,
      "r":0.9649122807,
      "f":0.9510086455
    },
    "PossSuffNum":{
      "p":0.9540540541,
      "r":0.9724517906,
      "f":0.963165075
    },
    "PossSuffPer":{
      "p":0.9432432432,
      "r":0.9614325069,
      "f":0.9522510232
    },
    "Dialect":{
      "p":0.5882352941,
      "r":0.5263157895,
      "f":0.5555555556
    },
    "Subordinative":{
      "p":0.8113207547,
      "r":0.6515151515,
      "f":0.7226890756
    },
    "PrepSuffGen":{
      "p":0.95,
      "r":0.95,
      "f":0.95
    },
    "PrepSuffNum":{
      "p":0.95,
      "r":0.95,
      "f":0.95
    },
    "PresSuffPer":{
      "p":0.8461538462,
      "r":0.9166666667,
      "f":0.88
    },
    "Voice":{
      "p":0.5454545455,
      "r":0.6666666667,
      "f":0.6
    },
    "PrepSuffPer":{
      "p":1.0,
      "r":0.875,
      "f":0.9333333333
    },
    "SubSuffix":{
      "p":1.0,
      "r":0.5,
      "f":0.6666666667
    },
    "PronType":{
      "p":0.0,
      "r":0.0,
      "f":0.0
    },
    "NounState":{
      "p":0.0,
      "r":0.0,
      "f":0.0
    },
    "PossSufNum":{
      "p":1.0,
      "r":1.0,
      "f":1.0
    },
    "PossSufPer":{
      "p":1.0,
      "r":1.0,
      "f":1.0
    },
    "Question":{
      "p":0.0,
      "r":0.0,
      "f":0.0
    },
    "NounStem":{
      "p":1.0,
      "r":1.0,
      "f":1.0
    },
    "PredSuffNum":{
      "p":0.3333333333,
      "r":1.0,
      "f":0.5
    },
    "PredSuffPer":{
      "p":0.3333333333,
      "r":1.0,
      "f":0.5
    }
  },
  "speed":3212.5599086842
}