{
  "token_acc":0.9990850869,
  "token_p":0.9798903108,
  "token_r":0.9871086556,
  "token_f":0.9834862385,
  "lemma_acc":0.940312213,
  "sents_p":0.4603174603,
  "sents_r":0.4915254237,
  "sents_f":0.4754098361,
  "dep_uas":0.7815668203,
  "dep_las":0.6967741935,
  "dep_las_per_type":{
    "obj":{
      "p":0.4772727273,
      "r":0.4468085106,
      "f":0.4615384615
    },
    "root":{
      "p":0.5079365079,
      "r":0.8888888889,
      "f":0.6464646465
    },
    "nmod:poss":{
      "p":0.9180327869,
      "r":0.9491525424,
      "f":0.9333333333
    },
    "conj":{
      "p":0.5607476636,
      "r":0.6593406593,
      "f":0.6060606061
    },
    "obl":{
      "p":0.6603773585,
      "r":0.7142857143,
      "f":0.6862745098
    },
    "_":{
      "p":0.0,
      "r":0.0,
      "f":0.0
    },
    "nsubj":{
      "p":0.45,
      "r":0.3103448276,
      "f":0.3673469388
    },
    "case":{
      "p":0.984375,
      "r":0.9692307692,
      "f":0.976744186
    },
    "nmod":{
      "p":0.7619047619,
      "r":0.4848484848,
      "f":0.5925925926
    },
    "appos":{
      "p":0.8292682927,
      "r":0.85,
      "f":0.8395061728
    },
    "cc":{
      "p":1.0,
      "r":1.0,
      "f":1.0
    },
    "amod":{
      "p":0.76,
      "r":0.7916666667,
      "f":0.7755102041
    },
    "iobj":{
      "p":1.0,
      "r":0.4,
      "f":0.5714285714
    },
    "dep":{
      "p":0.0,
      "r":0.0,
      "f":0.0
    },
    "acl":{
      "p":0.5,
      "r":0.5,
      "f":0.5
    },
    "advmod":{
      "p":0.8235294118,
      "r":0.875,
      "f":0.8484848485
    },
    "mark":{
      "p":0.5,
      "r":0.5,
      "f":0.5
    },
    "advmod:emph":{
      "p":0.0,
      "r":0.0,
      "f":0.0
    },
    "discourse":{
      "p":0.0,
      "r":0.0,
      "f":0.0
    },
    "det":{
      "p":0.0,
      "r":0.0,
      "f":0.0
    },
    "dislocated":{
      "p":0.0,
      "r":0.0,
      "f":0.0
    },
    "nummod":{
      "p":1.0,
      "r":1.0,
      "f":1.0
    },
    "acl:relcl":{
      "p":1.0,
      "r":1.0,
      "f":1.0
    }
  },
  "tag_acc":0.9464944649,
  "pos_acc":0.9833948339,
  "morph_acc":0.5535055351,
  "morph_micro_p":0.8080593849,
  "morph_micro_r":0.7337506018,
  "morph_micro_f":0.7691143073,
  "morph_per_feat":{
    "Case":{
      "p":0.7676767677,
      "r":0.5409252669,
      "f":0.6346555324
    },
    "Focus":{
      "p":0.85,
      "r":0.4112903226,
      "f":0.5543478261
    },
    "Gender":{
      "p":0.8697788698,
      "r":0.8408551069,
      "f":0.8550724638
    },
    "NounBase":{
      "p":0.8313253012,
      "r":0.7263157895,
      "f":0.7752808989
    },
    "Number":{
      "p":0.9056122449,
      "r":0.8679706601,
      "f":0.88639201
    },
    "Mood":{
      "p":0.7671232877,
      "r":0.7777777778,
      "f":0.7724137931
    },
    "Person":{
      "p":0.6835443038,
      "r":0.7012987013,
      "f":0.6923076923
    },
    "Tense":{
      "p":0.641509434,
      "r":0.7234042553,
      "f":0.68
    },
    "VerbForm":{
      "p":0.698630137,
      "r":0.796875,
      "f":0.7445255474
    },
    "VerbStem":{
      "p":0.6419753086,
      "r":0.6265060241,
      "f":0.6341463415
    },
    "PossSuffGen":{
      "p":0.8360655738,
      "r":0.7846153846,
      "f":0.8095238095
    },
    "PossSuffNum":{
      "p":0.8194444444,
      "r":0.8805970149,
      "f":0.8489208633
    },
    "PossSuffPer":{
      "p":0.7083333333,
      "r":0.7611940299,
      "f":0.7338129496
    },
    "Ventive":{
      "p":0.4117647059,
      "r":0.5,
      "f":0.4516129032
    },
    "SubSuff":{
      "p":0.88,
      "r":0.9166666667,
      "f":0.8979591837
    },
    "Subordinative":{
      "p":0.2727272727,
      "r":0.3,
      "f":0.2857142857
    },
    "VerbSuffGen":{
      "p":0.7777777778,
      "r":0.4666666667,
      "f":0.5833333333
    },
    "VerbSuffNum":{
      "p":0.7777777778,
      "r":0.4666666667,
      "f":0.5833333333
    },
    "VerbSuffPer":{
      "p":0.7777777778,
      "r":0.4666666667,
      "f":0.5833333333
    },
    "PrepSuffGen":{
      "p":1.0,
      "r":0.75,
      "f":0.8571428571
    },
    "PrepSuffNum":{
      "p":1.0,
      "r":1.0,
      "f":1.0
    },
    "PrepSuffPer":{
      "p":1.0,
      "r":1.0,
      "f":1.0
    },
    "Voice":{
      "p":0.0,
      "r":0.0,
      "f":0.0
    },
    "PresSuffPer":{
      "p":1.0,
      "r":1.0,
      "f":1.0
    },
    "PredSuffNum":{
      "p":0.3333333333,
      "r":1.0,
      "f":0.5
    },
    "PredSuffPer":{
      "p":0.3333333333,
      "r":1.0,
      "f":0.5
    }
  },
  "speed":6168.08310573
}