{
  "token_acc":0.9963062935,
  "token_p":0.9912243454,
  "token_r":0.9810871393,
  "token_f":0.9861296909,
  "lemma_acc":0.9763267614,
  "sents_p":0.8821274557,
  "sents_r":0.8802295004,
  "sents_f":0.881177456,
  "dep_uas":0.8729398507,
  "dep_las":0.3356810818,
  "dep_las_per_type":{
    "mark":{
      "p":0.78125,
      "r":0.641025641,
      "f":0.7042253521
    },
    "nsubj":{
      "p":0.6974789916,
      "r":0.745508982,
      "f":0.7206946454
    },
    "case":{
      "p":0.9469835466,
      "r":0.9469835466,
      "f":0.9469835466
    },
    "iobj":{
      "p":0.7083333333,
      "r":0.5483870968,
      "f":0.6181818182
    },
    "advcl":{
      "p":0.2,
      "r":0.2083333333,
      "f":0.2040816327
    },
    "obj":{
      "p":0.6487804878,
      "r":0.6487804878,
      "f":0.6487804878
    },
    "root":{
      "p":0.0500842764,
      "r":0.7591240876,
      "f":0.0939688276
    },
    "_":{
      "p":0.0,
      "r":0.0,
      "f":0.0
    },
    "discourse":{
      "p":0.6708860759,
      "r":0.6385542169,
      "f":0.6543209877
    },
    "ccomp":{
      "p":0.6285714286,
      "r":0.431372549,
      "f":0.511627907
    },
    "xcomp":{
      "p":0.5,
      "r":0.3333333333,
      "f":0.4
    },
    "vocative":{
      "p":0.8,
      "r":0.5,
      "f":0.6153846154
    },
    "obl":{
      "p":0.6748971193,
      "r":0.6890756303,
      "f":0.6819126819
    },
    "conj":{
      "p":0.5939849624,
      "r":0.6475409836,
      "f":0.6196078431
    },
    "cop":{
      "p":0.3333333333,
      "r":0.1111111111,
      "f":0.1666666667
    },
    "dep":{
      "p":0.0,
      "r":0.0,
      "f":0.0
    },
    "orphan":{
      "p":0.0,
      "r":0.0,
      "f":0.0
    },
    "appos":{
      "p":0.9703389831,
      "r":0.9423868313,
      "f":0.9561586639
    },
    "nmod:poss":{
      "p":0.9285714286,
      "r":0.8441558442,
      "f":0.8843537415
    },
    "cc":{
      "p":0.75,
      "r":0.7741935484,
      "f":0.7619047619
    },
    "nmod":{
      "p":0.7903225806,
      "r":0.7716535433,
      "f":0.780876494
    },
    "nummod":{
      "p":0.9038461538,
      "r":0.8703703704,
      "f":0.8867924528
    },
    "advmod":{
      "p":0.8556149733,
      "r":0.8695652174,
      "f":0.8625336927
    },
    "fixed":{
      "p":0.8571428571,
      "r":0.6666666667,
      "f":0.75
    },
    "advmod:emph":{
      "p":1.0,
      "r":0.25,
      "f":0.4
    },
    "amod":{
      "p":0.9047619048,
      "r":0.6909090909,
      "f":0.7835051546
    },
    "acl":{
      "p":0.6388888889,
      "r":0.4791666667,
      "f":0.5476190476
    },
    "det":{
      "p":0.8125,
      "r":0.65,
      "f":0.7222222222
    },
    "dislocated":{
      "p":0.1818181818,
      "r":0.1111111111,
      "f":0.1379310345
    },
    "parataxis":{
      "p":1.0,
      "r":0.6,
      "f":0.75
    },
    "acl:relcl":{
      "p":1.0,
      "r":1.0,
      "f":1.0
    }
  },
  "tag_acc":0.8400877007,
  "pos_acc":0.966680845,
  "morph_acc":0.8924077478,
  "morph_micro_p":0.9183277027,
  "morph_micro_r":0.893573307,
  "morph_micro_f":0.9057814062,
  "morph_per_feat":{
    "Case":{
      "p":0.8691860465,
      "r":0.8518518519,
      "f":0.8604316547
    },
    "Gender":{
      "p":0.9569935691,
      "r":0.9297149551,
      "f":0.9431570608
    },
    "Number":{
      "p":0.9493722155,
      "r":0.9246548323,
      "f":0.9368505196
    },
    "Mood":{
      "p":0.9417637271,
      "r":0.9129032258,
      "f":0.9271089271
    },
    "Person":{
      "p":0.9131736527,
      "r":0.8802308802,
      "f":0.8963997061
    },
    "Tense":{
      "p":0.8145695364,
      "r":0.802173913,
      "f":0.8083242059
    },
    "Ventive":{
      "p":0.79375,
      "r":0.7839506173,
      "f":0.7888198758
    },
    "VerbForm":{
      "p":0.9398496241,
      "r":0.9090909091,
      "f":0.9242144177
    },
    "VerbStem":{
      "p":0.9119496855,
      "r":0.8761329305,
      "f":0.8936825886
    },
    "Focus":{
      "p":0.917721519,
      "r":0.8682634731,
      "f":0.8923076923
    },
    "NounBase":{
      "p":0.8658227848,
      "r":0.7935034803,
      "f":0.8280871671
    },
    "VerbSuffGen":{
      "p":0.8076923077,
      "r":0.7682926829,
      "f":0.7875
    },
    "VerbSuffNum":{
      "p":0.8076923077,
      "r":0.7590361446,
      "f":0.7826086957
    },
    "VerbSuffPer":{
      "p":0.8076923077,
      "r":0.7590361446,
      "f":0.7826086957
    },
    "SubSuff":{
      "p":0.8555555556,
      "r":0.8555555556,
      "f":0.8555555556
    },
    "PossSuffGen":{
      "p":0.9291784703,
      "r":0.9590643275,
      "f":0.9438848921
    },
    "PossSuffNum":{
      "p":0.9465240642,
      "r":0.9752066116,
      "f":0.960651289
    },
    "PossSuffPer":{
      "p":0.9410187668,
      "r":0.9669421488,
      "f":0.9538043478
    },
    "Dialect":{
      "p":0.6,
      "r":0.4736842105,
      "f":0.5294117647
    },
    "Subordinative":{
      "p":0.8510638298,
      "r":0.6060606061,
      "f":0.7079646018
    },
    "PrepSuffGen":{
      "p":1.0,
      "r":0.95,
      "f":0.9743589744
    },
    "PrepSuffNum":{
      "p":1.0,
      "r":0.95,
      "f":0.9743589744
    },
    "PresSuffPer":{
      "p":0.9166666667,
      "r":0.9166666667,
      "f":0.9166666667
    },
    "PrepSuffPer":{
      "p":1.0,
      "r":0.875,
      "f":0.9333333333
    },
    "SubSuffix":{
      "p":1.0,
      "r":0.5,
      "f":0.6666666667
    },
    "PronType":{
      "p":0.0,
      "r":0.0,
      "f":0.0
    },
    "SufSuff":{
      "p":0.0,
      "r":0.0,
      "f":0.0
    },
    "Voice":{
      "p":0.5,
      "r":0.6666666667,
      "f":0.5714285714
    },
    "PossSufNum":{
      "p":1.0,
      "r":1.0,
      "f":1.0
    },
    "PossSufPer":{
      "p":1.0,
      "r":1.0,
      "f":1.0
    },
    "Question":{
      "p":0.0,
      "r":0.0,
      "f":0.0
    },
    "NounStem":{
      "p":1.0,
      "r":1.0,
      "f":1.0
    },
    "PredSuffNum":{
      "p":0.0,
      "r":0.0,
      "f":0.0
    },
    "PredSuffPer":{
      "p":0.0,
      "r":0.0,
      "f":0.0
    }
  },
  "speed":3805.5857407153
}