{
  "token_acc":0.9992630803,
  "token_p":0.8556701031,
  "token_r":0.9200316706,
  "token_f":0.8866844716,
  "lemma_acc":0.5605192822,
  "pos_acc":0.9317412935,
  "morph_acc":0.7954456223,
  "morph_micro_p":0.8121414914,
  "morph_micro_r":0.7777523461,
  "morph_micro_f":0.7945750029,
  "morph_per_feat":{
    "Case":{
      "p":0.789968652,
      "r":0.7838258165,
      "f":0.7868852459
    },
    "Gender":{
      "p":0.8955555556,
      "r":0.8583599574,
      "f":0.8765633496
    },
    "Number":{
      "p":0.8713968958,
      "r":0.8388473853,
      "f":0.854812398
    },
    "PossGen":{
      "p":0.0,
      "r":0.0,
      "f":0.0
    },
    "PossSuffNum":{
      "p":0.8363636364,
      "r":0.9078947368,
      "f":0.8706624606
    },
    "PossSuffPer":{
      "p":0.8292682927,
      "r":0.8947368421,
      "f":0.8607594937
    },
    "PossSuffGen":{
      "p":0.7516778523,
      "r":0.8358208955,
      "f":0.7915194346
    },
    "Mood":{
      "p":0.8428571429,
      "r":0.7937219731,
      "f":0.817551963
    },
    "Person":{
      "p":0.7860262009,
      "r":0.737704918,
      "f":0.7610993658
    },
    "VerbForm":{
      "p":0.7860962567,
      "r":0.7424242424,
      "f":0.7636363636
    },
    "VerbStem":{
      "p":0.7813953488,
      "r":0.7272727273,
      "f":0.7533632287
    },
    "Tense":{
      "p":0.5843373494,
      "r":0.5987654321,
      "f":0.5914634146
    },
    "NounStem":{
      "p":0.8157894737,
      "r":0.5740740741,
      "f":0.6739130435
    },
    "Subordinative":{
      "p":0.3870967742,
      "r":0.5454545455,
      "f":0.4528301887
    },
    "Ventive":{
      "p":0.641509434,
      "r":0.5483870968,
      "f":0.5913043478
    },
    "SubSuff":{
      "p":0.6666666667,
      "r":0.6829268293,
      "f":0.6746987952
    },
    "NounBase":{
      "p":0.25,
      "r":0.2619047619,
      "f":0.2558139535
    },
    "VerbSuffGen":{
      "p":0.6,
      "r":0.2,
      "f":0.3
    },
    "VerbSuffNum":{
      "p":0.7,
      "r":0.2258064516,
      "f":0.3414634146
    },
    "VerbSuffPer":{
      "p":0.7,
      "r":0.2258064516,
      "f":0.3414634146
    },
    "PrepSuffGen":{
      "p":0.6666666667,
      "r":0.3333333333,
      "f":0.4444444444
    },
    "PrepSuffNum":{
      "p":0.6666666667,
      "r":0.3333333333,
      "f":0.4444444444
    },
    "PresSuffPer":{
      "p":0.5,
      "r":0.1666666667,
      "f":0.25
    },
    "PossSufNum":{
      "p":1.0,
      "r":0.5,
      "f":0.6666666667
    },
    "PossSufPer":{
      "p":1.0,
      "r":0.5,
      "f":0.6666666667
    },
    "Focus":{
      "p":0.0,
      "r":0.0,
      "f":0.0
    },
    "Voice":{
      "p":0.0,
      "r":0.0,
      "f":0.0
    },
    "PrepSuffPer":{
      "p":0.0,
      "r":0.0,
      "f":0.0
    }
  },
  "tag_acc":0.7618483412,
  "sents_p":0.8642960813,
  "sents_r":0.8276580959,
  "sents_f":0.8455804047,
  "dep_uas":0.8431683168,
  "dep_las":0.3287941583,
  "dep_las_per_type":{
    "case":{
      "p":0.9221311475,
      "r":0.9297520661,
      "f":0.9259259259
    },
    "root":{
      "p":0.0848056537,
      "r":0.7843137255,
      "f":0.1530612245
    },
    "appos":{
      "p":0.9459459459,
      "r":0.9459459459,
      "f":0.9459459459
    },
    "nsubj":{
      "p":0.6666666667,
      "r":0.6064516129,
      "f":0.6351351351
    },
    "advmod":{
      "p":0.75,
      "r":0.7826086957,
      "f":0.7659574468
    },
    "obl":{
      "p":0.5603448276,
      "r":0.65,
      "f":0.6018518519
    },
    "_":{
      "p":0.0,
      "r":0.0,
      "f":0.0
    },
    "conj":{
      "p":0.3289473684,
      "r":0.3571428571,
      "f":0.3424657534
    },
    "nmod:poss":{
      "p":0.12,
      "r":0.3,
      "f":0.1714285714
    },
    "cc":{
      "p":0.6923076923,
      "r":0.5625,
      "f":0.6206896552
    },
    "dislocated":{
      "p":1.0,
      "r":0.0714285714,
      "f":0.1333333333
    },
    "nmod":{
      "p":0.595505618,
      "r":0.5698924731,
      "f":0.5824175824
    },
    "obj":{
      "p":0.4027777778,
      "r":0.4754098361,
      "f":0.4360902256
    },
    "acl":{
      "p":0.3333333333,
      "r":0.2,
      "f":0.25
    },
    "amod":{
      "p":0.4,
      "r":0.5714285714,
      "f":0.4705882353
    },
    "fixed":{
      "p":0.6,
      "r":0.3333333333,
      "f":0.4285714286
    },
    "discourse":{
      "p":0.4761904762,
      "r":0.4761904762,
      "f":0.4761904762
    },
    "ccomp":{
      "p":0.2222222222,
      "r":0.2857142857,
      "f":0.25
    },
    "nummod":{
      "p":0.8823529412,
      "r":0.75,
      "f":0.8108108108
    },
    "iobj":{
      "p":0.2,
      "r":0.0833333333,
      "f":0.1176470588
    },
    "mark":{
      "p":0.2222222222,
      "r":0.1818181818,
      "f":0.2
    },
    "dep":{
      "p":0.0,
      "r":0.0,
      "f":0.0
    },
    "det":{
      "p":1.0,
      "r":0.1818181818,
      "f":0.3076923077
    },
    "xcomp":{
      "p":0.0,
      "r":0.0,
      "f":0.0
    },
    "acl:relcl":{
      "p":0.0,
      "r":0.0,
      "f":0.0
    },
    "advcl":{
      "p":0.125,
      "r":0.1666666667,
      "f":0.1428571429
    },
    "parataxis":{
      "p":0.0,
      "r":0.0,
      "f":0.0
    },
    "advmod:emph":{
      "p":0.0,
      "r":0.0,
      "f":0.0
    }
  },
  "speed":42451.5123171137
}