{
  "token_acc":1.0,
  "token_p":0.8859060403,
  "token_r":0.9395017794,
  "token_f":0.9119170984,
  "lemma_acc":0.6090961428,
  "tag_acc":0.8220640569,
  "pos_acc":0.9536981359,
  "morph_acc":0.8453850676,
  "morph_micro_p":0.7872154116,
  "morph_micro_r":0.758010118,
  "morph_micro_f":0.7723367698,
  "morph_per_feat":{
    "Gender":{
      "p":0.8693877551,
      "r":0.8588709677,
      "f":0.8640973631
    },
    "Mood":{
      "p":0.8620689655,
      "r":0.78125,
      "f":0.8196721311
    },
    "Number":{
      "p":0.8360655738,
      "r":0.8192771084,
      "f":0.8275862069
    },
    "Person":{
      "p":0.696969697,
      "r":0.6666666667,
      "f":0.6814814815
    },
    "Tense":{
      "p":0.4230769231,
      "r":0.44,
      "f":0.431372549
    },
    "Ventive":{
      "p":0.4705882353,
      "r":0.4210526316,
      "f":0.4444444444
    },
    "VerbForm":{
      "p":0.8269230769,
      "r":0.7543859649,
      "f":0.7889908257
    },
    "VerbStem":{
      "p":0.8103448276,
      "r":0.734375,
      "f":0.7704918033
    },
    "VerbSuffGen":{
      "p":0.6666666667,
      "r":0.5,
      "f":0.5714285714
    },
    "VerbSuffNum":{
      "p":0.6666666667,
      "r":0.5,
      "f":0.5714285714
    },
    "VerbSuffPer":{
      "p":0.6666666667,
      "r":0.5,
      "f":0.5714285714
    },
    "Case":{
      "p":0.7558139535,
      "r":0.8125,
      "f":0.7831325301
    },
    "NounStem":{
      "p":0.619047619,
      "r":0.8666666667,
      "f":0.7222222222
    },
    "PossSuffGen":{
      "p":0.8333333333,
      "r":0.7317073171,
      "f":0.7792207792
    },
    "PossSuffNum":{
      "p":0.8684210526,
      "r":0.7674418605,
      "f":0.8148148148
    },
    "PossSuffPer":{
      "p":0.8421052632,
      "r":0.7441860465,
      "f":0.7901234568
    },
    "NounBase":{
      "p":0.6666666667,
      "r":0.4,
      "f":0.5
    },
    "PrepSuffGen":{
      "p":0.0,
      "r":0.0,
      "f":0.0
    },
    "PrepSuffNum":{
      "p":0.0,
      "r":0.0,
      "f":0.0
    },
    "PresSuffPer":{
      "p":0.0,
      "r":0.0,
      "f":0.0
    },
    "SubSuff":{
      "p":0.5555555556,
      "r":0.5555555556,
      "f":0.5555555556
    },
    "Subordinative":{
      "p":0.4,
      "r":0.4,
      "f":0.4
    },
    "Voice":{
      "p":1.0,
      "r":0.2,
      "f":0.3333333333
    },
    "Focus":{
      "p":0.0,
      "r":0.0,
      "f":0.0
    }
  },
  "sents_p":0.9044368601,
  "sents_r":0.9028960818,
  "sents_f":0.9036658142,
  "dep_uas":0.8836104513,
  "dep_las":0.2306327617,
  "dep_las_per_type":{
    "_":{
      "p":0.0,
      "r":0.0,
      "f":0.0
    },
    "root":{
      "p":0.0518394649,
      "r":0.775,
      "f":0.0971786834
    },
    "discourse":{
      "p":0.4,
      "r":0.2857142857,
      "f":0.3333333333
    },
    "case":{
      "p":0.9322033898,
      "r":0.9649122807,
      "f":0.9482758621
    },
    "obl":{
      "p":0.5769230769,
      "r":0.652173913,
      "f":0.612244898
    },
    "nmod":{
      "p":0.6296296296,
      "r":0.7727272727,
      "f":0.693877551
    },
    "ccomp":{
      "p":0.5,
      "r":0.1666666667,
      "f":0.25
    },
    "conj":{
      "p":0.1,
      "r":0.0769230769,
      "f":0.0869565217
    },
    "advmod":{
      "p":0.8823529412,
      "r":0.6818181818,
      "f":0.7692307692
    },
    "appos":{
      "p":0.9583333333,
      "r":0.92,
      "f":0.9387755102
    },
    "nsubj":{
      "p":0.4583333333,
      "r":0.55,
      "f":0.5
    },
    "acl":{
      "p":0.3333333333,
      "r":0.1666666667,
      "f":0.2222222222
    },
    "iobj":{
      "p":0.5,
      "r":0.2,
      "f":0.2857142857
    },
    "nummod":{
      "p":0.75,
      "r":0.8571428571,
      "f":0.8
    },
    "dep":{
      "p":0.0,
      "r":0.0,
      "f":0.0
    },
    "obj":{
      "p":0.4444444444,
      "r":0.3333333333,
      "f":0.380952381
    },
    "nmod:poss":{
      "p":0.0,
      "r":0.0,
      "f":0.0
    },
    "det":{
      "p":0.0,
      "r":0.0,
      "f":0.0
    },
    "amod":{
      "p":1.0,
      "r":1.0,
      "f":1.0
    },
    "mark":{
      "p":0.0,
      "r":0.0,
      "f":0.0
    },
    "advcl":{
      "p":0.0,
      "r":0.0,
      "f":0.0
    },
    "dislocated":{
      "p":0.0,
      "r":0.0,
      "f":0.0
    }
  },
  "speed":3146.3210875297
}