{
  "token_acc":0.9989010989,
  "token_p":0.8408342481,
  "token_r":0.9102792632,
  "token_f":0.8741797432,
  "lemma_acc":0.4107397886,
  "tag_acc":0.7968056788,
  "pos_acc":0.9126559715,
  "morph_acc":0.7644287397,
  "morph_micro_p":0.7979105452,
  "morph_micro_r":0.7678290921,
  "morph_micro_f":0.7825808517,
  "morph_per_feat":{
    "Case":{
      "p":0.7979166667,
      "r":0.7929606625,
      "f":0.795430945
    },
    "Gender":{
      "p":0.8982035928,
      "r":0.8683068017,
      "f":0.8830022075
    },
    "Number":{
      "p":0.8543543544,
      "r":0.8270348837,
      "f":0.8404726736
    },
    "PossGen":{
      "p":0.0,
      "r":0.0,
      "f":0.0
    },
    "PossSuffNum":{
      "p":0.8448275862,
      "r":0.8990825688,
      "f":0.8711111111
    },
    "PossSuffPer":{
      "p":0.8362068966,
      "r":0.8899082569,
      "f":0.8622222222
    },
    "PossSuffGen":{
      "p":0.76,
      "r":0.8172043011,
      "f":0.7875647668
    },
    "Mood":{
      "p":0.7843137255,
      "r":0.7547169811,
      "f":0.7692307692
    },
    "Person":{
      "p":0.7636363636,
      "r":0.72,
      "f":0.7411764706
    },
    "VerbForm":{
      "p":0.7407407407,
      "r":0.7092198582,
      "f":0.7246376812
    },
    "VerbStem":{
      "p":0.7610062893,
      "r":0.7245508982,
      "f":0.7423312883
    },
    "Tense":{
      "p":0.547826087,
      "r":0.5625,
      "f":0.5550660793
    },
    "Subordinative":{
      "p":0.4117647059,
      "r":0.4117647059,
      "f":0.4117647059
    },
    "NounStem":{
      "p":0.8181818182,
      "r":0.4615384615,
      "f":0.5901639344
    },
    "Ventive":{
      "p":0.5789473684,
      "r":0.511627907,
      "f":0.5432098765
    },
    "NounBase":{
      "p":0.2068965517,
      "r":0.3243243243,
      "f":0.2526315789
    },
    "SubSuff":{
      "p":0.8,
      "r":0.5,
      "f":0.6153846154
    },
    "VerbSuffGen":{
      "p":0.375,
      "r":0.1666666667,
      "f":0.2307692308
    },
    "VerbSuffNum":{
      "p":0.5,
      "r":0.2105263158,
      "f":0.2962962963
    },
    "VerbSuffPer":{
      "p":0.5,
      "r":0.2105263158,
      "f":0.2962962963
    },
    "PrepSuffGen":{
      "p":0.6666666667,
      "r":0.4,
      "f":0.5
    },
    "PrepSuffNum":{
      "p":0.6666666667,
      "r":0.4,
      "f":0.5
    },
    "PresSuffPer":{
      "p":1.0,
      "r":0.2,
      "f":0.3333333333
    },
    "PossSufNum":{
      "p":0.0,
      "r":0.0,
      "f":0.0
    },
    "PossSufPer":{
      "p":0.0,
      "r":0.0,
      "f":0.0
    },
    "Focus":{
      "p":0.0,
      "r":0.0,
      "f":0.0
    },
    "PrepSuffPer":{
      "p":0.0,
      "r":0.0,
      "f":0.0
    },
    "Voice":{
      "p":0.0,
      "r":0.0,
      "f":0.0
    }
  },
  "sents_p":0.8422360248,
  "sents_r":0.7957746479,
  "sents_f":0.8183464092,
  "dep_uas":0.8080688223,
  "dep_las":0.3636899499,
  "dep_las_per_type":{
    "case":{
      "p":0.893258427,
      "r":0.8594594595,
      "f":0.8760330579
    },
    "root":{
      "p":0.108801956,
      "r":0.7876106195,
      "f":0.1911922664
    },
    "appos":{
      "p":0.9111111111,
      "r":0.9534883721,
      "f":0.9318181818
    },
    "nsubj":{
      "p":0.625,
      "r":0.652173913,
      "f":0.6382978723
    },
    "advmod":{
      "p":0.7551020408,
      "r":0.7872340426,
      "f":0.7708333333
    },
    "obl":{
      "p":0.5975609756,
      "r":0.6363636364,
      "f":0.6163522013
    },
    "_":{
      "p":0.0,
      "r":0.0,
      "f":0.0
    },
    "conj":{
      "p":0.2941176471,
      "r":0.350877193,
      "f":0.32
    },
    "cc":{
      "p":0.5714285714,
      "r":0.5,
      "f":0.5333333333
    },
    "dislocated":{
      "p":0.5,
      "r":0.1538461538,
      "f":0.2352941176
    },
    "nmod":{
      "p":0.4864864865,
      "r":0.5070422535,
      "f":0.4965517241
    },
    "obj":{
      "p":0.380952381,
      "r":0.4897959184,
      "f":0.4285714286
    },
    "acl":{
      "p":0.0,
      "r":0.0,
      "f":0.0
    },
    "amod":{
      "p":0.4166666667,
      "r":0.3846153846,
      "f":0.4
    },
    "fixed":{
      "p":0.5,
      "r":0.3333333333,
      "f":0.4
    },
    "nmod:poss":{
      "p":0.0,
      "r":0.0,
      "f":0.0
    },
    "acl:relcl":{
      "p":0.0,
      "r":0.0,
      "f":0.0
    },
    "discourse":{
      "p":0.4117647059,
      "r":0.5,
      "f":0.4516129032
    },
    "ccomp":{
      "p":0.25,
      "r":0.25,
      "f":0.25
    },
    "nummod":{
      "p":0.7857142857,
      "r":0.8461538462,
      "f":0.8148148148
    },
    "iobj":{
      "p":0.25,
      "r":0.2857142857,
      "f":0.2666666667
    },
    "advcl":{
      "p":0.0,
      "r":0.0,
      "f":0.0
    },
    "dep":{
      "p":0.0303030303,
      "r":1.0,
      "f":0.0588235294
    },
    "det":{
      "p":1.0,
      "r":0.1111111111,
      "f":0.2
    },
    "mark":{
      "p":0.3333333333,
      "r":0.3,
      "f":0.3157894737
    },
    "xcomp":{
      "p":0.0,
      "r":0.0,
      "f":0.0
    },
    "parataxis":{
      "p":0.0,
      "r":0.0,
      "f":0.0
    },
    "advmod:emph":{
      "p":1.0,
      "r":1.0,
      "f":1.0
    }
  },
  "speed":4763.7884142303
}