{
  "token_acc":0.9994517544,
  "token_p":0.8410958904,
  "token_r":0.9120617944,
  "token_f":0.8751425314,
  "lemma_acc":0.3793496863,
  "tag_acc":0.8294849023,
  "pos_acc":0.9124888757,
  "morph_acc":0.7727139077,
  "morph_micro_p":0.8086062942,
  "morph_micro_r":0.7910775997,
  "morph_micro_f":0.7997459108,
  "morph_per_feat":{
    "Case":{
      "p":0.7927565392,
      "r":0.8157349896,
      "f":0.8040816327
    },
    "Gender":{
      "p":0.8919708029,
      "r":0.8842257598,
      "f":0.8880813953
    },
    "Number":{
      "p":0.8617647059,
      "r":0.851744186,
      "f":0.8567251462
    },
    "PossGen":{
      "p":0.0,
      "r":0.0,
      "f":0.0
    },
    "PossSuffNum":{
      "p":0.8691588785,
      "r":0.8532110092,
      "f":0.8611111111
    },
    "PossSuffPer":{
      "p":0.8691588785,
      "r":0.8532110092,
      "f":0.8611111111
    },
    "PossSuffGen":{
      "p":0.8,
      "r":0.8172043011,
      "f":0.8085106383
    },
    "Mood":{
      "p":0.7865853659,
      "r":0.8113207547,
      "f":0.7987616099
    },
    "Person":{
      "p":0.7298850575,
      "r":0.7257142857,
      "f":0.7277936963
    },
    "VerbForm":{
      "p":0.7368421053,
      "r":0.695035461,
      "f":0.7153284672
    },
    "VerbStem":{
      "p":0.734939759,
      "r":0.7305389222,
      "f":0.7327327327
    },
    "Tense":{
      "p":0.6583333333,
      "r":0.7053571429,
      "f":0.6810344828
    },
    "Ventive":{
      "p":0.619047619,
      "r":0.6046511628,
      "f":0.6117647059
    },
    "SubSuff":{
      "p":0.8260869565,
      "r":0.59375,
      "f":0.6909090909
    },
    "Subordinative":{
      "p":0.4666666667,
      "r":0.4117647059,
      "f":0.4375
    },
    "NounStem":{
      "p":0.8275862069,
      "r":0.6153846154,
      "f":0.7058823529
    },
    "VerbSuffGen":{
      "p":0.5,
      "r":0.2777777778,
      "f":0.3571428571
    },
    "VerbSuffNum":{
      "p":0.6,
      "r":0.3157894737,
      "f":0.4137931034
    },
    "VerbSuffPer":{
      "p":0.6,
      "r":0.3157894737,
      "f":0.4137931034
    },
    "NounBase":{
      "p":0.2702702703,
      "r":0.2702702703,
      "f":0.2702702703
    },
    "PrepSuffGen":{
      "p":1.0,
      "r":0.2,
      "f":0.3333333333
    },
    "PrepSuffNum":{
      "p":1.0,
      "r":0.2,
      "f":0.3333333333
    },
    "PresSuffPer":{
      "p":1.0,
      "r":0.2,
      "f":0.3333333333
    },
    "PossSufNum":{
      "p":1.0,
      "r":0.3333333333,
      "f":0.5
    },
    "PossSufPer":{
      "p":1.0,
      "r":0.3333333333,
      "f":0.5
    },
    "Focus":{
      "p":0.0,
      "r":0.0,
      "f":0.0
    },
    "SubSuffix":{
      "p":0.0,
      "r":0.0,
      "f":0.0
    },
    "Voice":{
      "p":0.0,
      "r":0.0,
      "f":0.0
    }
  },
  "sents_p":0.8296568627,
  "sents_r":0.794600939,
  "sents_f":0.8117505995,
  "dep_uas":0.7992895204,
  "dep_las":0.3661556604,
  "dep_las_per_type":{
    "case":{
      "p":0.8833333333,
      "r":0.8594594595,
      "f":0.8712328767
    },
    "root":{
      "p":0.1014319809,
      "r":0.7522123894,
      "f":0.1787592008
    },
    "appos":{
      "p":0.9761904762,
      "r":0.9534883721,
      "f":0.9647058824
    },
    "nsubj":{
      "p":0.5669291339,
      "r":0.6260869565,
      "f":0.5950413223
    },
    "advmod":{
      "p":0.7608695652,
      "r":0.7446808511,
      "f":0.752688172
    },
    "obl":{
      "p":0.5612244898,
      "r":0.7142857143,
      "f":0.6285714286
    },
    "_":{
      "p":0.0,
      "r":0.0,
      "f":0.0
    },
    "conj":{
      "p":0.3333333333,
      "r":0.3157894737,
      "f":0.3243243243
    },
    "obj":{
      "p":0.4375,
      "r":0.5714285714,
      "f":0.4955752212
    },
    "cc":{
      "p":0.6666666667,
      "r":0.5,
      "f":0.5714285714
    },
    "dislocated":{
      "p":0.4,
      "r":0.1538461538,
      "f":0.2222222222
    },
    "nmod":{
      "p":0.5056179775,
      "r":0.6338028169,
      "f":0.5625
    },
    "acl":{
      "p":0.1666666667,
      "r":0.0714285714,
      "f":0.1
    },
    "amod":{
      "p":0.6363636364,
      "r":0.5384615385,
      "f":0.5833333333
    },
    "fixed":{
      "p":0.5,
      "r":0.2222222222,
      "f":0.3076923077
    },
    "dep":{
      "p":0.0,
      "r":0.0,
      "f":0.0
    },
    "advcl":{
      "p":0.2,
      "r":0.2,
      "f":0.2
    },
    "discourse":{
      "p":0.3846153846,
      "r":0.3571428571,
      "f":0.3703703704
    },
    "ccomp":{
      "p":0.0,
      "r":0.0,
      "f":0.0
    },
    "nummod":{
      "p":0.7692307692,
      "r":0.7692307692,
      "f":0.7692307692
    },
    "iobj":{
      "p":0.5,
      "r":0.2857142857,
      "f":0.3636363636
    },
    "nmod:poss":{
      "p":0.0,
      "r":0.0,
      "f":0.0
    },
    "det":{
      "p":1.0,
      "r":0.1111111111,
      "f":0.2
    },
    "mark":{
      "p":0.2727272727,
      "r":0.3,
      "f":0.2857142857
    },
    "xcomp":{
      "p":0.0,
      "r":0.0,
      "f":0.0
    },
    "advmod:emph":{
      "p":0.0,
      "r":0.0,
      "f":0.0
    },
    "parataxis":{
      "p":0.0,
      "r":0.0,
      "f":0.0
    },
    "acl:relcl":{
      "p":0.0,
      "r":0.0,
      "f":0.0
    }
  },
  "speed":4984.8026066736
}