{
  "token_acc":0.999301188,
  "token_p":0.998603352,
  "token_r":0.9972105997,
  "token_f":0.9979064899,
  "lemma_acc":0.5998603352,
  "pos_acc":0.9347597334,
  "morph_acc":0.812849162,
  "morph_micro_p":0.8173894558,
  "morph_micro_r":0.7932741902,
  "morph_micro_f":0.8051512931,
  "morph_per_feat":{
    "Case":{
      "p":0.806312769,
      "r":0.7915492958,
      "f":0.7988628287
    },
    "Gender":{
      "p":0.898019802,
      "r":0.8729547642,
      "f":0.8853099073
    },
    "Number":{
      "p":0.8747514911,
      "r":0.8518877057,
      "f":0.8631682197
    },
    "PossGen":{
      "p":0.0,
      "r":0.0,
      "f":0.0
    },
    "PossSuffNum":{
      "p":0.8628571429,
      "r":0.9041916168,
      "f":0.8830409357
    },
    "PossSuffPer":{
      "p":0.8628571429,
      "r":0.9041916168,
      "f":0.8830409357
    },
    "PossSuffGen":{
      "p":0.8012820513,
      "r":0.8561643836,
      "f":0.8278145695
    },
    "Mood":{
      "p":0.8223140496,
      "r":0.7991967871,
      "f":0.8105906314
    },
    "Person":{
      "p":0.7777777778,
      "r":0.7435897436,
      "f":0.7602996255
    },
    "VerbForm":{
      "p":0.7777777778,
      "r":0.7318181818,
      "f":0.7540983607
    },
    "VerbStem":{
      "p":0.7723577236,
      "r":0.7364341085,
      "f":0.753968254
    },
    "Tense":{
      "p":0.650273224,
      "r":0.650273224,
      "f":0.650273224
    },
    "PrepSuffGen":{
      "p":0.6666666667,
      "r":0.6666666667,
      "f":0.6666666667
    },
    "PrepSuffNum":{
      "p":0.6666666667,
      "r":0.6666666667,
      "f":0.6666666667
    },
    "PrepSuffPer":{
      "p":0.0,
      "r":0.0,
      "f":0.0
    },
    "NounStem":{
      "p":0.7346938776,
      "r":0.6206896552,
      "f":0.6728971963
    },
    "Subordinative":{
      "p":0.3928571429,
      "r":0.44,
      "f":0.4150943396
    },
    "Ventive":{
      "p":0.6507936508,
      "r":0.5394736842,
      "f":0.5899280576
    },
    "VerbSuffGen":{
      "p":0.5806451613,
      "r":0.5142857143,
      "f":0.5454545455
    },
    "VerbSuffNum":{
      "p":0.5806451613,
      "r":0.5,
      "f":0.5373134328
    },
    "VerbSuffPer":{
      "p":0.5806451613,
      "r":0.5,
      "f":0.5373134328
    },
    "NounBase":{
      "p":0.2888888889,
      "r":0.2954545455,
      "f":0.2921348315
    },
    "Focus":{
      "p":0.0,
      "r":0.0,
      "f":0.0
    },
    "SubSuff":{
      "p":0.6285714286,
      "r":0.4489795918,
      "f":0.5238095238
    },
    "PresSuffPer":{
      "p":0.8,
      "r":0.6666666667,
      "f":0.7272727273
    },
    "PossSufNum":{
      "p":1.0,
      "r":0.5714285714,
      "f":0.7272727273
    },
    "PossSufPer":{
      "p":1.0,
      "r":0.5714285714,
      "f":0.7272727273
    },
    "Voice":{
      "p":0.0,
      "r":0.0,
      "f":0.0
    }
  },
  "tag_acc":0.7566433566,
  "sents_p":0.8834655278,
  "sents_r":0.8681055156,
  "sents_f":0.8757181736,
  "dep_uas":0.8644008409,
  "dep_las":0.338822705,
  "dep_las_per_type":{
    "case":{
      "p":0.9241877256,
      "r":0.9588014981,
      "f":0.9411764706
    },
    "root":{
      "p":0.0831280788,
      "r":0.7894736842,
      "f":0.1504178273
    },
    "appos":{
      "p":0.9285714286,
      "r":0.9590163934,
      "f":0.9435483871
    },
    "nsubj":{
      "p":0.6263736264,
      "r":0.6785714286,
      "f":0.6514285714
    },
    "advmod":{
      "p":0.743902439,
      "r":0.7820512821,
      "f":0.7625
    },
    "obl":{
      "p":0.6285714286,
      "r":0.640776699,
      "f":0.6346153846
    },
    "_":{
      "p":0.0,
      "r":0.0,
      "f":0.0
    },
    "conj":{
      "p":0.3448275862,
      "r":0.4,
      "f":0.3703703704
    },
    "dep":{
      "p":0.0,
      "r":0.0,
      "f":0.0
    },
    "cc":{
      "p":0.7857142857,
      "r":0.6875,
      "f":0.7333333333
    },
    "dislocated":{
      "p":0.0,
      "r":0.0,
      "f":0.0
    },
    "nmod":{
      "p":0.6601941748,
      "r":0.6732673267,
      "f":0.6666666667
    },
    "obj":{
      "p":0.5423728814,
      "r":0.4571428571,
      "f":0.496124031
    },
    "acl":{
      "p":0.7142857143,
      "r":0.4545454545,
      "f":0.5555555556
    },
    "amod":{
      "p":0.5,
      "r":0.5625,
      "f":0.5294117647
    },
    "fixed":{
      "p":0.75,
      "r":0.3,
      "f":0.4285714286
    },
    "nmod:poss":{
      "p":0.0909090909,
      "r":0.2,
      "f":0.125
    },
    "discourse":{
      "p":0.5,
      "r":0.5,
      "f":0.5
    },
    "ccomp":{
      "p":0.25,
      "r":0.2222222222,
      "f":0.2352941176
    },
    "nummod":{
      "p":0.95,
      "r":0.9047619048,
      "f":0.9268292683
    },
    "advcl":{
      "p":0.2,
      "r":0.125,
      "f":0.1538461538
    },
    "iobj":{
      "p":0.5,
      "r":0.4210526316,
      "f":0.4571428571
    },
    "mark":{
      "p":0.4545454545,
      "r":0.3846153846,
      "f":0.4166666667
    },
    "det":{
      "p":0.6666666667,
      "r":0.3333333333,
      "f":0.4444444444
    },
    "xcomp":{
      "p":0.0,
      "r":0.0,
      "f":0.0
    },
    "cop":{
      "p":0.0,
      "r":0.0,
      "f":0.0
    },
    "advmod:emph":{
      "p":0.0,
      "r":0.0,
      "f":0.0
    },
    "parataxis":{
      "p":0.0,
      "r":0.0,
      "f":0.0
    },
    "acl:relcl":{
      "p":0.0,
      "r":0.0,
      "f":0.0
    }
  },
  "speed":37781.7301435495
}