{
  "token_acc":0.9993481095,
  "token_p":0.864495114,
  "token_r":0.9253835425,
  "token_f":0.8939036713,
  "lemma_acc":0.5790360634,
  "pos_acc":0.9342912213,
  "morph_acc":0.807320442,
  "morph_micro_p":0.8188499784,
  "morph_micro_r":0.7815143388,
  "morph_micro_f":0.7997466484,
  "morph_per_feat":{
    "Case":{
      "p":0.7818930041,
      "r":0.8028169014,
      "f":0.7922168172
    },
    "Gender":{
      "p":0.8918650794,
      "r":0.8652550529,
      "f":0.8783585735
    },
    "Number":{
      "p":0.8585657371,
      "r":0.8344627299,
      "f":0.8463426608
    },
    "PossGen":{
      "p":0.0,
      "r":0.0,
      "f":0.0
    },
    "PossSuffNum":{
      "p":0.8639053254,
      "r":0.874251497,
      "f":0.869047619
    },
    "PossSuffPer":{
      "p":0.8698224852,
      "r":0.880239521,
      "f":0.875
    },
    "PossSuffGen":{
      "p":0.8,
      "r":0.7945205479,
      "f":0.7972508591
    },
    "Mood":{
      "p":0.8438818565,
      "r":0.8032128514,
      "f":0.8230452675
    },
    "Person":{
      "p":0.8070866142,
      "r":0.7509157509,
      "f":0.7779886148
    },
    "VerbForm":{
      "p":0.7990196078,
      "r":0.7409090909,
      "f":0.7688679245
    },
    "VerbStem":{
      "p":0.805785124,
      "r":0.7558139535,
      "f":0.78
    },
    "Tense":{
      "p":0.591160221,
      "r":0.5846994536,
      "f":0.5879120879
    },
    "VerbSuffGen":{
      "p":0.6111111111,
      "r":0.3142857143,
      "f":0.4150943396
    },
    "VerbSuffNum":{
      "p":0.6111111111,
      "r":0.3055555556,
      "f":0.4074074074
    },
    "VerbSuffPer":{
      "p":0.6111111111,
      "r":0.3055555556,
      "f":0.4074074074
    },
    "NounStem":{
      "p":0.8717948718,
      "r":0.5862068966,
      "f":0.7010309278
    },
    "Subordinative":{
      "p":0.4,
      "r":0.4,
      "f":0.4
    },
    "Ventive":{
      "p":0.6507936508,
      "r":0.5394736842,
      "f":0.5899280576
    },
    "NounBase":{
      "p":0.2972972973,
      "r":0.25,
      "f":0.2716049383
    },
    "SubSuff":{
      "p":0.6808510638,
      "r":0.6530612245,
      "f":0.6666666667
    },
    "PrepSuffGen":{
      "p":1.0,
      "r":0.5,
      "f":0.6666666667
    },
    "PrepSuffNum":{
      "p":1.0,
      "r":0.5,
      "f":0.6666666667
    },
    "PresSuffPer":{
      "p":1.0,
      "r":0.3333333333,
      "f":0.5
    },
    "PossSufNum":{
      "p":1.0,
      "r":0.5714285714,
      "f":0.7272727273
    },
    "PossSufPer":{
      "p":1.0,
      "r":0.5714285714,
      "f":0.7272727273
    },
    "Focus":{
      "p":0.5,
      "r":0.25,
      "f":0.3333333333
    },
    "Voice":{
      "p":0.0,
      "r":0.0,
      "f":0.0
    },
    "PrepSuffPer":{
      "p":0.0,
      "r":0.0,
      "f":0.0
    }
  },
  "tag_acc":0.7731618286,
  "sents_p":0.8796944621,
  "sents_r":0.8285371703,
  "sents_f":0.8533497993,
  "dep_uas":0.8349921425,
  "dep_las":0.3096729297,
  "dep_las_per_type":{
    "case":{
      "p":0.9128787879,
      "r":0.9026217228,
      "f":0.9077212806
    },
    "root":{
      "p":0.07382134,
      "r":0.6959064327,
      "f":0.133482894
    },
    "appos":{
      "p":0.9666666667,
      "r":0.9508196721,
      "f":0.958677686
    },
    "nsubj":{
      "p":0.6303030303,
      "r":0.619047619,
      "f":0.6246246246
    },
    "advmod":{
      "p":0.6741573034,
      "r":0.7692307692,
      "f":0.7185628743
    },
    "obl":{
      "p":0.4921875,
      "r":0.6116504854,
      "f":0.5454545455
    },
    "_":{
      "p":0.0,
      "r":0.0,
      "f":0.0
    },
    "conj":{
      "p":0.3529411765,
      "r":0.4,
      "f":0.375
    },
    "obj":{
      "p":0.3333333333,
      "r":0.5285714286,
      "f":0.408839779
    },
    "cc":{
      "p":0.5384615385,
      "r":0.4375,
      "f":0.4827586207
    },
    "dislocated":{
      "p":0.0,
      "r":0.0,
      "f":0.0
    },
    "nmod":{
      "p":0.5454545455,
      "r":0.5940594059,
      "f":0.5687203791
    },
    "acl":{
      "p":0.2222222222,
      "r":0.0909090909,
      "f":0.1290322581
    },
    "amod":{
      "p":0.3684210526,
      "r":0.4375,
      "f":0.4
    },
    "fixed":{
      "p":0.5,
      "r":0.1,
      "f":0.1666666667
    },
    "acl:relcl":{
      "p":0.0,
      "r":0.0,
      "f":0.0
    },
    "nmod:poss":{
      "p":0.1052631579,
      "r":0.2,
      "f":0.1379310345
    },
    "discourse":{
      "p":0.5,
      "r":0.4166666667,
      "f":0.4545454545
    },
    "ccomp":{
      "p":0.2857142857,
      "r":0.2222222222,
      "f":0.25
    },
    "nummod":{
      "p":0.8823529412,
      "r":0.7142857143,
      "f":0.7894736842
    },
    "iobj":{
      "p":0.35,
      "r":0.3684210526,
      "f":0.358974359
    },
    "dep":{
      "p":0.0,
      "r":0.0,
      "f":0.0
    },
    "mark":{
      "p":0.5,
      "r":0.2307692308,
      "f":0.3157894737
    },
    "advcl":{
      "p":0.1666666667,
      "r":0.125,
      "f":0.1428571429
    },
    "det":{
      "p":0.5,
      "r":0.0833333333,
      "f":0.1428571429
    },
    "xcomp":{
      "p":0.0,
      "r":0.0,
      "f":0.0
    },
    "cop":{
      "p":0.0,
      "r":0.0,
      "f":0.0
    },
    "advmod:emph":{
      "p":0.0,
      "r":0.0,
      "f":0.0
    },
    "parataxis":{
      "p":0.0,
      "r":0.0,
      "f":0.0
    }
  },
  "speed":18159.3050515669
}