{
  "token_acc":0.9911066674,
  "token_p":0.9813269351,
  "token_r":0.9502020202,
  "token_f":0.9655137021,
  "lemma_acc":0.9529430036,
  "sents_p":0.7788578372,
  "sents_r":0.7885995489,
  "sents_f":0.7836984208,
  "dep_uas":0.7960576972,
  "dep_las":0.3840665264,
  "dep_las_per_type":{
    "_":{
      "p":0.0,
      "r":0.0,
      "f":0.0
    },
    "case":{
      "p":0.9110429448,
      "r":0.9271592092,
      "f":0.9190304281
    },
    "root":{
      "p":0.1092037229,
      "r":0.8148148148,
      "f":0.1925952945
    },
    "appos":{
      "p":0.9568527919,
      "r":0.9448621554,
      "f":0.9508196721
    },
    "nsubj":{
      "p":0.6547008547,
      "r":0.6580756014,
      "f":0.6563838903
    },
    "advmod":{
      "p":0.8006993007,
      "r":0.7483660131,
      "f":0.7736486486
    },
    "obj":{
      "p":0.5617021277,
      "r":0.4327868852,
      "f":0.4888888889
    },
    "nmod":{
      "p":0.7341463415,
      "r":0.5901960784,
      "f":0.6543478261
    },
    "fixed":{
      "p":0.5185185185,
      "r":0.3684210526,
      "f":0.4307692308
    },
    "acl":{
      "p":0.66,
      "r":0.3837209302,
      "f":0.4852941176
    },
    "nummod":{
      "p":0.7756410256,
      "r":0.8832116788,
      "f":0.8259385666
    },
    "conj":{
      "p":0.5222222222,
      "r":0.4392523364,
      "f":0.4771573604
    },
    "dislocated":{
      "p":0.0769230769,
      "r":0.0178571429,
      "f":0.0289855072
    },
    "obl":{
      "p":0.5809312639,
      "r":0.6208530806,
      "f":0.6002290951
    },
    "iobj":{
      "p":0.4603174603,
      "r":0.3452380952,
      "f":0.3945578231
    },
    "discourse":{
      "p":0.5949367089,
      "r":0.5696969697,
      "f":0.5820433437
    },
    "dep":{
      "p":0.0,
      "r":0.0,
      "f":0.0
    },
    "mark":{
      "p":0.7608695652,
      "r":0.625,
      "f":0.6862745098
    },
    "advcl":{
      "p":0.1666666667,
      "r":0.2075471698,
      "f":0.1848739496
    },
    "amod":{
      "p":0.8666666667,
      "r":0.6393442623,
      "f":0.7358490566
    },
    "parataxis":{
      "p":0.0,
      "r":0.0,
      "f":0.0
    },
    "det":{
      "p":0.75,
      "r":0.5892857143,
      "f":0.66
    },
    "ccomp":{
      "p":0.3866666667,
      "r":0.3085106383,
      "f":0.3431952663
    },
    "nmod:poss":{
      "p":0.6739130435,
      "r":0.5,
      "f":0.5740740741
    },
    "cc":{
      "p":0.5853658537,
      "r":0.6,
      "f":0.5925925926
    },
    "advmod:emph":{
      "p":0.6666666667,
      "r":0.5,
      "f":0.5714285714
    },
    "cop":{
      "p":0.0,
      "r":0.0,
      "f":0.0
    },
    "vocative":{
      "p":0.0,
      "r":0.0,
      "f":0.0
    },
    "xcomp":{
      "p":0.0,
      "r":0.0,
      "f":0.0
    },
    "acl:relcl":{
      "p":0.5,
      "r":0.5,
      "f":0.5
    }
  },
  "tag_acc":0.6017405719,
  "pos_acc":0.9365599792,
  "morph_acc":0.820940348,
  "morph_micro_p":0.8790138921,
  "morph_micro_r":0.8392129151,
  "morph_micro_f":0.858652429,
  "morph_per_feat":{
    "Case":{
      "p":0.8337950139,
      "r":0.7592792793,
      "f":0.7947944172
    },
    "Gender":{
      "p":0.9380672718,
      "r":0.8858079153,
      "f":0.9111889019
    },
    "Number":{
      "p":0.9306824288,
      "r":0.8780735108,
      "f":0.9036128864
    },
    "PossSuffNum":{
      "p":0.9292929293,
      "r":0.9049180328,
      "f":0.9169435216
    },
    "PossSuffPer":{
      "p":0.9292929293,
      "r":0.9049180328,
      "f":0.9169435216
    },
    "NounBase":{
      "p":0.7548209366,
      "r":0.6116071429,
      "f":0.6757090012
    },
    "Mood":{
      "p":0.8916046759,
      "r":0.881302521,
      "f":0.8864236661
    },
    "Person":{
      "p":0.8576923077,
      "r":0.8446969697,
      "f":0.8511450382
    },
    "Tense":{
      "p":0.7578796562,
      "r":0.7790868925,
      "f":0.7683369644
    },
    "VerbForm":{
      "p":0.8566131026,
      "r":0.8761061947,
      "f":0.86625
    },
    "VerbStem":{
      "p":0.8759200841,
      "r":0.8614270941,
      "f":0.8686131387
    },
    "PossSuffGen":{
      "p":0.845323741,
      "r":0.8867924528,
      "f":0.8655616943
    },
    "Ventive":{
      "p":0.7106918239,
      "r":0.70625,
      "f":0.7084639498
    },
    "SubSuff":{
      "p":0.8026315789,
      "r":0.7011494253,
      "f":0.7484662577
    },
    "Subordinative":{
      "p":0.5625,
      "r":0.606741573,
      "f":0.5837837838
    },
    "Voice":{
      "p":0.25,
      "r":0.3,
      "f":0.2727272727
    },
    "VerbSuffGen":{
      "p":0.6666666667,
      "r":0.6666666667,
      "f":0.6666666667
    },
    "VerbSuffNum":{
      "p":0.649122807,
      "r":0.649122807,
      "f":0.649122807
    },
    "VerbSuffPer":{
      "p":0.6578947368,
      "r":0.6578947368,
      "f":0.6578947368
    },
    "PrepSuffGen":{
      "p":0.96,
      "r":0.96,
      "f":0.96
    },
    "PrepSuffNum":{
      "p":0.96,
      "r":0.96,
      "f":0.96
    },
    "PresSuffPer":{
      "p":0.9333333333,
      "r":0.8235294118,
      "f":0.875
    },
    "1.c.s.perf. G Gender":{
      "p":0.0,
      "r":0.0,
      "f":0.0
    },
    "Focus":{
      "p":0.8666666667,
      "r":0.52,
      "f":0.65
    },
    "SubSuffix":{
      "p":0.25,
      "r":0.1428571429,
      "f":0.1818181818
    },
    "PronType":{
      "p":0.0,
      "r":0.0,
      "f":0.0
    },
    "PossSufNum":{
      "p":0.75,
      "r":0.75,
      "f":0.75
    },
    "PossSufPer":{
      "p":0.75,
      "r":0.75,
      "f":0.75
    },
    "PrepSuffPer":{
      "p":0.8,
      "r":1.0,
      "f":0.8888888889
    },
    "NounState":{
      "p":0.0,
      "r":0.0,
      "f":0.0
    },
    "Question":{
      "p":0.0,
      "r":0.0,
      "f":0.0
    },
    "NounSuffNum":{
      "p":0.0,
      "r":0.0,
      "f":0.0
    },
    "NounSuffPer":{
      "p":0.0,
      "r":0.0,
      "f":0.0
    },
    "Subordinate":{
      "p":0.0,
      "r":0.0,
      "f":0.0
    },
    "verbForm":{
      "p":0.0,
      "r":0.0,
      "f":0.0
    }
  },
  "speed":2388.7548606837
}