{
  "token_acc":1.0,
  "token_p":1.0,
  "token_r":1.0,
  "token_f":1.0,
  "lemma_acc":1.0,
  "tag_acc":0.917877907,
  "pos_acc":0.9338181818,
  "morph_acc":0.8387799564,
  "morph_micro_p":0.8731481481,
  "morph_micro_r":0.8077087794,
  "morph_micro_f":0.8391546162,
  "morph_per_feat":{
    "Case":{
      "p":0.8233215548,
      "r":0.6893491124,
      "f":0.7504025765
    },
    "Gender":{
      "p":0.9263157895,
      "r":0.8853118712,
      "f":0.9053497942
    },
    "Number":{
      "p":0.8968421053,
      "r":0.8571428571,
      "f":0.8765432099
    },
    "PossSuffGen":{
      "p":0.9677419355,
      "r":0.8,
      "f":0.8759124088
    },
    "PossSuffNum":{
      "p":0.9538461538,
      "r":0.8051948052,
      "f":0.8732394366
    },
    "PossSuffPer":{
      "p":0.9846153846,
      "r":0.8311688312,
      "f":0.9014084507
    },
    "Mood":{
      "p":0.8897637795,
      "r":0.8692307692,
      "f":0.8793774319
    },
    "Person":{
      "p":0.8541666667,
      "r":0.8145695364,
      "f":0.8338983051
    },
    "VerbForm":{
      "p":0.88,
      "r":0.8301886792,
      "f":0.854368932
    },
    "VerbStem":{
      "p":0.8384615385,
      "r":0.8320610687,
      "f":0.8352490421
    },
    "Tense":{
      "p":0.7325581395,
      "r":0.7159090909,
      "f":0.724137931
    },
    "NounBase":{
      "p":0.5714285714,
      "r":0.5333333333,
      "f":0.5517241379
    },
    "NounStem":{
      "p":0.85,
      "r":0.6538461538,
      "f":0.7391304348
    },
    "SubSuff":{
      "p":0.875,
      "r":0.5384615385,
      "f":0.6666666667
    },
    "Subordinative":{
      "p":0.25,
      "r":0.25,
      "f":0.25
    },
    "VerbSuffGen":{
      "p":0.7647058824,
      "r":0.7647058824,
      "f":0.7647058824
    },
    "VerbSuffNum":{
      "p":0.7777777778,
      "r":0.8235294118,
      "f":0.8
    },
    "VerbSuffPer":{
      "p":0.7222222222,
      "r":0.7647058824,
      "f":0.7428571429
    },
    "Ventive":{
      "p":0.7083333333,
      "r":0.6071428571,
      "f":0.6538461538
    },
    "SubSuffix":{
      "p":1.0,
      "r":0.5,
      "f":0.6666666667
    },
    "Focus":{
      "p":0.6666666667,
      "r":0.6666666667,
      "f":0.6666666667
    },
    "Voice":{
      "p":0.0,
      "r":0.0,
      "f":0.0
    },
    "PrepSuffGen":{
      "p":1.0,
      "r":1.0,
      "f":1.0
    },
    "PrepSuffNum":{
      "p":1.0,
      "r":1.0,
      "f":1.0
    },
    "PrepSuffPer":{
      "p":1.0,
      "r":1.0,
      "f":1.0
    }
  },
  "speed":21160.592901716
}