{
  "token_acc":0.9986320109,
  "token_p":0.9927140255,
  "token_r":0.9922621757,
  "token_f":0.9924880492,
  "lemma_acc":0.9377706861,
  "pos_acc":0.9405529954,
  "morph_acc":0.8329529895,
  "morph_micro_p":0.873003506,
  "morph_micro_r":0.6739849624,
  "morph_micro_f":0.7606924644,
  "morph_per_feat":{
    "Case":{
      "p":0.8710462287,
      "r":0.7306122449,
      "f":0.794672586
    },
    "Gender":{
      "p":0.9428571429,
      "r":0.7857142857,
      "f":0.8571428571
    },
    "Number":{
      "p":0.9415584416,
      "r":0.7827260459,
      "f":0.8548268239
    },
    "PossSuffNum":{
      "p":0.8717948718,
      "r":0.9107142857,
      "f":0.8908296943
    },
    "PossSuffPer":{
      "p":0.8620689655,
      "r":0.8928571429,
      "f":0.8771929825
    },
    "Mood":{
      "p":0.84,
      "r":0.3987341772,
      "f":0.5407725322
    },
    "Person":{
      "p":0.8613861386,
      "r":0.4627659574,
      "f":0.6020761246
    },
    "Ventive":{
      "p":0.5652173913,
      "r":0.2954545455,
      "f":0.3880597015
    },
    "VerbStem":{
      "p":0.8,
      "r":0.3878787879,
      "f":0.5224489796
    },
    "Tense":{
      "p":0.7627118644,
      "r":0.3846153846,
      "f":0.5113636364
    },
    "VerbForm":{
      "p":0.7391304348,
      "r":0.3566433566,
      "f":0.4811320755
    },
    "VerbSuffGen":{
      "p":0.6666666667,
      "r":0.6153846154,
      "f":0.64
    },
    "VerbSuffNum":{
      "p":0.6666666667,
      "r":0.5714285714,
      "f":0.6153846154
    },
    "VerbSuffPer":{
      "p":0.6666666667,
      "r":0.5714285714,
      "f":0.6153846154
    },
    "SubSuff":{
      "p":0.9166666667,
      "r":0.3666666667,
      "f":0.5238095238
    },
    "Subordinative":{
      "p":0.4,
      "r":0.08,
      "f":0.1333333333
    },
    "PossSuffGen":{
      "p":0.5566037736,
      "r":0.8428571429,
      "f":0.6704545455
    },
    "PossSufNum":{
      "p":1.0,
      "r":0.4285714286,
      "f":0.6
    },
    "PossSufPer":{
      "p":1.0,
      "r":0.4285714286,
      "f":0.6
    },
    "NounBase":{
      "p":0.796875,
      "r":0.7727272727,
      "f":0.7846153846
    },
    "Focus":{
      "p":1.0,
      "r":0.5,
      "f":0.6666666667
    },
    "NounStem":{
      "p":0.6666666667,
      "r":0.6666666667,
      "f":0.6666666667
    },
    "PrepSuffGen":{
      "p":1.0,
      "r":1.0,
      "f":1.0
    },
    "PrepSuffNum":{
      "p":1.0,
      "r":1.0,
      "f":1.0
    },
    "PresSuffPer":{
      "p":0.5,
      "r":1.0,
      "f":0.6666666667
    },
    "NounState":{
      "p":1.0,
      "r":1.0,
      "f":1.0
    },
    "PronType":{
      "p":0.0,
      "r":0.0,
      "f":0.0
    },
    "Voice":{
      "p":0.0,
      "r":0.0,
      "f":0.0
    },
    "PrepSuffPer":{
      "p":1.0,
      "r":0.6666666667,
      "f":0.8
    }
  },
  "tag_acc":0.6467502851,
  "sents_p":0.875,
  "sents_r":0.8901098901,
  "sents_f":0.8824902724,
  "dep_uas":0.8732907931,
  "dep_las":0.3432087511,
  "dep_las_per_type":{
    "_":{
      "p":0.0,
      "r":0.0,
      "f":0.0
    },
    "discourse":{
      "p":0.6,
      "r":0.4444444444,
      "f":0.5106382979
    },
    "case":{
      "p":0.902173913,
      "r":0.9171270718,
      "f":0.9095890411
    },
    "obl":{
      "p":0.6533333333,
      "r":0.6363636364,
      "f":0.6447368421
    },
    "root":{
      "p":0.0764478764,
      "r":0.8389830508,
      "f":0.1401273885
    },
    "nmod":{
      "p":0.6875,
      "r":0.7173913043,
      "f":0.7021276596
    },
    "obj":{
      "p":0.6756756757,
      "r":0.5319148936,
      "f":0.5952380952
    },
    "conj":{
      "p":0.6440677966,
      "r":0.5757575758,
      "f":0.608
    },
    "advmod":{
      "p":0.859375,
      "r":0.9166666667,
      "f":0.8870967742
    },
    "fixed":{
      "p":1.0,
      "r":0.1428571429,
      "f":0.25
    },
    "nsubj":{
      "p":0.6568627451,
      "r":0.6320754717,
      "f":0.6442307692
    },
    "det":{
      "p":0.5,
      "r":0.375,
      "f":0.4285714286
    },
    "mark":{
      "p":0.5,
      "r":0.3846153846,
      "f":0.4347826087
    },
    "xcomp":{
      "p":0.0,
      "r":0.0,
      "f":0.0
    },
    "ccomp":{
      "p":0.6,
      "r":0.2727272727,
      "f":0.375
    },
    "dep":{
      "p":0.0,
      "r":0.0,
      "f":0.0
    },
    "acl":{
      "p":0.5,
      "r":0.1764705882,
      "f":0.2608695652
    },
    "dislocated":{
      "p":0.0,
      "r":0.0,
      "f":0.0
    },
    "amod":{
      "p":0.8181818182,
      "r":0.9,
      "f":0.8571428571
    },
    "advcl":{
      "p":0.0,
      "r":0.0,
      "f":0.0
    },
    "cc":{
      "p":0.4285714286,
      "r":0.75,
      "f":0.5454545455
    },
    "nmod:poss":{
      "p":0.8055555556,
      "r":1.0,
      "f":0.8923076923
    },
    "appos":{
      "p":0.9166666667,
      "r":0.950617284,
      "f":0.9333333333
    },
    "nummod":{
      "p":0.84,
      "r":0.875,
      "f":0.8571428571
    },
    "parataxis":{
      "p":0.0,
      "r":0.0,
      "f":0.0
    },
    "iobj":{
      "p":0.6923076923,
      "r":0.5625,
      "f":0.6206896552
    },
    "list":{
      "p":0.0,
      "r":0.0,
      "f":0.0
    },
    "acl:relcl":{
      "p":1.0,
      "r":1.0,
      "f":1.0
    }
  },
  "speed":5318.6840821608
}