{
  "token_acc":0.9981829194,
  "token_p":0.9879081016,
  "token_r":0.9915048544,
  "token_f":0.9897032102,
  "tag_acc":0.8880778589,
  "pos_acc":0.9333333333,
  "morph_acc":0.8,
  "morph_micro_p":0.8435561682,
  "morph_micro_r":0.7821086262,
  "morph_micro_f":0.8116710875,
  "morph_per_feat":{
    "Case":{
      "p":0.8333333333,
      "r":0.7883817427,
      "f":0.8102345416
    },
    "Gender":{
      "p":0.8950617284,
      "r":0.8630952381,
      "f":0.8787878788
    },
    "Number":{
      "p":0.9164086687,
      "r":0.8862275449,
      "f":0.901065449
    },
    "PossSuffGen":{
      "p":0.6956521739,
      "r":0.7272727273,
      "f":0.7111111111
    },
    "PossSuffNum":{
      "p":0.8983050847,
      "r":0.8983050847,
      "f":0.8983050847
    },
    "PossSuffPer":{
      "p":0.9152542373,
      "r":0.9152542373,
      "f":0.9152542373
    },
    "Mood":{
      "p":0.9117647059,
      "r":0.7848101266,
      "f":0.843537415
    },
    "Person":{
      "p":0.76,
      "r":0.6627906977,
      "f":0.7080745342
    },
    "SubSuff":{
      "p":1.0,
      "r":0.6666666667,
      "f":0.8
    },
    "Tense":{
      "p":0.6153846154,
      "r":0.5333333333,
      "f":0.5714285714
    },
    "Ventive":{
      "p":0.7142857143,
      "r":0.5714285714,
      "f":0.6349206349
    },
    "VerbForm":{
      "p":0.7580645161,
      "r":0.7014925373,
      "f":0.7286821705
    },
    "VerbStem":{
      "p":0.8088235294,
      "r":0.6626506024,
      "f":0.7284768212
    },
    "NounBase":{
      "p":0.5,
      "r":0.3913043478,
      "f":0.4390243902
    },
    "Focus":{
      "p":0.0,
      "r":0.0,
      "f":0.0
    },
    "PrepSuffGen":{
      "p":0.0,
      "r":0.0,
      "f":0.0
    },
    "PrepSuffNum":{
      "p":0.0,
      "r":0.0,
      "f":0.0
    },
    "PresSuffPer":{
      "p":0.0,
      "r":0.0,
      "f":0.0
    },
    "Subordinative":{
      "p":0.625,
      "r":0.5,
      "f":0.5555555556
    },
    "PossSufNum":{
      "p":0.5,
      "r":1.0,
      "f":0.6666666667
    },
    "PossSufPer":{
      "p":0.5,
      "r":1.0,
      "f":0.6666666667
    },
    "NounStem":{
      "p":0.5384615385,
      "r":0.4666666667,
      "f":0.5
    },
    "VerbSuffGen":{
      "p":0.5,
      "r":0.3333333333,
      "f":0.4
    },
    "VerbSuffNum":{
      "p":1.0,
      "r":0.6666666667,
      "f":0.8
    },
    "VerbSuffPer":{
      "p":0.0,
      "r":0.0,
      "f":0.0
    },
    "NounState":{
      "p":0.0,
      "r":0.0,
      "f":0.0
    }
  },
  "lemma_acc":0.9696601942,
  "sents_p":0.8048780488,
  "sents_r":0.8481308411,
  "sents_f":0.8259385666,
  "dep_uas":0.8446601942,
  "dep_las":0.3689320388,
  "dep_las_per_type":{
    "case":{
      "p":0.9078947368,
      "r":0.8734177215,
      "f":0.8903225806
    },
    "root":{
      "p":0.1032967033,
      "r":0.8245614035,
      "f":0.18359375
    },
    "appos":{
      "p":0.8148148148,
      "r":0.8979591837,
      "f":0.854368932
    },
    "nsubj":{
      "p":0.6470588235,
      "r":0.6226415094,
      "f":0.6346153846
    },
    "advmod":{
      "p":0.8333333333,
      "r":0.75,
      "f":0.7894736842
    },
    "obj":{
      "p":0.52,
      "r":0.5,
      "f":0.5098039216
    },
    "discourse":{
      "p":0.4,
      "r":0.5,
      "f":0.4444444444
    },
    "obl":{
      "p":0.625,
      "r":0.5405405405,
      "f":0.5797101449
    },
    "conj":{
      "p":0.4583333333,
      "r":0.3548387097,
      "f":0.4
    },
    "dislocated":{
      "p":0.0,
      "r":0.0,
      "f":0.0
    },
    "_":{
      "p":0.0,
      "r":0.0,
      "f":0.0
    },
    "nmod":{
      "p":0.7,
      "r":0.6086956522,
      "f":0.6511627907
    },
    "mark":{
      "p":0.5,
      "r":0.4,
      "f":0.4444444444
    },
    "advcl":{
      "p":0.0,
      "r":0.0,
      "f":0.0
    },
    "nmod:poss":{
      "p":0.0,
      "r":0.0,
      "f":0.0
    },
    "parataxis":{
      "p":0.0,
      "r":0.0,
      "f":0.0
    },
    "acl":{
      "p":1.0,
      "r":0.375,
      "f":0.5454545455
    },
    "cc":{
      "p":1.0,
      "r":1.0,
      "f":1.0
    },
    "iobj":{
      "p":1.0,
      "r":0.25,
      "f":0.4
    },
    "ccomp":{
      "p":0.0,
      "r":0.0,
      "f":0.0
    },
    "amod":{
      "p":0.6666666667,
      "r":0.5,
      "f":0.5714285714
    },
    "dep":{
      "p":0.0,
      "r":0.0,
      "f":0.0
    },
    "nummod":{
      "p":0.9285714286,
      "r":0.9285714286,
      "f":0.9285714286
    },
    "vocative":{
      "p":0.0,
      "r":0.0,
      "f":0.0
    },
    "fixed":{
      "p":0.0,
      "r":0.0,
      "f":0.0
    }
  },
  "speed":17369.5706930359
}