{
  "token_acc":0.9968287526,
  "token_p":0.9863013699,
  "token_r":0.9873417722,
  "token_f":0.9868212968,
  "lemma_acc":0.9603384453,
  "tag_acc":0.8881822999,
  "pos_acc":0.9109225875,
  "morph_acc":0.8088935945,
  "morph_micro_p":0.8855353075,
  "morph_micro_r":0.8227513228,
  "morph_micro_f":0.8529895776,
  "morph_per_feat":{
    "Case":{
      "p":0.8487394958,
      "r":0.677852349,
      "f":0.7537313433
    },
    "Gender":{
      "p":0.9473684211,
      "r":0.8910891089,
      "f":0.9183673469
    },
    "Number":{
      "p":0.9301075269,
      "r":0.8628428928,
      "f":0.8952134541
    },
    "NounStem":{
      "p":0.8,
      "r":0.7619047619,
      "f":0.7804878049
    },
    "PossSuffGen":{
      "p":0.7580645161,
      "r":0.8867924528,
      "f":0.8173913043
    },
    "PossSuffNum":{
      "p":0.8125,
      "r":0.8666666667,
      "f":0.8387096774
    },
    "PossSuffPer":{
      "p":0.859375,
      "r":0.9166666667,
      "f":0.8870967742
    },
    "Mood":{
      "p":0.9081632653,
      "r":0.89,
      "f":0.898989899
    },
    "Person":{
      "p":0.9223300971,
      "r":0.8482142857,
      "f":0.8837209302
    },
    "Tense":{
      "p":0.8611111111,
      "r":0.8493150685,
      "f":0.8551724138
    },
    "Ventive":{
      "p":0.7857142857,
      "r":0.5641025641,
      "f":0.6567164179
    },
    "VerbForm":{
      "p":0.8974358974,
      "r":0.8536585366,
      "f":0.875
    },
    "VerbStem":{
      "p":0.932038835,
      "r":0.9230769231,
      "f":0.9275362319
    },
    "SubSuff":{
      "p":0.6666666667,
      "r":0.2857142857,
      "f":0.4
    },
    "PossSufNum":{
      "p":0.0,
      "r":0.0,
      "f":0.0
    },
    "PossSufPer":{
      "p":0.0,
      "r":0.0,
      "f":0.0
    },
    "PrepSuffGen":{
      "p":1.0,
      "r":0.6,
      "f":0.75
    },
    "PrepSuffNum":{
      "p":1.0,
      "r":0.6,
      "f":0.75
    },
    "PrepSuffPer":{
      "p":0.0,
      "r":0.0,
      "f":0.0
    },
    "VerbSuffGen":{
      "p":0.3846153846,
      "r":0.5,
      "f":0.4347826087
    },
    "VerbSuffNum":{
      "p":0.3846153846,
      "r":0.5,
      "f":0.4347826087
    },
    "VerbSuffPer":{
      "p":0.3846153846,
      "r":0.5,
      "f":0.4347826087
    },
    "NounBase":{
      "p":0.6,
      "r":0.8571428571,
      "f":0.7058823529
    },
    "Focus":{
      "p":1.0,
      "r":0.6666666667,
      "f":0.8
    },
    "Subordinative":{
      "p":0.75,
      "r":0.4285714286,
      "f":0.5454545455
    },
    "PresSuffPer":{
      "p":1.0,
      "r":0.75,
      "f":0.8571428571
    },
    "Question":{
      "p":1.0,
      "r":1.0,
      "f":1.0
    }
  },
  "sents_p":0.7951807229,
  "sents_r":0.8068459658,
  "sents_f":0.8009708738,
  "dep_uas":0.8109820486,
  "dep_las":0.4462025316,
  "dep_las_per_type":{
    "root":{
      "p":0.1397590361,
      "r":0.7341772152,
      "f":0.2348178138
    },
    "_":{
      "p":0.0,
      "r":0.0,
      "f":0.0
    },
    "obj":{
      "p":0.3235294118,
      "r":0.3548387097,
      "f":0.3384615385
    },
    "case":{
      "p":0.9619047619,
      "r":0.9805825243,
      "f":0.9711538462
    },
    "nmod":{
      "p":0.606557377,
      "r":0.8222222222,
      "f":0.6981132075
    },
    "obl":{
      "p":0.5384615385,
      "r":0.4565217391,
      "f":0.4941176471
    },
    "appos":{
      "p":0.9795918367,
      "r":0.8727272727,
      "f":0.9230769231
    },
    "iobj":{
      "p":0.8,
      "r":0.5714285714,
      "f":0.6666666667
    },
    "nsubj":{
      "p":0.8,
      "r":0.6285714286,
      "f":0.704
    },
    "dislocated":{
      "p":0.0,
      "r":0.0,
      "f":0.0
    },
    "amod":{
      "p":0.75,
      "r":0.4285714286,
      "f":0.5454545455
    },
    "acl":{
      "p":0.5714285714,
      "r":0.4444444444,
      "f":0.5
    },
    "ccomp":{
      "p":0.2222222222,
      "r":0.1538461538,
      "f":0.1818181818
    },
    "conj":{
      "p":0.3255813953,
      "r":0.3414634146,
      "f":0.3333333333
    },
    "advmod":{
      "p":0.7222222222,
      "r":0.8387096774,
      "f":0.776119403
    },
    "cc":{
      "p":0.6666666667,
      "r":0.5,
      "f":0.5714285714
    },
    "discourse":{
      "p":0.7037037037,
      "r":0.76,
      "f":0.7307692308
    },
    "parataxis":{
      "p":0.0,
      "r":0.0,
      "f":0.0
    },
    "nmod:poss":{
      "p":0.3333333333,
      "r":0.3333333333,
      "f":0.3333333333
    },
    "nummod":{
      "p":0.9090909091,
      "r":0.9523809524,
      "f":0.9302325581
    },
    "dep":{
      "p":0.0,
      "r":0.0,
      "f":0.0
    },
    "advcl":{
      "p":0.3333333333,
      "r":0.3333333333,
      "f":0.3333333333
    },
    "xcomp":{
      "p":0.0,
      "r":0.0,
      "f":0.0
    },
    "det":{
      "p":1.0,
      "r":0.6,
      "f":0.75
    },
    "acl:relcl":{
      "p":0.0,
      "r":0.0,
      "f":0.0
    },
    "mark":{
      "p":0.5,
      "r":0.3333333333,
      "f":0.4
    },
    "fixed":{
      "p":1.0,
      "r":0.3333333333,
      "f":0.5
    }
  },
  "speed":17060.5845989403
}