{
  "token_acc":0.9934782609,
  "token_p":0.9854211663,
  "token_r":0.9681697613,
  "token_f":0.9767192936,
  "tag_acc":0.9481921209,
  "pos_acc":0.9756361668,
  "morph_acc":0.9014008621,
  "morph_micro_p":0.9967069155,
  "morph_micro_r":0.9809146561,
  "morph_micro_f":0.9887477314,
  "morph_per_feat":{
    "Case":{
      "p":0.9951100244,
      "r":0.9736842105,
      "f":0.984280532
    },
    "Gender":{
      "p":0.9982935154,
      "r":0.9733777038,
      "f":0.9856781803
    },
    "Number":{
      "p":0.9982847341,
      "r":0.9797979798,
      "f":0.9889549703
    },
    "PossSuffNum":{
      "p":0.9866666667,
      "r":1.0,
      "f":0.9932885906
    },
    "PossSuffPer":{
      "p":0.9866666667,
      "r":1.0,
      "f":0.9932885906
    },
    "PossSufNum":{
      "p":1.0,
      "r":0.5,
      "f":0.6666666667
    },
    "PossSufPer":{
      "p":1.0,
      "r":0.5,
      "f":0.6666666667
    },
    "NounBase":{
      "p":0.9838709677,
      "r":0.8714285714,
      "f":0.9242424242
    },
    "Mood":{
      "p":1.0,
      "r":1.0,
      "f":1.0
    },
    "Person":{
      "p":1.0,
      "r":1.0,
      "f":1.0
    },
    "Tense":{
      "p":1.0,
      "r":1.0,
      "f":1.0
    },
    "VerbForm":{
      "p":1.0,
      "r":1.0,
      "f":1.0
    },
    "VerbStem":{
      "p":1.0,
      "r":1.0,
      "f":1.0
    },
    "Subordinative":{
      "p":1.0,
      "r":1.0,
      "f":1.0
    },
    "Ventive":{
      "p":1.0,
      "r":1.0,
      "f":1.0
    },
    "VerbSuffNum":{
      "p":1.0,
      "r":1.0,
      "f":1.0
    },
    "VerbSuffPer":{
      "p":0.9,
      "r":0.9,
      "f":0.9
    },
    "NounSuffNum":{
      "p":1.0,
      "r":1.0,
      "f":1.0
    },
    "NounSuffPer":{
      "p":1.0,
      "r":1.0,
      "f":1.0
    },
    "PrepSuffGen":{
      "p":1.0,
      "r":1.0,
      "f":1.0
    },
    "PrepSuffNum":{
      "p":1.0,
      "r":1.0,
      "f":1.0
    },
    "PresSuffPer":{
      "p":1.0,
      "r":1.0,
      "f":1.0
    },
    "PossSuffGen":{
      "p":0.984375,
      "r":0.984375,
      "f":0.984375
    },
    "Focus":{
      "p":1.0,
      "r":1.0,
      "f":1.0
    },
    "VerbSuffGen":{
      "p":1.0,
      "r":1.0,
      "f":1.0
    },
    "NounStem":{
      "p":1.0,
      "r":0.95,
      "f":0.9743589744
    },
    "SubSuff":{
      "p":1.0,
      "r":1.0,
      "f":1.0
    },
    "PrepSuffPer":{
      "p":1.0,
      "r":1.0,
      "f":1.0
    },
    "NounState":{
      "p":1.0,
      "r":1.0,
      "f":1.0
    },
    "number":{
      "p":1.0,
      "r":1.0,
      "f":1.0
    }
  },
  "lemma_acc":0.9458658766,
  "sents_p":0.9107929515,
  "sents_r":0.912803532,
  "sents_f":0.9117971334,
  "dep_uas":0.9052462527,
  "dep_las":0.5251605996,
  "dep_las_per_type":{
    "_":{
      "p":0.0,
      "r":0.0,
      "f":0.0
    },
    "case":{
      "p":0.9646464646,
      "r":0.9646464646,
      "f":0.9646464646
    },
    "root":{
      "p":0.1692650334,
      "r":0.9743589744,
      "f":0.2884250474
    },
    "appos":{
      "p":1.0,
      "r":0.9431818182,
      "f":0.9707602339
    },
    "nsubj":{
      "p":0.9008264463,
      "r":0.8320610687,
      "f":0.8650793651
    },
    "advmod":{
      "p":0.9111111111,
      "r":0.82,
      "f":0.8631578947
    },
    "nmod":{
      "p":0.9175257732,
      "r":0.7946428571,
      "f":0.8516746411
    },
    "nummod":{
      "p":0.96875,
      "r":0.96875,
      "f":0.96875
    },
    "dep":{
      "p":0.0588235294,
      "r":1.0,
      "f":0.1111111111
    },
    "obl":{
      "p":0.9054054054,
      "r":0.8701298701,
      "f":0.8874172185
    },
    "discourse":{
      "p":0.7857142857,
      "r":0.6666666667,
      "f":0.7213114754
    },
    "dislocated":{
      "p":0.8571428571,
      "r":0.5,
      "f":0.6315789474
    },
    "obj":{
      "p":0.8813559322,
      "r":0.8813559322,
      "f":0.8813559322
    },
    "null":{
      "p":0.0,
      "r":0.0,
      "f":0.0
    },
    "ccomp":{
      "p":1.0,
      "r":0.7777777778,
      "f":0.875
    },
    "fixed":{
      "p":0.6,
      "r":0.3,
      "f":0.4
    },
    "iobj":{
      "p":1.0,
      "r":1.0,
      "f":1.0
    },
    "acl":{
      "p":0.75,
      "r":0.6,
      "f":0.6666666667
    },
    "conj":{
      "p":0.9846153846,
      "r":0.8205128205,
      "f":0.8951048951
    },
    "amod":{
      "p":1.0,
      "r":0.9,
      "f":0.9473684211
    },
    "det":{
      "p":0.8888888889,
      "r":0.8,
      "f":0.8421052632
    },
    "nmod:poss":{
      "p":1.0,
      "r":0.5,
      "f":0.6666666667
    },
    "cc":{
      "p":1.0,
      "r":1.0,
      "f":1.0
    },
    "mark":{
      "p":1.0,
      "r":0.8181818182,
      "f":0.9
    },
    "advmod:emph":{
      "p":1.0,
      "r":1.0,
      "f":1.0
    },
    "parataxis":{
      "p":1.0,
      "r":0.8,
      "f":0.8888888889
    },
    "advcl":{
      "p":1.0,
      "r":0.4,
      "f":0.5714285714
    },
    "aux":{
      "p":0.0,
      "r":0.0,
      "f":0.0
    }
  },
  "speed":19592.4240498082
}