{
  "token_acc":0.9929957975,
  "token_p":0.9821144674,
  "token_r":0.9558994197,
  "token_f":0.9688296412,
  "lemma_acc":0.9380181603,
  "sents_p":0.7859327217,
  "sents_r":0.796281952,
  "sents_f":0.7910734898,
  "dep_uas":0.7959183673,
  "dep_las":0.3818681319,
  "dep_las_per_type":{
    "case":{
      "p":0.9288888889,
      "r":0.9166666667,
      "f":0.9227373068
    },
    "root":{
      "p":0.1176012461,
      "r":0.807486631,
      "f":0.2053025153
    },
    "appos":{
      "p":0.9252336449,
      "r":0.8918918919,
      "f":0.9082568807
    },
    "nsubj":{
      "p":0.632,
      "r":0.5642857143,
      "f":0.5962264151
    },
    "advmod":{
      "p":0.7714285714,
      "r":0.8571428571,
      "f":0.8120300752
    },
    "cc":{
      "p":0.8,
      "r":0.7272727273,
      "f":0.7619047619
    },
    "conj":{
      "p":0.4479166667,
      "r":0.43,
      "f":0.4387755102
    },
    "obl":{
      "p":0.5849056604,
      "r":0.6458333333,
      "f":0.6138613861
    },
    "nmod":{
      "p":0.6476190476,
      "r":0.6666666667,
      "f":0.6570048309
    },
    "_":{
      "p":0.2,
      "r":0.0008525149,
      "f":0.0016977929
    },
    "dislocated":{
      "p":0.5,
      "r":0.1818181818,
      "f":0.2666666667
    },
    "acl":{
      "p":0.6666666667,
      "r":0.5454545455,
      "f":0.6
    },
    "obj":{
      "p":0.5384615385,
      "r":0.4375,
      "f":0.4827586207
    },
    "nummod":{
      "p":0.8285714286,
      "r":0.8787878788,
      "f":0.8529411765
    },
    "dep":{
      "p":0.0,
      "r":0.0,
      "f":0.0
    },
    "discourse":{
      "p":0.5,
      "r":0.4666666667,
      "f":0.4827586207
    },
    "amod":{
      "p":0.7096774194,
      "r":0.7096774194,
      "f":0.7096774194
    },
    "ccomp":{
      "p":0.4375,
      "r":0.4375,
      "f":0.4375
    },
    "advcl":{
      "p":0.6666666667,
      "r":0.3636363636,
      "f":0.4705882353
    },
    "iobj":{
      "p":0.6666666667,
      "r":0.3571428571,
      "f":0.4651162791
    },
    "det":{
      "p":0.6363636364,
      "r":0.5833333333,
      "f":0.6086956522
    },
    "cop":{
      "p":0.0,
      "r":0.0,
      "f":0.0
    },
    "mark":{
      "p":0.8571428571,
      "r":0.6666666667,
      "f":0.75
    },
    "fixed":{
      "p":0.4,
      "r":0.3333333333,
      "f":0.3636363636
    },
    "acl:relcl":{
      "p":0.5,
      "r":1.0,
      "f":0.6666666667
    },
    "nmod:poss":{
      "p":0.8536585366,
      "r":0.7142857143,
      "f":0.7777777778
    },
    "list":{
      "p":0.0,
      "r":0.0,
      "f":0.0
    },
    "parataxis":{
      "p":0.0,
      "r":0.0,
      "f":0.0
    }
  },
  "tag_acc":0.6007905138,
  "pos_acc":0.9378598372,
  "morph_acc":0.8089310413,
  "morph_micro_p":0.8731040376,
  "morph_micro_r":0.8465202983,
  "morph_micro_f":0.8596066884,
  "morph_per_feat":{
    "Case":{
      "p":0.8088685015,
      "r":0.7848664688,
      "f":0.796686747
    },
    "Gender":{
      "p":0.9371196755,
      "r":0.894482091,
      "f":0.9153046062
    },
    "Number":{
      "p":0.9198355601,
      "r":0.8791748527,
      "f":0.8990457057
    },
    "PossSuffGen":{
      "p":0.8367346939,
      "r":0.8913043478,
      "f":0.8631578947
    },
    "PossSuffNum":{
      "p":0.9378881988,
      "r":0.9320987654,
      "f":0.9349845201
    },
    "PossSuffPer":{
      "p":0.9316770186,
      "r":0.9259259259,
      "f":0.9287925697
    },
    "Mood":{
      "p":0.9184549356,
      "r":0.8916666667,
      "f":0.9048625793
    },
    "Person":{
      "p":0.9034749035,
      "r":0.8634686347,
      "f":0.8830188679
    },
    "VerbForm":{
      "p":0.9027777778,
      "r":0.859030837,
      "f":0.8803611738
    },
    "VerbStem":{
      "p":0.8925619835,
      "r":0.8537549407,
      "f":0.8727272727
    },
    "Tense":{
      "p":0.7807486631,
      "r":0.7487179487,
      "f":0.7643979058
    },
    "Ventive":{
      "p":0.6842105263,
      "r":0.7536231884,
      "f":0.7172413793
    },
    "PronType":{
      "p":0.0,
      "r":0.0,
      "f":0.0
    },
    "SubSuff":{
      "p":0.875,
      "r":0.7777777778,
      "f":0.8235294118
    },
    "Subordinative":{
      "p":0.6785714286,
      "r":0.59375,
      "f":0.6333333333
    },
    "NounStem":{
      "p":0.625,
      "r":0.6338028169,
      "f":0.6293706294
    },
    "Focus":{
      "p":0.5789473684,
      "r":0.5789473684,
      "f":0.5789473684
    },
    "NounBase":{
      "p":0.7325581395,
      "r":0.6847826087,
      "f":0.7078651685
    },
    "VerbSuffGen":{
      "p":0.59375,
      "r":0.7307692308,
      "f":0.6551724138
    },
    "VerbSuffNum":{
      "p":0.625,
      "r":0.6666666667,
      "f":0.6451612903
    },
    "VerbSuffPer":{
      "p":0.625,
      "r":0.6666666667,
      "f":0.6451612903
    },
    "PrepSuffGen":{
      "p":1.0,
      "r":1.0,
      "f":1.0
    },
    "PrepSuffNum":{
      "p":1.0,
      "r":1.0,
      "f":1.0
    },
    "PrepSuffPer":{
      "p":1.0,
      "r":0.5,
      "f":0.6666666667
    },
    "PresSuffPer":{
      "p":0.5,
      "r":1.0,
      "f":0.6666666667
    },
    "PossSufNum":{
      "p":0.0,
      "r":0.0,
      "f":0.0
    },
    "PossSufPer":{
      "p":0.0,
      "r":0.0,
      "f":0.0
    },
    "NounState":{
      "p":0.0,
      "r":0.0,
      "f":0.0
    },
    "Voice":{
      "p":0.0,
      "r":0.0,
      "f":0.0
    },
    "PredSuffNum":{
      "p":0.0,
      "r":0.0,
      "f":0.0
    },
    "PredSuffPer":{
      "p":0.0,
      "r":0.0,
      "f":0.0
    }
  },
  "speed":9853.2166781517
}