{
  "token_acc":1.0,
  "token_p":1.0,
  "token_r":1.0,
  "token_f":1.0,
  "tag_acc":0.9135174419,
  "pos_acc":0.9330909091,
  "morph_acc":0.8235294118,
  "morph_micro_p":0.8666980688,
  "morph_micro_r":0.7880085653,
  "morph_micro_f":0.825482279,
  "morph_per_feat":{
    "Case":{
      "p":0.7977099237,
      "r":0.6183431953,
      "f":0.6966666667
    },
    "Gender":{
      "p":0.9125799574,
      "r":0.861167002,
      "f":0.8861283644
    },
    "Number":{
      "p":0.8997867804,
      "r":0.8490945674,
      "f":0.8737060041
    },
    "PossSuffGen":{
      "p":0.8904109589,
      "r":0.8666666667,
      "f":0.8783783784
    },
    "PossSuffNum":{
      "p":0.8734177215,
      "r":0.8961038961,
      "f":0.8846153846
    },
    "PossSuffPer":{
      "p":0.8860759494,
      "r":0.9090909091,
      "f":0.8974358974
    },
    "Mood":{
      "p":0.9152542373,
      "r":0.8307692308,
      "f":0.8709677419
    },
    "Person":{
      "p":0.8308823529,
      "r":0.7483443709,
      "f":0.787456446
    },
    "VerbForm":{
      "p":0.8659793814,
      "r":0.7924528302,
      "f":0.8275862069
    },
    "VerbStem":{
      "p":0.8536585366,
      "r":0.8015267176,
      "f":0.8267716535
    },
    "Tense":{
      "p":0.7325581395,
      "r":0.7159090909,
      "f":0.724137931
    },
    "NounBase":{
      "p":0.625,
      "r":0.5,
      "f":0.5555555556
    },
    "SubSuff":{
      "p":0.9090909091,
      "r":0.7692307692,
      "f":0.8333333333
    },
    "Ventive":{
      "p":0.75,
      "r":0.6428571429,
      "f":0.6923076923
    },
    "NounStem":{
      "p":0.8,
      "r":0.6153846154,
      "f":0.6956521739
    },
    "Subordinative":{
      "p":0.5454545455,
      "r":0.75,
      "f":0.6315789474
    },
    "VerbSuffGen":{
      "p":1.0,
      "r":0.6470588235,
      "f":0.7857142857
    },
    "VerbSuffNum":{
      "p":0.9166666667,
      "r":0.6470588235,
      "f":0.7586206897
    },
    "VerbSuffPer":{
      "p":0.9166666667,
      "r":0.6470588235,
      "f":0.7586206897
    },
    "SubSuffix":{
      "p":1.0,
      "r":0.5,
      "f":0.6666666667
    },
    "Focus":{
      "p":0.6666666667,
      "r":0.6666666667,
      "f":0.6666666667
    },
    "Voice":{
      "p":0.0,
      "r":0.0,
      "f":0.0
    },
    "PrepSuffGen":{
      "p":1.0,
      "r":1.0,
      "f":1.0
    },
    "PrepSuffNum":{
      "p":1.0,
      "r":1.0,
      "f":1.0
    },
    "PrepSuffPer":{
      "p":1.0,
      "r":1.0,
      "f":1.0
    }
  },
  "lemma_acc":1.0,
  "sents_p":0.7992998833,
  "sents_r":0.8446362515,
  "sents_f":0.8213429257,
  "dep_uas":0.846768337,
  "dep_las":0.3050108932,
  "dep_las_per_type":{
    "case":{
      "p":0.9173553719,
      "r":0.982300885,
      "f":0.9487179487
    },
    "root":{
      "p":0.0933488915,
      "r":0.8163265306,
      "f":0.167539267
    },
    "appos":{
      "p":0.9393939394,
      "r":0.756097561,
      "f":0.8378378378
    },
    "nsubj":{
      "p":0.6862745098,
      "r":0.4861111111,
      "f":0.5691056911
    },
    "advmod":{
      "p":0.6764705882,
      "r":0.8518518519,
      "f":0.7540983607
    },
    "conj":{
      "p":0.5185185185,
      "r":0.3333333333,
      "f":0.4057971014
    },
    "obl":{
      "p":0.5510204082,
      "r":0.5192307692,
      "f":0.5346534653
    },
    "obj":{
      "p":0.3333333333,
      "r":0.45,
      "f":0.3829787234
    },
    "_":{
      "p":0.0,
      "r":0.0,
      "f":0.0
    },
    "nmod":{
      "p":0.6440677966,
      "r":0.6031746032,
      "f":0.6229508197
    },
    "cc":{
      "p":0.7142857143,
      "r":0.625,
      "f":0.6666666667
    },
    "nummod":{
      "p":0.8888888889,
      "r":0.7272727273,
      "f":0.8
    },
    "acl":{
      "p":0.5555555556,
      "r":0.5,
      "f":0.5263157895
    },
    "advcl":{
      "p":0.0,
      "r":0.0,
      "f":0.0
    },
    "iobj":{
      "p":0.2857142857,
      "r":0.1538461538,
      "f":0.2
    },
    "ccomp":{
      "p":0.125,
      "r":0.1666666667,
      "f":0.1428571429
    },
    "dislocated":{
      "p":0.0,
      "r":0.0,
      "f":0.0
    },
    "amod":{
      "p":0.1666666667,
      "r":0.2,
      "f":0.1818181818
    },
    "nmod:poss":{
      "p":0.4444444444,
      "r":0.5714285714,
      "f":0.5
    },
    "det":{
      "p":0.6,
      "r":0.4,
      "f":0.48
    },
    "discourse":{
      "p":0.7,
      "r":0.7,
      "f":0.7
    },
    "dep":{
      "p":0.0,
      "r":0.0,
      "f":0.0
    },
    "parataxis":{
      "p":0.0,
      "r":0.0,
      "f":0.0
    },
    "mark":{
      "p":0.6666666667,
      "r":0.3636363636,
      "f":0.4705882353
    },
    "cop":{
      "p":0.0,
      "r":0.0,
      "f":0.0
    },
    "fixed":{
      "p":0.0,
      "r":0.0,
      "f":0.0
    }
  },
  "speed":16240.4260528669
}