{
  "token_acc":0.9937584803,
  "token_p":0.9859762675,
  "token_r":0.9697612732,
  "token_f":0.9778015512,
  "tag_acc":0.8562954974,
  "pos_acc":0.9321071139,
  "morph_acc":0.7660834455,
  "morph_micro_p":0.8469793323,
  "morph_micro_r":0.767374865,
  "morph_micro_f":0.8052144342,
  "morph_per_feat":{
    "Case":{
      "p":0.8726790451,
      "r":0.7870813397,
      "f":0.827672956
    },
    "Gender":{
      "p":0.8996415771,
      "r":0.8352745424,
      "f":0.8662640207
    },
    "Number":{
      "p":0.9010791367,
      "r":0.8434343434,
      "f":0.8713043478
    },
    "PossSuffNum":{
      "p":0.8554216867,
      "r":0.9594594595,
      "f":0.9044585987
    },
    "PossSuffPer":{
      "p":0.843373494,
      "r":0.9459459459,
      "f":0.8917197452
    },
    "PossSufNum":{
      "p":0.0,
      "r":0.0,
      "f":0.0
    },
    "PossSufPer":{
      "p":0.0,
      "r":0.0,
      "f":0.0
    },
    "NounBase":{
      "p":0.7083333333,
      "r":0.4857142857,
      "f":0.5762711864
    },
    "Mood":{
      "p":0.8582677165,
      "r":0.7218543046,
      "f":0.7841726619
    },
    "Person":{
      "p":0.7826086957,
      "r":0.6545454545,
      "f":0.7128712871
    },
    "Tense":{
      "p":0.5578947368,
      "r":0.4818181818,
      "f":0.5170731707
    },
    "VerbForm":{
      "p":0.8260869565,
      "r":0.7089552239,
      "f":0.7630522088
    },
    "VerbStem":{
      "p":0.8484848485,
      "r":0.7179487179,
      "f":0.7777777778
    },
    "NounStem":{
      "p":0.5185185185,
      "r":0.7,
      "f":0.5957446809
    },
    "PossSuffGen":{
      "p":0.7972972973,
      "r":0.921875,
      "f":0.8550724638
    },
    "Subordinative":{
      "p":0.3333333333,
      "r":0.1739130435,
      "f":0.2285714286
    },
    "Ventive":{
      "p":0.9393939394,
      "r":0.6888888889,
      "f":0.7948717949
    },
    "VerbSuffNum":{
      "p":0.5555555556,
      "r":0.5,
      "f":0.5263157895
    },
    "VerbSuffPer":{
      "p":0.4444444444,
      "r":0.4,
      "f":0.4210526316
    },
    "NounSuffNum":{
      "p":0.0,
      "r":0.0,
      "f":0.0
    },
    "NounSuffPer":{
      "p":0.0,
      "r":0.0,
      "f":0.0
    },
    "PrepSuffGen":{
      "p":1.0,
      "r":1.0,
      "f":1.0
    },
    "PrepSuffNum":{
      "p":1.0,
      "r":1.0,
      "f":1.0
    },
    "PresSuffPer":{
      "p":1.0,
      "r":0.75,
      "f":0.8571428571
    },
    "PrepSuffPer":{
      "p":0.5,
      "r":1.0,
      "f":0.6666666667
    },
    "Focus":{
      "p":1.0,
      "r":0.2857142857,
      "f":0.4444444444
    },
    "VerbSuffGen":{
      "p":0.625,
      "r":0.5555555556,
      "f":0.5882352941
    },
    "SubSuff":{
      "p":0.6428571429,
      "r":0.5294117647,
      "f":0.5806451613
    },
    "NounState":{
      "p":0.0,
      "r":0.0,
      "f":0.0
    },
    "SubSuffix":{
      "p":0.0,
      "r":0.0,
      "f":0.0
    },
    "number":{
      "p":0.0,
      "r":0.0,
      "f":0.0
    }
  },
  "lemma_acc":0.9467168999,
  "sents_p":0.8035516093,
  "sents_r":0.7991169978,
  "sents_f":0.8013281682,
  "dep_uas":0.8184006419,
  "dep_las":0.42471249,
  "dep_las_per_type":{
    "_":{
      "p":0.0,
      "r":0.0,
      "f":0.0
    },
    "case":{
      "p":0.9207920792,
      "r":0.9393939394,
      "f":0.93
    },
    "root":{
      "p":0.1426966292,
      "r":0.8141025641,
      "f":0.2428298279
    },
    "appos":{
      "p":0.9010989011,
      "r":0.9318181818,
      "f":0.9162011173
    },
    "nsubj":{
      "p":0.8240740741,
      "r":0.679389313,
      "f":0.7447698745
    },
    "advmod":{
      "p":0.7111111111,
      "r":0.64,
      "f":0.6736842105
    },
    "nmod":{
      "p":0.7319587629,
      "r":0.6339285714,
      "f":0.6794258373
    },
    "nummod":{
      "p":0.8235294118,
      "r":0.875,
      "f":0.8484848485
    },
    "dep":{
      "p":0.0,
      "r":0.0,
      "f":0.0
    },
    "obj":{
      "p":0.5263157895,
      "r":0.5084745763,
      "f":0.5172413793
    },
    "obl":{
      "p":0.68,
      "r":0.6623376623,
      "f":0.6710526316
    },
    "conj":{
      "p":0.5176470588,
      "r":0.5641025641,
      "f":0.5398773006
    },
    "discourse":{
      "p":0.5357142857,
      "r":0.4545454545,
      "f":0.4918032787
    },
    "dislocated":{
      "p":0.0,
      "r":0.0,
      "f":0.0
    },
    "null":{
      "p":0.0,
      "r":0.0,
      "f":0.0
    },
    "ccomp":{
      "p":0.6666666667,
      "r":0.4444444444,
      "f":0.5333333333
    },
    "fixed":{
      "p":0.4,
      "r":0.2,
      "f":0.2666666667
    },
    "iobj":{
      "p":0.0,
      "r":0.0,
      "f":0.0
    },
    "nmod:poss":{
      "p":0.3333333333,
      "r":0.25,
      "f":0.2857142857
    },
    "acl":{
      "p":0.3333333333,
      "r":0.3,
      "f":0.3157894737
    },
    "amod":{
      "p":0.5294117647,
      "r":0.9,
      "f":0.6666666667
    },
    "det":{
      "p":1.0,
      "r":0.1,
      "f":0.1818181818
    },
    "cc":{
      "p":0.5,
      "r":0.4285714286,
      "f":0.4615384615
    },
    "mark":{
      "p":0.8571428571,
      "r":0.5454545455,
      "f":0.6666666667
    },
    "advmod:emph":{
      "p":0.75,
      "r":0.75,
      "f":0.75
    },
    "parataxis":{
      "p":0.6666666667,
      "r":0.4,
      "f":0.5
    },
    "advcl":{
      "p":0.5,
      "r":0.2,
      "f":0.2857142857
    },
    "acl:relcl":{
      "p":0.0,
      "r":0.0,
      "f":0.0
    },
    "aux":{
      "p":0.0,
      "r":0.0,
      "f":0.0
    }
  },
  "speed":38681.9478482691
}