{
  "token_acc":0.993083808,
  "token_p":0.9822222222,
  "token_r":0.9570866142,
  "token_f":0.9694915254,
  "lemma_acc":0.93836579,
  "sents_p":0.7987851177,
  "sents_r":0.8205928237,
  "sents_f":0.8095421316,
  "dep_uas":0.7944111776,
  "dep_las":0.373253493,
  "dep_las_per_type":{
    "case":{
      "p":0.9369369369,
      "r":0.932735426,
      "f":0.9348314607
    },
    "root":{
      "p":0.1138652208,
      "r":0.7903225806,
      "f":0.1990521327
    },
    "appos":{
      "p":0.9417475728,
      "r":0.9065420561,
      "f":0.9238095238
    },
    "nsubj":{
      "p":0.6129032258,
      "r":0.5467625899,
      "f":0.5779467681
    },
    "advmod":{
      "p":0.8596491228,
      "r":0.8909090909,
      "f":0.875
    },
    "cc":{
      "p":0.9,
      "r":0.8181818182,
      "f":0.8571428571
    },
    "conj":{
      "p":0.4731182796,
      "r":0.4680851064,
      "f":0.4705882353
    },
    "obl":{
      "p":0.5471698113,
      "r":0.6304347826,
      "f":0.5858585859
    },
    "nmod":{
      "p":0.6213592233,
      "r":0.64,
      "f":0.6305418719
    },
    "_":{
      "p":0.0,
      "r":0.0,
      "f":0.0
    },
    "obj":{
      "p":0.4302325581,
      "r":0.4065934066,
      "f":0.418079096
    },
    "dislocated":{
      "p":0.25,
      "r":0.0909090909,
      "f":0.1333333333
    },
    "acl":{
      "p":0.6,
      "r":0.4285714286,
      "f":0.5
    },
    "nummod":{
      "p":0.7894736842,
      "r":0.9090909091,
      "f":0.8450704225
    },
    "discourse":{
      "p":0.5,
      "r":0.4666666667,
      "f":0.4827586207
    },
    "amod":{
      "p":0.84,
      "r":0.75,
      "f":0.7924528302
    },
    "ccomp":{
      "p":0.5,
      "r":0.375,
      "f":0.4285714286
    },
    "iobj":{
      "p":0.7333333333,
      "r":0.3928571429,
      "f":0.511627907
    },
    "dep":{
      "p":0.0,
      "r":0.0,
      "f":0.0
    },
    "advcl":{
      "p":0.3076923077,
      "r":0.3636363636,
      "f":0.3333333333
    },
    "nmod:poss":{
      "p":0.85,
      "r":0.7234042553,
      "f":0.7816091954
    },
    "det":{
      "p":0.5,
      "r":0.5,
      "f":0.5
    },
    "mark":{
      "p":0.7272727273,
      "r":0.5,
      "f":0.5925925926
    },
    "fixed":{
      "p":0.3333333333,
      "r":0.1666666667,
      "f":0.2222222222
    },
    "list":{
      "p":0.0,
      "r":0.0,
      "f":0.0
    },
    "parataxis":{
      "p":0.0,
      "r":0.0,
      "f":0.0
    },
    "acl:relcl":{
      "p":0.3333333333,
      "r":1.0,
      "f":0.5
    }
  },
  "tag_acc":0.5813065327,
  "pos_acc":0.9268982229,
  "morph_acc":0.6812700965,
  "morph_micro_p":0.706918939,
  "morph_micro_r":0.8202755058,
  "morph_micro_f":0.7593902561,
  "morph_per_feat":{
    "Case":{
      "p":0.7884322679,
      "r":0.7920489297,
      "f":0.7902364607
    },
    "Gender":{
      "p":0.9386243386,
      "r":0.8834661355,
      "f":0.9102103643
    },
    "Number":{
      "p":0.9336188437,
      "r":0.8816986855,
      "f":0.9069162767
    },
    "PossSuffGen":{
      "p":0.7973856209,
      "r":0.9037037037,
      "f":0.8472222222
    },
    "PossSuffNum":{
      "p":0.9411764706,
      "r":0.9056603774,
      "f":0.9230769231
    },
    "PossSuffPer":{
      "p":0.9411764706,
      "r":0.9056603774,
      "f":0.9230769231
    },
    "Focus":{
      "p":0.0235294118,
      "r":0.5217391304,
      "f":0.0450281426
    },
    "NounStem":{
      "p":0.0455486542,
      "r":0.3928571429,
      "f":0.0816326531
    },
    "Mood":{
      "p":0.9275362319,
      "r":0.8275862069,
      "f":0.874715262
    },
    "Person":{
      "p":0.8531746032,
      "r":0.8237547893,
      "f":0.8382066277
    },
    "VerbForm":{
      "p":0.8888888889,
      "r":0.8073394495,
      "f":0.8461538462
    },
    "VerbStem":{
      "p":0.8458333333,
      "r":0.8319672131,
      "f":0.8388429752
    },
    "Tense":{
      "p":0.7362637363,
      "r":0.7165775401,
      "f":0.7262872629
    },
    "Ventive":{
      "p":0.5555555556,
      "r":0.671641791,
      "f":0.6081081081
    },
    "Subordinative":{
      "p":0.3953488372,
      "r":0.5483870968,
      "f":0.4594594595
    },
    "PronType":{
      "p":0.0,
      "r":0.0,
      "f":0.0
    },
    "SubSuff":{
      "p":0.8888888889,
      "r":0.7111111111,
      "f":0.7901234568
    },
    "VerbSuffGen":{
      "p":0.46875,
      "r":0.652173913,
      "f":0.5454545455
    },
    "VerbSuffNum":{
      "p":0.5625,
      "r":0.6666666667,
      "f":0.6101694915
    },
    "VerbSuffPer":{
      "p":0.5625,
      "r":0.6666666667,
      "f":0.6101694915
    },
    "NounBase":{
      "p":0.6296296296,
      "r":0.1847826087,
      "f":0.2857142857
    },
    "PrepSuffGen":{
      "p":1.0,
      "r":1.0,
      "f":1.0
    },
    "PrepSuffNum":{
      "p":1.0,
      "r":1.0,
      "f":1.0
    },
    "PrepSuffPer":{
      "p":1.0,
      "r":0.5,
      "f":0.6666666667
    },
    "PresSuffPer":{
      "p":0.5,
      "r":1.0,
      "f":0.6666666667
    },
    "PredSuffNum":{
      "p":0.0,
      "r":0.0,
      "f":0.0
    },
    "PredSuffPer":{
      "p":0.0,
      "r":0.0,
      "f":0.0
    },
    "PredSuffGen":{
      "p":0.0,
      "r":0.0,
      "f":0.0
    },
    "NounState":{
      "p":0.0,
      "r":0.0,
      "f":0.0
    },
    "Voice":{
      "p":0.0,
      "r":0.0,
      "f":0.0
    }
  },
  "speed":6717.4585057999
}