{
  "token_acc":0.987654321,
  "token_p":0.9756097561,
  "token_r":0.913126189,
  "token_f":0.9433344252,
  "lemma_acc":0.9532648326,
  "pos_acc":0.8842454395,
  "morph_acc":0.7868743785,
  "morph_micro_p":0.8766447368,
  "morph_micro_r":0.7973074046,
  "morph_micro_f":0.8350959655,
  "morph_per_feat":{
    "Case":{
      "p":0.8231511254,
      "r":0.6530612245,
      "f":0.7283072546
    },
    "Gender":{
      "p":0.9269662921,
      "r":0.8699472759,
      "f":0.8975521306
    },
    "Number":{
      "p":0.9046728972,
      "r":0.8506151142,
      "f":0.8768115942
    },
    "Person":{
      "p":0.858974359,
      "r":0.7976190476,
      "f":0.8271604938
    },
    "Mood":{
      "p":0.9343065693,
      "r":0.8767123288,
      "f":0.9045936396
    },
    "SubSuff":{
      "p":0.8823529412,
      "r":0.8823529412,
      "f":0.8823529412
    },
    "Tense":{
      "p":0.7623762376,
      "r":0.793814433,
      "f":0.7777777778
    },
    "Ventive":{
      "p":0.6538461538,
      "r":0.5,
      "f":0.5666666667
    },
    "VerbForm":{
      "p":0.8695652174,
      "r":0.8695652174,
      "f":0.8695652174
    },
    "VerbStem":{
      "p":0.8309859155,
      "r":0.8027210884,
      "f":0.8166089965
    },
    "Focus":{
      "p":1.0,
      "r":0.3333333333,
      "f":0.5
    },
    "NounStem":{
      "p":0.7878787879,
      "r":0.7222222222,
      "f":0.7536231884
    },
    "PossSuffGen":{
      "p":0.9305555556,
      "r":0.7882352941,
      "f":0.8535031847
    },
    "PossSuffNum":{
      "p":0.9220779221,
      "r":0.8068181818,
      "f":0.8606060606
    },
    "PossSuffPer":{
      "p":0.9480519481,
      "r":0.8295454545,
      "f":0.8848484848
    },
    "NounBase":{
      "p":0.68,
      "r":0.4857142857,
      "f":0.5666666667
    },
    "VerbSuffGen":{
      "p":0.8125,
      "r":0.619047619,
      "f":0.7027027027
    },
    "VerbSuffNum":{
      "p":0.8333333333,
      "r":0.7142857143,
      "f":0.7692307692
    },
    "VerbSuffPer":{
      "p":0.7777777778,
      "r":0.6666666667,
      "f":0.7179487179
    },
    "Subordinative":{
      "p":0.4285714286,
      "r":0.6,
      "f":0.5
    },
    "NounSuffNum":{
      "p":0.0,
      "r":0.0,
      "f":0.0
    },
    "NounSuffPer":{
      "p":0.0,
      "r":0.0,
      "f":0.0
    },
    "SubSuffix":{
      "p":1.0,
      "r":0.5,
      "f":0.6666666667
    },
    "Voice":{
      "p":0.0,
      "r":0.0,
      "f":0.0
    },
    "PrepSuffGen":{
      "p":1.0,
      "r":1.0,
      "f":1.0
    },
    "PrepSuffNum":{
      "p":1.0,
      "r":1.0,
      "f":1.0
    },
    "PrepSuffPer":{
      "p":1.0,
      "r":1.0,
      "f":1.0
    }
  },
  "tag_acc":0.5344827586,
  "sents_p":0.7844311377,
  "sents_r":0.7081081081,
  "sents_f":0.7443181818,
  "dep_uas":0.7946282345,
  "dep_las":0.3282017688,
  "dep_las_per_type":{
    "_":{
      "p":0.0,
      "r":0.0,
      "f":0.0
    },
    "mark":{
      "p":0.7,
      "r":0.5833333333,
      "f":0.6363636364
    },
    "fixed":{
      "p":0.75,
      "r":0.6,
      "f":0.6666666667
    },
    "nsubj":{
      "p":0.6486486486,
      "r":0.5925925926,
      "f":0.6193548387
    },
    "advcl":{
      "p":0.3333333333,
      "r":0.0833333333,
      "f":0.1333333333
    },
    "obj":{
      "p":0.35,
      "r":0.3111111111,
      "f":0.3294117647
    },
    "conj":{
      "p":0.4181818182,
      "r":0.4693877551,
      "f":0.4423076923
    },
    "nmod":{
      "p":0.7397260274,
      "r":0.6835443038,
      "f":0.7105263158
    },
    "case":{
      "p":0.9473684211,
      "r":0.976744186,
      "f":0.9618320611
    },
    "obl":{
      "p":0.5245901639,
      "r":0.5423728814,
      "f":0.5333333333
    },
    "root":{
      "p":0.1029776675,
      "r":0.7685185185,
      "f":0.181619256
    },
    "iobj":{
      "p":0.5,
      "r":0.1428571429,
      "f":0.2222222222
    },
    "dislocated":{
      "p":0.0,
      "r":0.0,
      "f":0.0
    },
    "appos":{
      "p":0.9230769231,
      "r":0.8181818182,
      "f":0.8674698795
    },
    "acl":{
      "p":0.5,
      "r":0.5833333333,
      "f":0.5384615385
    },
    "discourse":{
      "p":0.6,
      "r":0.6428571429,
      "f":0.6206896552
    },
    "ccomp":{
      "p":0.6666666667,
      "r":0.5,
      "f":0.5714285714
    },
    "advmod":{
      "p":0.7941176471,
      "r":0.7941176471,
      "f":0.7941176471
    },
    "dep":{
      "p":0.0,
      "r":0.0,
      "f":0.0
    },
    "amod":{
      "p":0.3,
      "r":0.5,
      "f":0.375
    },
    "cc":{
      "p":0.7,
      "r":0.875,
      "f":0.7777777778
    },
    "det":{
      "p":0.6,
      "r":0.4,
      "f":0.48
    },
    "nummod":{
      "p":1.0,
      "r":0.6363636364,
      "f":0.7777777778
    },
    "parataxis":{
      "p":0.0,
      "r":0.0,
      "f":0.0
    },
    "cop":{
      "p":0.0,
      "r":0.0,
      "f":0.0
    },
    "nmod:poss":{
      "p":1.0,
      "r":0.2857142857,
      "f":0.4444444444
    },
    "advmod:emph":{
      "p":0.0,
      "r":0.0,
      "f":0.0
    }
  },
  "speed":5690.2075229418
}