{
  "token_acc":0.9928209459,
  "token_p":0.9815513627,
  "token_r":0.9555102041,
  "token_f":0.9683557394,
  "lemma_acc":0.9385544678,
  "sents_p":0.7460184409,
  "sents_r":0.7732406603,
  "sents_f":0.7593856655,
  "dep_uas":0.7776397516,
  "dep_las":0.3904761905,
  "dep_las_per_type":{
    "case":{
      "p":0.9141630901,
      "r":0.9301310044,
      "f":0.9220779221
    },
    "root":{
      "p":0.1192109777,
      "r":0.8034682081,
      "f":0.2076176251
    },
    "appos":{
      "p":0.9591836735,
      "r":0.8318584071,
      "f":0.8909952607
    },
    "nsubj":{
      "p":0.5864661654,
      "r":0.5416666667,
      "f":0.5631768953
    },
    "advmod":{
      "p":0.8307692308,
      "r":0.9152542373,
      "f":0.8709677419
    },
    "cc":{
      "p":0.6,
      "r":0.6,
      "f":0.6
    },
    "conj":{
      "p":0.4301075269,
      "r":0.4210526316,
      "f":0.4255319149
    },
    "obl":{
      "p":0.5135135135,
      "r":0.6263736264,
      "f":0.5643564356
    },
    "nmod":{
      "p":0.6355140187,
      "r":0.6181818182,
      "f":0.6267281106
    },
    "_":{
      "p":0.0,
      "r":0.0,
      "f":0.0
    },
    "dislocated":{
      "p":0.75,
      "r":0.2727272727,
      "f":0.4
    },
    "acl":{
      "p":0.75,
      "r":0.5217391304,
      "f":0.6153846154
    },
    "nummod":{
      "p":0.7837837838,
      "r":0.90625,
      "f":0.8405797101
    },
    "obj":{
      "p":0.527027027,
      "r":0.39,
      "f":0.4482758621
    },
    "discourse":{
      "p":0.4814814815,
      "r":0.4333333333,
      "f":0.4561403509
    },
    "amod":{
      "p":0.8518518519,
      "r":0.8846153846,
      "f":0.8679245283
    },
    "ccomp":{
      "p":0.5833333333,
      "r":0.4375,
      "f":0.5
    },
    "dep":{
      "p":0.0,
      "r":0.0,
      "f":0.0
    },
    "iobj":{
      "p":0.6818181818,
      "r":0.4285714286,
      "f":0.5263157895
    },
    "advcl":{
      "p":0.2222222222,
      "r":0.1818181818,
      "f":0.2
    },
    "nmod:poss":{
      "p":0.7441860465,
      "r":0.7441860465,
      "f":0.7441860465
    },
    "det":{
      "p":0.5833333333,
      "r":0.5833333333,
      "f":0.5833333333
    },
    "mark":{
      "p":0.8888888889,
      "r":0.5333333333,
      "f":0.6666666667
    },
    "fixed":{
      "p":0.75,
      "r":0.5,
      "f":0.6
    },
    "list":{
      "p":0.0,
      "r":0.0,
      "f":0.0
    },
    "parataxis":{
      "p":0.0,
      "r":0.0,
      "f":0.0
    },
    "acl:relcl":{
      "p":0.3333333333,
      "r":1.0,
      "f":0.5
    },
    "vocative":{
      "p":0.0,
      "r":0.0,
      "f":0.0
    }
  },
  "tag_acc":0.5689835107,
  "pos_acc":0.9211409396,
  "morph_acc":0.7677231026,
  "morph_micro_p":0.7933965994,
  "morph_micro_r":0.8400669876,
  "morph_micro_f":0.8160650737,
  "morph_per_feat":{
    "Case":{
      "p":0.7960122699,
      "r":0.7666174298,
      "f":0.7810383747
    },
    "Gender":{
      "p":0.9383838384,
      "r":0.9019417476,
      "f":0.9198019802
    },
    "Number":{
      "p":0.9168377823,
      "r":0.8798029557,
      "f":0.8979386626
    },
    "PossSuffGen":{
      "p":0.8405797101,
      "r":0.8529411765,
      "f":0.8467153285
    },
    "PossSuffNum":{
      "p":0.9470198675,
      "r":0.89375,
      "f":0.9196141479
    },
    "PossSuffPer":{
      "p":0.9536423841,
      "r":0.9,
      "f":0.9260450161
    },
    "Focus":{
      "p":0.0606060606,
      "r":0.4,
      "f":0.1052631579
    },
    "NounStem":{
      "p":0.2191780822,
      "r":0.6530612245,
      "f":0.3282051282
    },
    "PredSuffGen":{
      "p":0.0,
      "r":0.0,
      "f":0.0
    },
    "PredSuffNum":{
      "p":0.0,
      "r":0.0,
      "f":0.0
    },
    "PredSuffPer":{
      "p":0.0,
      "r":0.0,
      "f":0.0
    },
    "Mood":{
      "p":0.9253112033,
      "r":0.8991935484,
      "f":0.9120654397
    },
    "Person":{
      "p":0.8787878788,
      "r":0.8436363636,
      "f":0.8608534323
    },
    "VerbForm":{
      "p":0.9058295964,
      "r":0.8632478632,
      "f":0.8840262582
    },
    "VerbStem":{
      "p":0.8795180723,
      "r":0.8521400778,
      "f":0.8656126482
    },
    "Tense":{
      "p":0.734375,
      "r":0.7268041237,
      "f":0.7305699482
    },
    "Ventive":{
      "p":0.6493506494,
      "r":0.7142857143,
      "f":0.6802721088
    },
    "PronType":{
      "p":0.0,
      "r":0.0,
      "f":0.0
    },
    "SubSuff":{
      "p":0.7619047619,
      "r":0.7111111111,
      "f":0.7356321839
    },
    "Subordinative":{
      "p":0.6666666667,
      "r":0.5161290323,
      "f":0.5818181818
    },
    "VerbSuffGen":{
      "p":0.4411764706,
      "r":0.6818181818,
      "f":0.5357142857
    },
    "VerbSuffNum":{
      "p":0.5294117647,
      "r":0.6923076923,
      "f":0.6
    },
    "VerbSuffPer":{
      "p":0.5,
      "r":0.6538461538,
      "f":0.5666666667
    },
    "NounBase":{
      "p":0.6962025316,
      "r":0.6111111111,
      "f":0.650887574
    },
    "PrepSuffGen":{
      "p":1.0,
      "r":1.0,
      "f":1.0
    },
    "PrepSuffNum":{
      "p":1.0,
      "r":1.0,
      "f":1.0
    },
    "PrepSuffPer":{
      "p":1.0,
      "r":0.6666666667,
      "f":0.8
    },
    "PresSuffPer":{
      "p":0.5,
      "r":1.0,
      "f":0.6666666667
    },
    "Voice":{
      "p":0.0,
      "r":0.0,
      "f":0.0
    },
    "PossSufNum":{
      "p":0.0,
      "r":0.0,
      "f":0.0
    },
    "PossSufPer":{
      "p":0.0,
      "r":0.0,
      "f":0.0
    },
    "NounState":{
      "p":0.0,
      "r":0.0,
      "f":0.0
    },
    "SubSuffix":{
      "p":0.0,
      "r":0.0,
      "f":0.0
    }
  },
  "speed":9688.7956796541
}