{
  "token_acc":0.9927130637,
  "token_p":0.9834346823,
  "token_r":0.9600818833,
  "token_f":0.9716179822,
  "lemma_acc":0.9571205008,
  "sents_p":0.8153721025,
  "sents_r":0.8048976315,
  "sents_f":0.8101010101,
  "dep_uas":0.8162503886,
  "dep_las":0.3871903824,
  "dep_las_per_type":{
    "case":{
      "p":0.9389671362,
      "r":0.9324009324,
      "f":0.9356725146
    },
    "root":{
      "p":0.0900414938,
      "r":0.764084507,
      "f":0.1610987379
    },
    "appos":{
      "p":0.9619565217,
      "r":0.9315789474,
      "f":0.9465240642
    },
    "nsubj":{
      "p":0.6852589641,
      "r":0.6615384615,
      "f":0.6731898239
    },
    "advmod":{
      "p":0.8345323741,
      "r":0.8992248062,
      "f":0.8656716418
    },
    "_":{
      "p":0.0,
      "r":0.0,
      "f":0.0
    },
    "obl":{
      "p":0.6507177033,
      "r":0.6868686869,
      "f":0.6683046683
    },
    "obj":{
      "p":0.5433070866,
      "r":0.4423076923,
      "f":0.4876325088
    },
    "discourse":{
      "p":0.6172839506,
      "r":0.7352941176,
      "f":0.6711409396
    },
    "nmod":{
      "p":0.761682243,
      "r":0.6848739496,
      "f":0.7212389381
    },
    "ccomp":{
      "p":0.6764705882,
      "r":0.5227272727,
      "f":0.5897435897
    },
    "conj":{
      "p":0.4038461538,
      "r":0.5801104972,
      "f":0.4761904762
    },
    "nummod":{
      "p":0.9347826087,
      "r":0.8775510204,
      "f":0.9052631579
    },
    "parataxis":{
      "p":0.0,
      "r":0.0,
      "f":0.0
    },
    "amod":{
      "p":0.7857142857,
      "r":0.8048780488,
      "f":0.7951807229
    },
    "acl":{
      "p":0.7647058824,
      "r":0.5531914894,
      "f":0.6419753086
    },
    "nmod:poss":{
      "p":0.9,
      "r":0.8333333333,
      "f":0.8653846154
    },
    "dislocated":{
      "p":0.0,
      "r":0.0,
      "f":0.0
    },
    "dep":{
      "p":0.0476190476,
      "r":0.2,
      "f":0.0769230769
    },
    "mark":{
      "p":0.5454545455,
      "r":0.4444444444,
      "f":0.4897959184
    },
    "iobj":{
      "p":0.52,
      "r":0.3333333333,
      "f":0.40625
    },
    "cc":{
      "p":0.55,
      "r":0.7333333333,
      "f":0.6285714286
    },
    "xcomp":{
      "p":0.0,
      "r":0.0,
      "f":0.0
    },
    "det":{
      "p":0.6923076923,
      "r":0.8181818182,
      "f":0.75
    },
    "advcl":{
      "p":0.3333333333,
      "r":0.1176470588,
      "f":0.1739130435
    },
    "fixed":{
      "p":0.0,
      "r":0.0,
      "f":0.0
    },
    "list":{
      "p":0.0,
      "r":0.0,
      "f":0.0
    },
    "advmod:emph":{
      "p":1.0,
      "r":0.3333333333,
      "f":0.5
    },
    "cop":{
      "p":0.0,
      "r":0.0,
      "f":0.0
    },
    "vocative":{
      "p":0.0,
      "r":0.0,
      "f":0.0
    },
    "acl:relcl":{
      "p":1.0,
      "r":1.0,
      "f":1.0
    }
  },
  "tag_acc":0.6609549681,
  "pos_acc":0.9302569481,
  "morph_acc":0.8194154489,
  "morph_micro_p":0.8785507944,
  "morph_micro_r":0.8215893742,
  "morph_micro_f":0.8491158678,
  "morph_per_feat":{
    "Case":{
      "p":0.8166533227,
      "r":0.7727272727,
      "f":0.7940833009
    },
    "Gender":{
      "p":0.927903137,
      "r":0.8731227343,
      "f":0.8996798292
    },
    "Number":{
      "p":0.9328483492,
      "r":0.8718619247,
      "f":0.9013246823
    },
    "PossSuffGen":{
      "p":0.8273092369,
      "r":0.8879310345,
      "f":0.8565488565
    },
    "PossSuffNum":{
      "p":0.9128787879,
      "r":0.8992537313,
      "f":0.9060150376
    },
    "PossSuffPer":{
      "p":0.9011406844,
      "r":0.8843283582,
      "f":0.8926553672
    },
    "Mood":{
      "p":0.9425,
      "r":0.8415178571,
      "f":0.8891509434
    },
    "Person":{
      "p":0.8782608696,
      "r":0.7952755906,
      "f":0.8347107438
    },
    "SubSuff":{
      "p":0.8,
      "r":0.8311688312,
      "f":0.8152866242
    },
    "Tense":{
      "p":0.8078175896,
      "r":0.7848101266,
      "f":0.7961476726
    },
    "Ventive":{
      "p":0.7289719626,
      "r":0.75,
      "f":0.7393364929
    },
    "VerbForm":{
      "p":0.9116809117,
      "r":0.7980049875,
      "f":0.8510638298
    },
    "VerbStem":{
      "p":0.8880778589,
      "r":0.788336933,
      "f":0.8352402746
    },
    "VerbSuffGen":{
      "p":0.6538461538,
      "r":0.6538461538,
      "f":0.6538461538
    },
    "VerbSuffNum":{
      "p":0.6153846154,
      "r":0.5925925926,
      "f":0.6037735849
    },
    "VerbSuffPer":{
      "p":0.6346153846,
      "r":0.6111111111,
      "f":0.6226415094
    },
    "NounBase":{
      "p":0.696969697,
      "r":0.6330275229,
      "f":0.6634615385
    },
    "NounStem":{
      "p":0.7162162162,
      "r":0.6503067485,
      "f":0.6816720257
    },
    "Focus":{
      "p":0.7543859649,
      "r":0.4777777778,
      "f":0.5850340136
    },
    "Subordinative":{
      "p":0.6590909091,
      "r":0.537037037,
      "f":0.5918367347
    },
    "PronType":{
      "p":0.5,
      "r":0.1428571429,
      "f":0.2222222222
    },
    "PossSufNum":{
      "p":0.5,
      "r":0.3333333333,
      "f":0.4
    },
    "PossSufPer":{
      "p":0.5,
      "r":0.3333333333,
      "f":0.4
    },
    "Voice":{
      "p":0.75,
      "r":0.3333333333,
      "f":0.4615384615
    },
    "PrepSuffGen":{
      "p":0.8181818182,
      "r":1.0,
      "f":0.9
    },
    "PrepSuffNum":{
      "p":0.8181818182,
      "r":1.0,
      "f":0.9
    },
    "PresSuffPer":{
      "p":0.7142857143,
      "r":1.0,
      "f":0.8333333333
    },
    "PrepSuffPer":{
      "p":0.8,
      "r":0.8,
      "f":0.8
    },
    "NounState":{
      "p":0.0,
      "r":0.0,
      "f":0.0
    },
    "Question":{
      "p":1.0,
      "r":1.0,
      "f":1.0
    },
    "SubSuffix":{
      "p":0.0,
      "r":0.0,
      "f":0.0
    },
    "PredSuffNum":{
      "p":0.4285714286,
      "r":1.0,
      "f":0.6
    },
    "PredSuffPer":{
      "p":0.4285714286,
      "r":1.0,
      "f":0.6
    }
  },
  "speed":9654.9838002767
}