{
  "token_acc":0.994833255,
  "token_p":0.985046729,
  "token_r":0.9669724771,
  "token_f":0.9759259259,
  "lemma_acc":0.9153094463,
  "pos_acc":0.9039680676,
  "morph_acc":0.7686932215,
  "morph_micro_p":0.8525806452,
  "morph_micro_r":0.681185567,
  "morph_micro_f":0.7573065903,
  "morph_per_feat":{
    "Case":{
      "p":0.8172888016,
      "r":0.6991596639,
      "f":0.7536231884
    },
    "Gender":{
      "p":0.9343163539,
      "r":0.7902494331,
      "f":0.8562653563
    },
    "Number":{
      "p":0.9309878214,
      "r":0.7898966705,
      "f":0.8546583851
    },
    "PossSuffNum":{
      "p":0.8907563025,
      "r":0.868852459,
      "f":0.8796680498
    },
    "PossSuffPer":{
      "p":0.8823529412,
      "r":0.867768595,
      "f":0.875
    },
    "NounStem":{
      "p":0.7105263158,
      "r":0.5094339623,
      "f":0.5934065934
    },
    "Mood":{
      "p":0.820754717,
      "r":0.4754098361,
      "f":0.6020761246
    },
    "Person":{
      "p":0.8220338983,
      "r":0.4685990338,
      "f":0.5969230769
    },
    "Tense":{
      "p":0.6486486486,
      "r":0.3356643357,
      "f":0.4423963134
    },
    "VerbForm":{
      "p":0.7714285714,
      "r":0.5,
      "f":0.606741573
    },
    "VerbStem":{
      "p":0.7394957983,
      "r":0.4583333333,
      "f":0.5659163987
    },
    "PossSuffGen":{
      "p":0.7181818182,
      "r":0.8586956522,
      "f":0.7821782178
    },
    "NounBase":{
      "p":0.7361111111,
      "r":0.7361111111,
      "f":0.7361111111
    },
    "Ventive":{
      "p":0.8076923077,
      "r":0.3559322034,
      "f":0.4941176471
    },
    "SubSuff":{
      "p":0.4545454545,
      "r":0.1470588235,
      "f":0.2222222222
    },
    "Subordinative":{
      "p":0.5,
      "r":0.2272727273,
      "f":0.3125
    },
    "PronType":{
      "p":0.0,
      "r":0.0,
      "f":0.0
    },
    "VerbSuffGen":{
      "p":0.3913043478,
      "r":0.6,
      "f":0.4736842105
    },
    "VerbSuffNum":{
      "p":0.4782608696,
      "r":0.55,
      "f":0.511627907
    },
    "VerbSuffPer":{
      "p":0.5217391304,
      "r":0.6,
      "f":0.5581395349
    },
    "Voice":{
      "p":0.0,
      "r":0.0,
      "f":0.0
    },
    "Focus":{
      "p":1.0,
      "r":1.0,
      "f":1.0
    },
    "PossSufNum":{
      "p":0.0,
      "r":0.0,
      "f":0.0
    },
    "PossSufPer":{
      "p":0.0,
      "r":0.0,
      "f":0.0
    },
    "NounState":{
      "p":1.0,
      "r":0.5,
      "f":0.6666666667
    },
    "verbForm":{
      "p":0.0,
      "r":0.0,
      "f":0.0
    },
    "PrepSuffGen":{
      "p":1.0,
      "r":1.0,
      "f":1.0
    },
    "PrepSuffNum":{
      "p":1.0,
      "r":1.0,
      "f":1.0
    },
    "PrepSuffPer":{
      "p":1.0,
      "r":1.0,
      "f":1.0
    }
  },
  "tag_acc":0.8525506639,
  "sents_p":0.748362956,
  "sents_r":0.8,
  "sents_f":0.7733204447,
  "dep_uas":0.7633835458,
  "dep_las":0.3726535342,
  "dep_las_per_type":{
    "_":{
      "p":0.0,
      "r":0.0,
      "f":0.0
    },
    "case":{
      "p":0.8391959799,
      "r":0.8652849741,
      "f":0.8520408163
    },
    "root":{
      "p":0.103219697,
      "r":0.8320610687,
      "f":0.1836562763
    },
    "appos":{
      "p":0.9292929293,
      "r":0.9292929293,
      "f":0.9292929293
    },
    "nsubj":{
      "p":0.6944444444,
      "r":0.6097560976,
      "f":0.6493506494
    },
    "advmod":{
      "p":0.679245283,
      "r":0.7058823529,
      "f":0.6923076923
    },
    "obj":{
      "p":0.5,
      "r":0.32,
      "f":0.3902439024
    },
    "nmod":{
      "p":0.5688073394,
      "r":0.5585585586,
      "f":0.5636363636
    },
    "fixed":{
      "p":0.25,
      "r":0.0625,
      "f":0.1
    },
    "acl":{
      "p":0.4210526316,
      "r":0.4444444444,
      "f":0.4324324324
    },
    "nummod":{
      "p":0.85,
      "r":0.9444444444,
      "f":0.8947368421
    },
    "conj":{
      "p":0.523255814,
      "r":0.5056179775,
      "f":0.5142857143
    },
    "dislocated":{
      "p":0.3333333333,
      "r":0.1111111111,
      "f":0.1666666667
    },
    "nmod:poss":{
      "p":0.7142857143,
      "r":0.7894736842,
      "f":0.75
    },
    "iobj":{
      "p":0.4285714286,
      "r":0.2307692308,
      "f":0.3
    },
    "discourse":{
      "p":0.4117647059,
      "r":0.358974359,
      "f":0.3835616438
    },
    "mark":{
      "p":0.4285714286,
      "r":0.3,
      "f":0.3529411765
    },
    "advcl":{
      "p":0.3333333333,
      "r":0.125,
      "f":0.1818181818
    },
    "obl":{
      "p":0.5157894737,
      "r":0.6901408451,
      "f":0.5903614458
    },
    "amod":{
      "p":0.7777777778,
      "r":0.724137931,
      "f":0.75
    },
    "parataxis":{
      "p":0.0,
      "r":0.0,
      "f":0.0
    },
    "dep":{
      "p":0.0769230769,
      "r":0.3333333333,
      "f":0.125
    },
    "det":{
      "p":0.4285714286,
      "r":0.375,
      "f":0.4
    },
    "ccomp":{
      "p":0.2857142857,
      "r":0.25,
      "f":0.2666666667
    },
    "cc":{
      "p":0.4,
      "r":0.4,
      "f":0.4
    },
    "advmod:emph":{
      "p":0.0,
      "r":0.0,
      "f":0.0
    },
    "acl:relcl":{
      "p":0.3333333333,
      "r":1.0,
      "f":0.5
    },
    "cop":{
      "p":0.0,
      "r":0.0,
      "f":0.0
    },
    "list":{
      "p":0.0,
      "r":0.0,
      "f":0.0
    }
  },
  "speed":5394.5109049574
}