{
  "token_acc":0.9794275492,
  "token_p":0.9509202454,
  "token_r":0.8673061551,
  "token_f":0.9071906355,
  "lemma_acc":0.8473998295,
  "pos_acc":0.8841385207,
  "morph_acc":0.8099102947,
  "morph_micro_p":0.8804448563,
  "morph_micro_r":0.6666666667,
  "morph_micro_f":0.7587859425,
  "morph_per_feat":{
    "Gender":{
      "p":0.9429657795,
      "r":0.7848101266,
      "f":0.8566493955
    },
    "Mood":{
      "p":0.9473684211,
      "r":0.48,
      "f":0.6371681416
    },
    "Number":{
      "p":0.916,
      "r":0.7658862876,
      "f":0.8342440801
    },
    "Person":{
      "p":0.8421052632,
      "r":0.4050632911,
      "f":0.547008547
    },
    "Tense":{
      "p":0.8125,
      "r":0.4406779661,
      "f":0.5714285714
    },
    "VerbForm":{
      "p":1.0,
      "r":0.515625,
      "f":0.6804123711
    },
    "VerbStem":{
      "p":0.8604651163,
      "r":0.4625,
      "f":0.6016260163
    },
    "Case":{
      "p":0.823943662,
      "r":0.7267080745,
      "f":0.7722772277
    },
    "PossSuffGen":{
      "p":0.7234042553,
      "r":0.8717948718,
      "f":0.7906976744
    },
    "PossSuffNum":{
      "p":0.8775510204,
      "r":0.8958333333,
      "f":0.8865979381
    },
    "PossSuffPer":{
      "p":0.8163265306,
      "r":0.8333333333,
      "f":0.824742268
    },
    "VerbSuffGen":{
      "p":0.5555555556,
      "r":0.3846153846,
      "f":0.4545454545
    },
    "VerbSuffNum":{
      "p":0.5555555556,
      "r":0.3846153846,
      "f":0.4545454545
    },
    "VerbSuffPer":{
      "p":0.5555555556,
      "r":0.3846153846,
      "f":0.4545454545
    },
    "Ventive":{
      "p":0.7142857143,
      "r":0.1785714286,
      "f":0.2857142857
    },
    "NounBase":{
      "p":0.9534883721,
      "r":0.8913043478,
      "f":0.9213483146
    },
    "NounStem":{
      "p":0.7777777778,
      "r":0.5384615385,
      "f":0.6363636364
    },
    "SubSuff":{
      "p":0.5,
      "r":0.1428571429,
      "f":0.2222222222
    },
    "Subordinative":{
      "p":1.0,
      "r":0.25,
      "f":0.4
    },
    "PossSufNum":{
      "p":0.0,
      "r":0.0,
      "f":0.0
    },
    "PossSufPer":{
      "p":0.0,
      "r":0.0,
      "f":0.0
    },
    "NounState":{
      "p":0.0,
      "r":0.0,
      "f":0.0
    },
    "Focus":{
      "p":0.0,
      "r":0.0,
      "f":0.0
    },
    "PrepSuffGen":{
      "p":1.0,
      "r":1.0,
      "f":1.0
    },
    "PrepSuffNum":{
      "p":1.0,
      "r":1.0,
      "f":1.0
    },
    "PresSuffPer":{
      "p":1.0,
      "r":1.0,
      "f":1.0
    }
  },
  "tag_acc":0.7087959009,
  "sents_p":0.8887530562,
  "sents_r":0.7817204301,
  "sents_f":0.8318077803,
  "dep_uas":0.8571428571,
  "dep_las":0.2362798492,
  "dep_las_per_type":{
    "root":{
      "p":0.0516129032,
      "r":0.8888888889,
      "f":0.0975609756
    },
    "_":{
      "p":0.0,
      "r":0.0,
      "f":0.0
    },
    "mark":{
      "p":0.4,
      "r":0.3333333333,
      "f":0.3636363636
    },
    "discourse":{
      "p":0.5,
      "r":0.3333333333,
      "f":0.4
    },
    "nsubj":{
      "p":0.7272727273,
      "r":0.9230769231,
      "f":0.813559322
    },
    "appos":{
      "p":1.0,
      "r":0.9318181818,
      "f":0.9647058824
    },
    "obj":{
      "p":0.6,
      "r":0.3333333333,
      "f":0.4285714286
    },
    "ccomp":{
      "p":0.0,
      "r":0.0,
      "f":0.0
    },
    "parataxis":{
      "p":0.0,
      "r":0.0,
      "f":0.0
    },
    "advmod":{
      "p":0.875,
      "r":0.9333333333,
      "f":0.9032258065
    },
    "advcl":{
      "p":0.0,
      "r":0.0,
      "f":0.0
    },
    "case":{
      "p":0.9074074074,
      "r":0.9245283019,
      "f":0.9158878505
    },
    "obl":{
      "p":0.3636363636,
      "r":0.5,
      "f":0.4210526316
    },
    "cc":{
      "p":0.5,
      "r":1.0,
      "f":0.6666666667
    },
    "conj":{
      "p":0.8695652174,
      "r":0.8333333333,
      "f":0.8510638298
    },
    "det":{
      "p":0.0,
      "r":0.0,
      "f":0.0
    },
    "nmod":{
      "p":0.7777777778,
      "r":0.7,
      "f":0.7368421053
    },
    "nmod:poss":{
      "p":1.0,
      "r":0.875,
      "f":0.9333333333
    },
    "dep":{
      "p":0.0,
      "r":0.0,
      "f":0.0
    },
    "dislocated":{
      "p":0.0,
      "r":0.0,
      "f":0.0
    },
    "iobj":{
      "p":0.25,
      "r":0.3333333333,
      "f":0.2857142857
    },
    "fixed":{
      "p":0.5,
      "r":0.2,
      "f":0.2857142857
    },
    "nummod":{
      "p":0.9090909091,
      "r":0.9090909091,
      "f":0.9090909091
    },
    "acl":{
      "p":1.0,
      "r":1.0,
      "f":1.0
    },
    "amod":{
      "p":0.9230769231,
      "r":1.0,
      "f":0.96
    },
    "advmod:emph":{
      "p":0.0,
      "r":0.0,
      "f":0.0
    },
    "acl:relcl":{
      "p":1.0,
      "r":1.0,
      "f":1.0
    }
  },
  "speed":4650.5142798518
}