{
  "token_acc":0.9933799887,
  "token_p":0.9830890643,
  "token_r":0.9582417582,
  "token_f":0.9705063996,
  "lemma_acc":0.9413741598,
  "sents_p":0.779893374,
  "sents_r":0.7882986913,
  "sents_f":0.7840735069,
  "dep_uas":0.7883401411,
  "dep_las":0.3947270702,
  "dep_las_per_type":{
    "case":{
      "p":0.9133858268,
      "r":0.9317269076,
      "f":0.9224652087
    },
    "root":{
      "p":0.1123160341,
      "r":0.7712765957,
      "f":0.1960784314
    },
    "appos":{
      "p":0.9495798319,
      "r":0.8759689922,
      "f":0.9112903226
    },
    "nsubj":{
      "p":0.5821917808,
      "r":0.5704697987,
      "f":0.5762711864
    },
    "advmod":{
      "p":0.8082191781,
      "r":0.8428571429,
      "f":0.8251748252
    },
    "cc":{
      "p":0.75,
      "r":0.75,
      "f":0.75
    },
    "conj":{
      "p":0.3888888889,
      "r":0.4298245614,
      "f":0.4083333333
    },
    "obl":{
      "p":0.5639097744,
      "r":0.7009345794,
      "f":0.625
    },
    "nmod":{
      "p":0.6376811594,
      "r":0.7213114754,
      "f":0.6769230769
    },
    "_":{
      "p":0.0,
      "r":0.0,
      "f":0.0
    },
    "obj":{
      "p":0.5303030303,
      "r":0.3301886792,
      "f":0.4069767442
    },
    "dislocated":{
      "p":0.4,
      "r":0.1818181818,
      "f":0.25
    },
    "acl":{
      "p":0.6,
      "r":0.4615384615,
      "f":0.5217391304
    },
    "nummod":{
      "p":0.8787878788,
      "r":0.8787878788,
      "f":0.8787878788
    },
    "discourse":{
      "p":0.5862068966,
      "r":0.5666666667,
      "f":0.5762711864
    },
    "amod":{
      "p":0.7777777778,
      "r":0.7567567568,
      "f":0.7671232877
    },
    "ccomp":{
      "p":0.5454545455,
      "r":0.375,
      "f":0.4444444444
    },
    "iobj":{
      "p":0.9166666667,
      "r":0.3793103448,
      "f":0.5365853659
    },
    "dep":{
      "p":0.0,
      "r":0.0,
      "f":0.0
    },
    "det":{
      "p":0.6666666667,
      "r":0.6153846154,
      "f":0.64
    },
    "advcl":{
      "p":0.2857142857,
      "r":0.1818181818,
      "f":0.2222222222
    },
    "mark":{
      "p":0.7647058824,
      "r":0.5416666667,
      "f":0.6341463415
    },
    "fixed":{
      "p":0.6666666667,
      "r":0.3333333333,
      "f":0.4444444444
    },
    "list":{
      "p":0.0,
      "r":0.0,
      "f":0.0
    },
    "nmod:poss":{
      "p":0.84,
      "r":0.75,
      "f":0.7924528302
    },
    "parataxis":{
      "p":0.0,
      "r":0.0,
      "f":0.0
    },
    "cop":{
      "p":0.0,
      "r":0.0,
      "f":0.0
    },
    "acl:relcl":{
      "p":1.0,
      "r":1.0,
      "f":1.0
    }
  },
  "tag_acc":0.6182022052,
  "pos_acc":0.9408672799,
  "morph_acc":0.8047094001,
  "morph_micro_p":0.8822618125,
  "morph_micro_r":0.8451122241,
  "morph_micro_f":0.8632875414,
  "morph_per_feat":{
    "Case":{
      "p":0.8157181572,
      "r":0.7900262467,
      "f":0.8026666667
    },
    "Gender":{
      "p":0.9368709973,
      "r":0.9006156552,
      "f":0.9183856502
    },
    "Number":{
      "p":0.9332096475,
      "r":0.8966131907,
      "f":0.9145454545
    },
    "PossSuffGen":{
      "p":0.8636363636,
      "r":0.847133758,
      "f":0.8553054662
    },
    "PossSuffNum":{
      "p":0.9529411765,
      "r":0.8950276243,
      "f":0.9230769231
    },
    "PossSuffPer":{
      "p":0.9294117647,
      "r":0.8729281768,
      "f":0.9002849003
    },
    "Mood":{
      "p":0.9344262295,
      "r":0.8941176471,
      "f":0.9138276553
    },
    "Person":{
      "p":0.9057971014,
      "r":0.8591065292,
      "f":0.8818342152
    },
    "VerbForm":{
      "p":0.9375,
      "r":0.8713692946,
      "f":0.9032258065
    },
    "VerbStem":{
      "p":0.874015748,
      "r":0.828358209,
      "f":0.8505747126
    },
    "Tense":{
      "p":0.7960199005,
      "r":0.7655502392,
      "f":0.7804878049
    },
    "Ventive":{
      "p":0.7142857143,
      "r":0.7042253521,
      "f":0.7092198582
    },
    "PronType":{
      "p":0.0,
      "r":0.0,
      "f":0.0
    },
    "SubSuff":{
      "p":0.8769230769,
      "r":0.8260869565,
      "f":0.8507462687
    },
    "Subordinative":{
      "p":0.5641025641,
      "r":0.6111111111,
      "f":0.5866666667
    },
    "NounStem":{
      "p":0.7777777778,
      "r":0.7,
      "f":0.7368421053
    },
    "Focus":{
      "p":0.775862069,
      "r":0.5555555556,
      "f":0.6474820144
    },
    "NounBase":{
      "p":0.6739130435,
      "r":0.6739130435,
      "f":0.6739130435
    },
    "VerbSuffGen":{
      "p":0.59375,
      "r":0.6785714286,
      "f":0.6333333333
    },
    "VerbSuffNum":{
      "p":0.65625,
      "r":0.65625,
      "f":0.65625
    },
    "VerbSuffPer":{
      "p":0.65625,
      "r":0.65625,
      "f":0.65625
    },
    "PrepSuffGen":{
      "p":0.8333333333,
      "r":1.0,
      "f":0.9090909091
    },
    "PrepSuffNum":{
      "p":0.8333333333,
      "r":1.0,
      "f":0.9090909091
    },
    "PrepSuffPer":{
      "p":0.75,
      "r":0.75,
      "f":0.75
    },
    "PresSuffPer":{
      "p":0.5,
      "r":0.5,
      "f":0.5
    },
    "PossSufNum":{
      "p":0.0,
      "r":0.0,
      "f":0.0
    },
    "PossSufPer":{
      "p":0.0,
      "r":0.0,
      "f":0.0
    },
    "NounState":{
      "p":0.0,
      "r":0.0,
      "f":0.0
    },
    "Voice":{
      "p":0.0,
      "r":0.0,
      "f":0.0
    },
    "PredSuffNum":{
      "p":0.5,
      "r":1.0,
      "f":0.6666666667
    },
    "PredSuffPer":{
      "p":0.5,
      "r":1.0,
      "f":0.6666666667
    }
  },
  "speed":9406.8100571183
}