{
  "token_acc":0.9923076923,
  "token_p":0.9802424787,
  "token_r":0.952443281,
  "token_f":0.966142952,
  "lemma_acc":0.9342251951,
  "sents_p":0.7669565217,
  "sents_r":0.7967479675,
  "sents_f":0.7815684537,
  "dep_uas":0.7877713779,
  "dep_las":0.3854674346,
  "dep_las_per_type":{
    "case":{
      "p":0.9248826291,
      "r":0.9380952381,
      "f":0.9314420804
    },
    "root":{
      "p":0.1058718861,
      "r":0.7628205128,
      "f":0.1859375
    },
    "appos":{
      "p":0.9411764706,
      "r":0.932038835,
      "f":0.9365853659
    },
    "nsubj":{
      "p":0.7,
      "r":0.546875,
      "f":0.6140350877
    },
    "advmod":{
      "p":0.9387755102,
      "r":0.8679245283,
      "f":0.9019607843
    },
    "cc":{
      "p":0.8888888889,
      "r":0.8,
      "f":0.8421052632
    },
    "conj":{
      "p":0.4395604396,
      "r":0.4705882353,
      "f":0.4545454545
    },
    "obl":{
      "p":0.5773195876,
      "r":0.6746987952,
      "f":0.6222222222
    },
    "nmod":{
      "p":0.6630434783,
      "r":0.6288659794,
      "f":0.6455026455
    },
    "_":{
      "p":0.0,
      "r":0.0,
      "f":0.0
    },
    "dislocated":{
      "p":0.6,
      "r":0.2727272727,
      "f":0.375
    },
    "acl":{
      "p":0.6470588235,
      "r":0.5238095238,
      "f":0.5789473684
    },
    "obj":{
      "p":0.4743589744,
      "r":0.4457831325,
      "f":0.4596273292
    },
    "nummod":{
      "p":0.8108108108,
      "r":0.9375,
      "f":0.8695652174
    },
    "discourse":{
      "p":0.4827586207,
      "r":0.4666666667,
      "f":0.4745762712
    },
    "amod":{
      "p":0.7096774194,
      "r":0.8461538462,
      "f":0.7719298246
    },
    "ccomp":{
      "p":0.5555555556,
      "r":0.3125,
      "f":0.4
    },
    "dep":{
      "p":0.0,
      "r":0.0,
      "f":0.0
    },
    "iobj":{
      "p":0.6363636364,
      "r":0.2592592593,
      "f":0.3684210526
    },
    "nmod:poss":{
      "p":0.935483871,
      "r":0.7435897436,
      "f":0.8285714286
    },
    "det":{
      "p":0.4545454545,
      "r":0.4166666667,
      "f":0.4347826087
    },
    "advcl":{
      "p":0.4,
      "r":0.1818181818,
      "f":0.25
    },
    "mark":{
      "p":0.8,
      "r":0.5333333333,
      "f":0.64
    },
    "fixed":{
      "p":0.6,
      "r":0.5,
      "f":0.5454545455
    },
    "list":{
      "p":0.0,
      "r":0.0,
      "f":0.0
    },
    "parataxis":{
      "p":0.0,
      "r":0.0,
      "f":0.0
    },
    "cop":{
      "p":0.0,
      "r":0.0,
      "f":0.0
    },
    "acl:relcl":{
      "p":1.0,
      "r":1.0,
      "f":1.0
    }
  },
  "tag_acc":0.5486607143,
  "pos_acc":0.9219030521,
  "morph_acc":0.6727678571,
  "morph_micro_p":0.7055276382,
  "morph_micro_r":0.8339272986,
  "morph_micro_f":0.7643728223,
  "morph_per_feat":{
    "Case":{
      "p":0.7919463087,
      "r":0.7946127946,
      "f":0.7932773109
    },
    "Gender":{
      "p":0.9558139535,
      "r":0.9032967033,
      "f":0.9288135593
    },
    "Number":{
      "p":0.9295774648,
      "r":0.8849162011,
      "f":0.9066971952
    },
    "PossSuffGen":{
      "p":0.777027027,
      "r":0.9274193548,
      "f":0.8455882353
    },
    "PossSuffNum":{
      "p":0.9261744966,
      "r":0.9324324324,
      "f":0.9292929293
    },
    "PossSuffPer":{
      "p":0.932885906,
      "r":0.9391891892,
      "f":0.936026936
    },
    "Focus":{
      "p":0.0041152263,
      "r":0.4,
      "f":0.0081466395
    },
    "NounStem":{
      "p":0.0260303688,
      "r":0.2727272727,
      "f":0.0475247525
    },
    "Mood":{
      "p":0.9473684211,
      "r":0.8372093023,
      "f":0.8888888889
    },
    "Person":{
      "p":0.8869565217,
      "r":0.8535564854,
      "f":0.8699360341
    },
    "VerbForm":{
      "p":0.8777777778,
      "r":0.7783251232,
      "f":0.8250652742
    },
    "VerbStem":{
      "p":0.8597285068,
      "r":0.8520179372,
      "f":0.8558558559
    },
    "Tense":{
      "p":0.75,
      "r":0.7455621302,
      "f":0.7477744807
    },
    "Ventive":{
      "p":0.5875,
      "r":0.7580645161,
      "f":0.661971831
    },
    "Subordinative":{
      "p":0.4102564103,
      "r":0.5714285714,
      "f":0.4776119403
    },
    "PronType":{
      "p":0.0,
      "r":0.0,
      "f":0.0
    },
    "SubSuff":{
      "p":0.8787878788,
      "r":0.6444444444,
      "f":0.7435897436
    },
    "VerbSuffGen":{
      "p":0.5357142857,
      "r":0.75,
      "f":0.625
    },
    "VerbSuffNum":{
      "p":0.6071428571,
      "r":0.7083333333,
      "f":0.6538461538
    },
    "VerbSuffPer":{
      "p":0.6428571429,
      "r":0.75,
      "f":0.6923076923
    },
    "NounBase":{
      "p":0.625,
      "r":0.1315789474,
      "f":0.2173913043
    },
    "PrepSuffGen":{
      "p":1.0,
      "r":1.0,
      "f":1.0
    },
    "PrepSuffNum":{
      "p":1.0,
      "r":1.0,
      "f":1.0
    },
    "PrepSuffPer":{
      "p":1.0,
      "r":0.5,
      "f":0.6666666667
    },
    "PresSuffPer":{
      "p":0.5,
      "r":1.0,
      "f":0.6666666667
    },
    "PredSuffGen":{
      "p":0.0,
      "r":0.0,
      "f":0.0
    },
    "PredSuffNum":{
      "p":0.0,
      "r":0.0,
      "f":0.0
    },
    "PredSuffPer":{
      "p":0.0,
      "r":0.0,
      "f":0.0
    },
    "NounState":{
      "p":0.0,
      "r":0.0,
      "f":0.0
    },
    "Voice":{
      "p":0.0,
      "r":0.0,
      "f":0.0
    }
  },
  "speed":6281.5839104537
}