{
  "token_acc":0.987654321,
  "token_p":0.9756097561,
  "token_r":0.913126189,
  "token_f":0.9433344252,
  "lemma_acc":0.9532648326,
  "pos_acc":0.8789386401,
  "morph_acc":0.7782565462,
  "morph_micro_p":0.867628866,
  "morph_micro_r":0.7868362004,
  "morph_micro_f":0.8252598549,
  "morph_per_feat":{
    "Case":{
      "p":0.8079470199,
      "r":0.6224489796,
      "f":0.7031700288
    },
    "Gender":{
      "p":0.9316888046,
      "r":0.8629173989,
      "f":0.8959854015
    },
    "Number":{
      "p":0.9087452471,
      "r":0.8400702988,
      "f":0.8730593607
    },
    "Person":{
      "p":0.8853503185,
      "r":0.8273809524,
      "f":0.8553846154
    },
    "Mood":{
      "p":0.8768115942,
      "r":0.8287671233,
      "f":0.8521126761
    },
    "SubSuff":{
      "p":0.8235294118,
      "r":0.8235294118,
      "f":0.8235294118
    },
    "Tense":{
      "p":0.7326732673,
      "r":0.7628865979,
      "f":0.7474747475
    },
    "Ventive":{
      "p":0.8148148148,
      "r":0.6470588235,
      "f":0.7213114754
    },
    "VerbForm":{
      "p":0.8181818182,
      "r":0.7826086957,
      "f":0.8
    },
    "VerbStem":{
      "p":0.8169014085,
      "r":0.7891156463,
      "f":0.8027681661
    },
    "Focus":{
      "p":1.0,
      "r":0.3333333333,
      "f":0.5
    },
    "NounStem":{
      "p":0.8846153846,
      "r":0.6388888889,
      "f":0.7419354839
    },
    "PossSuffGen":{
      "p":0.9333333333,
      "r":0.8235294118,
      "f":0.875
    },
    "PossSuffNum":{
      "p":0.9367088608,
      "r":0.8409090909,
      "f":0.8862275449
    },
    "PossSuffPer":{
      "p":0.9240506329,
      "r":0.8295454545,
      "f":0.874251497
    },
    "NounBase":{
      "p":0.5277777778,
      "r":0.5428571429,
      "f":0.5352112676
    },
    "VerbSuffGen":{
      "p":0.7894736842,
      "r":0.7142857143,
      "f":0.75
    },
    "VerbSuffNum":{
      "p":0.7368421053,
      "r":0.6666666667,
      "f":0.7
    },
    "VerbSuffPer":{
      "p":0.7894736842,
      "r":0.7142857143,
      "f":0.75
    },
    "Subordinative":{
      "p":0.4285714286,
      "r":0.6,
      "f":0.5
    },
    "Question":{
      "p":0.0,
      "r":0.0,
      "f":0.0
    },
    "PossSufNum":{
      "p":0.0,
      "r":0.0,
      "f":0.0
    },
    "PossSufPer":{
      "p":0.0,
      "r":0.0,
      "f":0.0
    },
    "SubSuffix":{
      "p":1.0,
      "r":0.5,
      "f":0.6666666667
    },
    "PrepSuffGen":{
      "p":0.5,
      "r":1.0,
      "f":0.6666666667
    },
    "PrepSuffNum":{
      "p":0.5,
      "r":1.0,
      "f":0.6666666667
    },
    "PresSuffPer":{
      "p":0.0,
      "r":0.0,
      "f":0.0
    },
    "Voice":{
      "p":0.0,
      "r":0.0,
      "f":0.0
    },
    "PrepSuffPer":{
      "p":1.0,
      "r":1.0,
      "f":1.0
    }
  },
  "tag_acc":0.8468169761,
  "sents_p":0.7952380952,
  "sents_r":0.7221621622,
  "sents_f":0.7569405099,
  "dep_uas":0.7841467409,
  "dep_las":0.3170651818,
  "dep_las_per_type":{
    "_":{
      "p":0.0,
      "r":0.0,
      "f":0.0
    },
    "mark":{
      "p":0.7777777778,
      "r":0.5833333333,
      "f":0.6666666667
    },
    "fixed":{
      "p":0.5,
      "r":0.4,
      "f":0.4444444444
    },
    "nsubj":{
      "p":0.6338028169,
      "r":0.5555555556,
      "f":0.5921052632
    },
    "advcl":{
      "p":0.2857142857,
      "r":0.1666666667,
      "f":0.2105263158
    },
    "obj":{
      "p":0.3191489362,
      "r":0.3333333333,
      "f":0.3260869565
    },
    "conj":{
      "p":0.4565217391,
      "r":0.4285714286,
      "f":0.4421052632
    },
    "nmod":{
      "p":0.7536231884,
      "r":0.6582278481,
      "f":0.7027027027
    },
    "case":{
      "p":0.9615384615,
      "r":0.9689922481,
      "f":0.9652509653
    },
    "obl":{
      "p":0.45,
      "r":0.4576271186,
      "f":0.4537815126
    },
    "root":{
      "p":0.0985221675,
      "r":0.7407407407,
      "f":0.1739130435
    },
    "iobj":{
      "p":0.0,
      "r":0.0,
      "f":0.0
    },
    "dislocated":{
      "p":0.0,
      "r":0.0,
      "f":0.0
    },
    "appos":{
      "p":0.8636363636,
      "r":0.8636363636,
      "f":0.8636363636
    },
    "acl":{
      "p":0.6363636364,
      "r":0.5833333333,
      "f":0.6086956522
    },
    "discourse":{
      "p":0.5,
      "r":0.5,
      "f":0.5
    },
    "ccomp":{
      "p":0.1666666667,
      "r":0.125,
      "f":0.1428571429
    },
    "advmod":{
      "p":0.7575757576,
      "r":0.7352941176,
      "f":0.7462686567
    },
    "dep":{
      "p":0.0,
      "r":0.0,
      "f":0.0
    },
    "amod":{
      "p":1.0,
      "r":0.5,
      "f":0.6666666667
    },
    "cc":{
      "p":0.6666666667,
      "r":0.75,
      "f":0.7058823529
    },
    "det":{
      "p":0.6666666667,
      "r":0.4,
      "f":0.5
    },
    "nummod":{
      "p":0.9,
      "r":0.8181818182,
      "f":0.8571428571
    },
    "nmod:poss":{
      "p":0.5,
      "r":0.8571428571,
      "f":0.6315789474
    },
    "cop":{
      "p":0.0,
      "r":0.0,
      "f":0.0
    },
    "parataxis":{
      "p":0.0,
      "r":0.0,
      "f":0.0
    },
    "advmod:emph":{
      "p":0.0,
      "r":0.0,
      "f":0.0
    }
  },
  "speed":5713.3364333695
}