{
  "token_acc":0.9937584803,
  "token_p":0.9859762675,
  "token_r":0.9697612732,
  "token_f":0.9778015512,
  "tag_acc":0.8592991914,
  "pos_acc":0.9304841764,
  "morph_acc":0.7676985195,
  "morph_micro_p":0.8594185583,
  "morph_micro_r":0.7770975873,
  "morph_micro_f":0.8161875946,
  "morph_per_feat":{
    "Case":{
      "p":0.8548812665,
      "r":0.7751196172,
      "f":0.8130489335
    },
    "Gender":{
      "p":0.9014336918,
      "r":0.8369384359,
      "f":0.8679896462
    },
    "Number":{
      "p":0.9168173599,
      "r":0.8535353535,
      "f":0.8840453357
    },
    "PossSuffNum":{
      "p":0.9102564103,
      "r":0.9594594595,
      "f":0.9342105263
    },
    "PossSuffPer":{
      "p":0.8846153846,
      "r":0.9324324324,
      "f":0.9078947368
    },
    "PossSufNum":{
      "p":1.0,
      "r":0.5,
      "f":0.6666666667
    },
    "PossSufPer":{
      "p":1.0,
      "r":0.5,
      "f":0.6666666667
    },
    "NounBase":{
      "p":0.6851851852,
      "r":0.5285714286,
      "f":0.5967741935
    },
    "Mood":{
      "p":0.8976377953,
      "r":0.7549668874,
      "f":0.8201438849
    },
    "Person":{
      "p":0.829787234,
      "r":0.7090909091,
      "f":0.7647058824
    },
    "Tense":{
      "p":0.6086956522,
      "r":0.5090909091,
      "f":0.5544554455
    },
    "VerbForm":{
      "p":0.7948717949,
      "r":0.6940298507,
      "f":0.7410358566
    },
    "VerbStem":{
      "p":0.8455882353,
      "r":0.7371794872,
      "f":0.7876712329
    },
    "Subordinative":{
      "p":0.3636363636,
      "r":0.1739130435,
      "f":0.2352941176
    },
    "Ventive":{
      "p":0.8285714286,
      "r":0.6444444444,
      "f":0.725
    },
    "VerbSuffNum":{
      "p":0.625,
      "r":0.5,
      "f":0.5555555556
    },
    "VerbSuffPer":{
      "p":0.5,
      "r":0.4,
      "f":0.4444444444
    },
    "NounSuffNum":{
      "p":0.0,
      "r":0.0,
      "f":0.0
    },
    "NounSuffPer":{
      "p":0.0,
      "r":0.0,
      "f":0.0
    },
    "NounStem":{
      "p":0.5925925926,
      "r":0.8,
      "f":0.6808510638
    },
    "PossSuffGen":{
      "p":0.8550724638,
      "r":0.921875,
      "f":0.8872180451
    },
    "PrepSuffGen":{
      "p":1.0,
      "r":1.0,
      "f":1.0
    },
    "PrepSuffNum":{
      "p":1.0,
      "r":1.0,
      "f":1.0
    },
    "PresSuffPer":{
      "p":1.0,
      "r":1.0,
      "f":1.0
    },
    "Focus":{
      "p":1.0,
      "r":0.5714285714,
      "f":0.7272727273
    },
    "VerbSuffGen":{
      "p":0.8333333333,
      "r":0.5555555556,
      "f":0.6666666667
    },
    "SubSuff":{
      "p":0.6923076923,
      "r":0.5294117647,
      "f":0.6
    },
    "PrepSuffPer":{
      "p":1.0,
      "r":1.0,
      "f":1.0
    },
    "NounState":{
      "p":0.0,
      "r":0.0,
      "f":0.0
    },
    "number":{
      "p":0.0,
      "r":0.0,
      "f":0.0
    }
  },
  "lemma_acc":0.9467168999,
  "sents_p":0.8203939745,
  "sents_r":0.7814569536,
  "sents_f":0.8004522329,
  "dep_uas":0.8084537186,
  "dep_las":0.4188285638,
  "dep_las_per_type":{
    "_":{
      "p":0.0,
      "r":0.0,
      "f":0.0
    },
    "case":{
      "p":0.9207920792,
      "r":0.9393939394,
      "f":0.93
    },
    "root":{
      "p":0.1353558926,
      "r":0.7435897436,
      "f":0.2290227048
    },
    "appos":{
      "p":0.9761904762,
      "r":0.9318181818,
      "f":0.9534883721
    },
    "nsubj":{
      "p":0.7372881356,
      "r":0.6641221374,
      "f":0.6987951807
    },
    "advmod":{
      "p":0.6730769231,
      "r":0.7,
      "f":0.6862745098
    },
    "nmod":{
      "p":0.6923076923,
      "r":0.6428571429,
      "f":0.6666666667
    },
    "nummod":{
      "p":0.75,
      "r":0.84375,
      "f":0.7941176471
    },
    "dep":{
      "p":0.0,
      "r":0.0,
      "f":0.0
    },
    "obl":{
      "p":0.6533333333,
      "r":0.6363636364,
      "f":0.6447368421
    },
    "discourse":{
      "p":0.5,
      "r":0.4545454545,
      "f":0.4761904762
    },
    "dislocated":{
      "p":0.0,
      "r":0.0,
      "f":0.0
    },
    "obj":{
      "p":0.5483870968,
      "r":0.5762711864,
      "f":0.5619834711
    },
    "null":{
      "p":0.0,
      "r":0.0,
      "f":0.0
    },
    "ccomp":{
      "p":0.2222222222,
      "r":0.2222222222,
      "f":0.2222222222
    },
    "fixed":{
      "p":0.6,
      "r":0.3,
      "f":0.4
    },
    "iobj":{
      "p":0.3333333333,
      "r":0.3333333333,
      "f":0.3333333333
    },
    "nmod:poss":{
      "p":0.2307692308,
      "r":0.1875,
      "f":0.2068965517
    },
    "acl":{
      "p":0.5714285714,
      "r":0.4,
      "f":0.4705882353
    },
    "conj":{
      "p":0.5060240964,
      "r":0.5384615385,
      "f":0.5217391304
    },
    "advcl":{
      "p":0.25,
      "r":0.2,
      "f":0.2222222222
    },
    "amod":{
      "p":0.8888888889,
      "r":0.8,
      "f":0.8421052632
    },
    "parataxis":{
      "p":0.6666666667,
      "r":0.4,
      "f":0.5
    },
    "det":{
      "p":0.75,
      "r":0.3,
      "f":0.4285714286
    },
    "cc":{
      "p":0.5,
      "r":0.4285714286,
      "f":0.4615384615
    },
    "mark":{
      "p":0.5555555556,
      "r":0.4545454545,
      "f":0.5
    },
    "advmod:emph":{
      "p":0.6666666667,
      "r":0.5,
      "f":0.5714285714
    },
    "acl:relcl":{
      "p":0.0,
      "r":0.0,
      "f":0.0
    },
    "aux":{
      "p":0.0,
      "r":0.0,
      "f":0.0
    }
  },
  "speed":40449.7320850691
}