{
  "token_acc":0.994833255,
  "token_p":0.985046729,
  "token_r":0.9669724771,
  "token_f":0.9759259259,
  "lemma_acc":0.9153094463,
  "pos_acc":0.9049072552,
  "morph_acc":0.7700908456,
  "morph_micro_p":0.8513205086,
  "morph_micro_r":0.6729381443,
  "morph_micro_f":0.7516913776,
  "morph_per_feat":{
    "Case":{
      "p":0.8205128205,
      "r":0.6991596639,
      "f":0.7549909256
    },
    "Gender":{
      "p":0.9177897574,
      "r":0.7721088435,
      "f":0.8386699507
    },
    "Number":{
      "p":0.9291553134,
      "r":0.7830080367,
      "f":0.8498442368
    },
    "PossSuffNum":{
      "p":0.9385964912,
      "r":0.8770491803,
      "f":0.906779661
    },
    "PossSuffPer":{
      "p":0.9385964912,
      "r":0.8842975207,
      "f":0.9106382979
    },
    "NounStem":{
      "p":0.7631578947,
      "r":0.5471698113,
      "f":0.6373626374
    },
    "Mood":{
      "p":0.8415841584,
      "r":0.4644808743,
      "f":0.5985915493
    },
    "Person":{
      "p":0.8,
      "r":0.4444444444,
      "f":0.5714285714
    },
    "Tense":{
      "p":0.6578947368,
      "r":0.3496503497,
      "f":0.4566210046
    },
    "VerbForm":{
      "p":0.8144329897,
      "r":0.487654321,
      "f":0.61003861
    },
    "VerbStem":{
      "p":0.7433628319,
      "r":0.4375,
      "f":0.5508196721
    },
    "PossSuffGen":{
      "p":0.7570093458,
      "r":0.8804347826,
      "f":0.8140703518
    },
    "NounBase":{
      "p":0.6341463415,
      "r":0.7222222222,
      "f":0.6753246753
    },
    "Ventive":{
      "p":0.75,
      "r":0.3050847458,
      "f":0.4337349398
    },
    "SubSuff":{
      "p":0.6153846154,
      "r":0.2352941176,
      "f":0.3404255319
    },
    "Subordinative":{
      "p":0.4615384615,
      "r":0.2727272727,
      "f":0.3428571429
    },
    "Voice":{
      "p":0.0,
      "r":0.0,
      "f":0.0
    },
    "VerbSuffGen":{
      "p":0.3333333333,
      "r":0.4666666667,
      "f":0.3888888889
    },
    "VerbSuffNum":{
      "p":0.4545454545,
      "r":0.5,
      "f":0.4761904762
    },
    "VerbSuffPer":{
      "p":0.4090909091,
      "r":0.45,
      "f":0.4285714286
    },
    "Focus":{
      "p":1.0,
      "r":1.0,
      "f":1.0
    },
    "PossSufNum":{
      "p":0.0,
      "r":0.0,
      "f":0.0
    },
    "PossSufPer":{
      "p":0.0,
      "r":0.0,
      "f":0.0
    },
    "NounState":{
      "p":1.0,
      "r":0.5,
      "f":0.6666666667
    },
    "PronType":{
      "p":0.0,
      "r":0.0,
      "f":0.0
    },
    "verbForm":{
      "p":0.0,
      "r":0.0,
      "f":0.0
    },
    "PrepSuffGen":{
      "p":1.0,
      "r":1.0,
      "f":1.0
    },
    "PrepSuffNum":{
      "p":1.0,
      "r":1.0,
      "f":1.0
    },
    "PrepSuffPer":{
      "p":1.0,
      "r":1.0,
      "f":1.0
    }
  },
  "tag_acc":0.846494293,
  "sents_p":0.7377819549,
  "sents_r":0.785,
  "sents_f":0.7606589147,
  "dep_uas":0.7652375435,
  "dep_las":0.3809965238,
  "dep_las_per_type":{
    "_":{
      "p":0.0,
      "r":0.0,
      "f":0.0
    },
    "case":{
      "p":0.8924731183,
      "r":0.8601036269,
      "f":0.8759894459
    },
    "root":{
      "p":0.1029551954,
      "r":0.8244274809,
      "f":0.1830508475
    },
    "appos":{
      "p":0.9375,
      "r":0.9090909091,
      "f":0.9230769231
    },
    "nsubj":{
      "p":0.656,
      "r":0.6666666667,
      "f":0.6612903226
    },
    "advmod":{
      "p":0.6779661017,
      "r":0.7843137255,
      "f":0.7272727273
    },
    "obj":{
      "p":0.4772727273,
      "r":0.28,
      "f":0.3529411765
    },
    "nmod":{
      "p":0.5982142857,
      "r":0.6036036036,
      "f":0.600896861
    },
    "fixed":{
      "p":0.2,
      "r":0.125,
      "f":0.1538461538
    },
    "acl":{
      "p":0.4444444444,
      "r":0.4444444444,
      "f":0.4444444444
    },
    "nummod":{
      "p":0.9423076923,
      "r":0.9074074074,
      "f":0.9245283019
    },
    "conj":{
      "p":0.578313253,
      "r":0.5393258427,
      "f":0.5581395349
    },
    "dislocated":{
      "p":1.0,
      "r":0.0555555556,
      "f":0.1052631579
    },
    "iobj":{
      "p":0.4285714286,
      "r":0.2307692308,
      "f":0.3
    },
    "det":{
      "p":0.5714285714,
      "r":0.5,
      "f":0.5333333333
    },
    "discourse":{
      "p":0.5428571429,
      "r":0.4871794872,
      "f":0.5135135135
    },
    "dep":{
      "p":0.0476190476,
      "r":0.3333333333,
      "f":0.0833333333
    },
    "mark":{
      "p":0.625,
      "r":0.5,
      "f":0.5555555556
    },
    "advcl":{
      "p":0.3333333333,
      "r":0.125,
      "f":0.1818181818
    },
    "obl":{
      "p":0.4946236559,
      "r":0.6478873239,
      "f":0.5609756098
    },
    "amod":{
      "p":0.8148148148,
      "r":0.7586206897,
      "f":0.7857142857
    },
    "parataxis":{
      "p":0.0,
      "r":0.0,
      "f":0.0
    },
    "ccomp":{
      "p":0.2380952381,
      "r":0.3125,
      "f":0.2702702703
    },
    "cc":{
      "p":0.6,
      "r":0.6,
      "f":0.6
    },
    "nmod:poss":{
      "p":0.7317073171,
      "r":0.7894736842,
      "f":0.7594936709
    },
    "cop":{
      "p":0.0,
      "r":0.0,
      "f":0.0
    },
    "acl:relcl":{
      "p":0.3333333333,
      "r":1.0,
      "f":0.5
    },
    "list":{
      "p":0.0,
      "r":0.0,
      "f":0.0
    },
    "advmod:emph":{
      "p":0.0,
      "r":0.0,
      "f":0.0
    }
  },
  "speed":5217.6674569162
}