{
  "token_acc":0.9947980077,
  "token_p":0.9874476987,
  "token_r":0.9728791495,
  "token_f":0.9801092896,
  "lemma_acc":0.9660551467,
  "sents_p":0.8423307626,
  "sents_r":0.8305872412,
  "sents_f":0.8364177835,
  "dep_uas":0.8249316566,
  "dep_las":0.3860032805,
  "dep_las_per_type":{
    "case":{
      "p":0.9426433915,
      "r":0.9356435644,
      "f":0.9391304348
    },
    "root":{
      "p":0.0860121633,
      "r":0.752851711,
      "f":0.1543859649
    },
    "appos":{
      "p":0.9830508475,
      "r":0.9255319149,
      "f":0.9534246575
    },
    "nsubj":{
      "p":0.6900826446,
      "r":0.7046413502,
      "f":0.6972860125
    },
    "advmod":{
      "p":0.8307692308,
      "r":0.8571428571,
      "f":0.84375
    },
    "conj":{
      "p":0.4959016393,
      "r":0.5734597156,
      "f":0.5318681319
    },
    "nmod":{
      "p":0.7359550562,
      "r":0.7158469945,
      "f":0.7257617729
    },
    "_":{
      "p":0.0,
      "r":0.0,
      "f":0.0
    },
    "amod":{
      "p":0.7674418605,
      "r":0.7333333333,
      "f":0.75
    },
    "nummod":{
      "p":0.8510638298,
      "r":0.9302325581,
      "f":0.8888888889
    },
    "discourse":{
      "p":0.6031746032,
      "r":0.6333333333,
      "f":0.6178861789
    },
    "det":{
      "p":0.5454545455,
      "r":0.5454545455,
      "f":0.5454545455
    },
    "obl":{
      "p":0.6071428571,
      "r":0.6165803109,
      "f":0.6118251928
    },
    "iobj":{
      "p":0.6486486486,
      "r":0.5,
      "f":0.5647058824
    },
    "ccomp":{
      "p":0.4166666667,
      "r":0.3448275862,
      "f":0.3773584906
    },
    "obj":{
      "p":0.5987654321,
      "r":0.60625,
      "f":0.602484472
    },
    "cc":{
      "p":0.6842105263,
      "r":0.8125,
      "f":0.7428571429
    },
    "dislocated":{
      "p":0.2,
      "r":0.0588235294,
      "f":0.0909090909
    },
    "fixed":{
      "p":0.6666666667,
      "r":0.5,
      "f":0.5714285714
    },
    "acl":{
      "p":0.5862068966,
      "r":0.4857142857,
      "f":0.53125
    },
    "parataxis":{
      "p":0.75,
      "r":0.6,
      "f":0.6666666667
    },
    "mark":{
      "p":0.3888888889,
      "r":0.4117647059,
      "f":0.4
    },
    "dep":{
      "p":0.0,
      "r":0.0,
      "f":0.0
    },
    "advcl":{
      "p":0.2,
      "r":0.1818181818,
      "f":0.1904761905
    },
    "nmod:poss":{
      "p":0.9078947368,
      "r":0.8734177215,
      "f":0.8903225806
    },
    "cop":{
      "p":0.0,
      "r":0.0,
      "f":0.0
    },
    "xcomp":{
      "p":0.0,
      "r":0.0,
      "f":0.0
    },
    "advmod:emph":{
      "p":0.0,
      "r":0.0,
      "f":0.0
    },
    "vocative":{
      "p":0.8,
      "r":0.5714285714,
      "f":0.6666666667
    },
    "acl:relcl":{
      "p":1.0,
      "r":1.0,
      "f":1.0
    }
  },
  "tag_acc":0.7581354442,
  "pos_acc":0.9466254963,
  "morph_acc":0.8452407122,
  "morph_micro_p":0.8940996709,
  "morph_micro_r":0.8558730873,
  "morph_micro_f":0.8745688664,
  "morph_per_feat":{
    "Case":{
      "p":0.8349753695,
      "r":0.7895962733,
      "f":0.8116520351
    },
    "Gender":{
      "p":0.936123348,
      "r":0.9066666667,
      "f":0.9211595774
    },
    "Number":{
      "p":0.9337785198,
      "r":0.9050701187,
      "f":0.9192002191
    },
    "PossSuffGen":{
      "p":0.9338521401,
      "r":0.8988764045,
      "f":0.9160305344
    },
    "PossSuffNum":{
      "p":0.9471830986,
      "r":0.9340277778,
      "f":0.9405594406
    },
    "PossSuffPer":{
      "p":0.9328621908,
      "r":0.9166666667,
      "f":0.9246935201
    },
    "NounBase":{
      "p":0.8419354839,
      "r":0.731092437,
      "f":0.7826086957
    },
    "Mood":{
      "p":0.9125295508,
      "r":0.8914549654,
      "f":0.9018691589
    },
    "Person":{
      "p":0.8824786325,
      "r":0.8550724638,
      "f":0.8685594111
    },
    "VerbForm":{
      "p":0.9153005464,
      "r":0.8862433862,
      "f":0.9005376344
    },
    "VerbStem":{
      "p":0.8769931663,
      "r":0.8369565217,
      "f":0.8565072303
    },
    "VerbSuffGen":{
      "p":0.7719298246,
      "r":0.7586206897,
      "f":0.7652173913
    },
    "VerbSuffNum":{
      "p":0.7368421053,
      "r":0.7118644068,
      "f":0.724137931
    },
    "VerbSuffPer":{
      "p":0.7719298246,
      "r":0.7457627119,
      "f":0.7586206897
    },
    "Tense":{
      "p":0.7931034483,
      "r":0.7955974843,
      "f":0.7943485086
    },
    "Ventive":{
      "p":0.7068965517,
      "r":0.752293578,
      "f":0.7288888889
    },
    "SubSuff":{
      "p":0.84,
      "r":0.8289473684,
      "f":0.8344370861
    },
    "Subordinative":{
      "p":0.65,
      "r":0.65,
      "f":0.65
    },
    "PronType":{
      "p":0.5,
      "r":0.3333333333,
      "f":0.4
    },
    "Focus":{
      "p":0.8554216867,
      "r":0.4640522876,
      "f":0.6016949153
    },
    "SubSuffix":{
      "p":1.0,
      "r":1.0,
      "f":1.0
    },
    "Voice":{
      "p":0.5,
      "r":0.4444444444,
      "f":0.4705882353
    },
    "PrepSuffGen":{
      "p":0.9,
      "r":0.9,
      "f":0.9
    },
    "PrepSuffNum":{
      "p":0.9090909091,
      "r":1.0,
      "f":0.9523809524
    },
    "PrepSuffPer":{
      "p":1.0,
      "r":0.8333333333,
      "f":0.9090909091
    },
    "PresSuffPer":{
      "p":0.6666666667,
      "r":1.0,
      "f":0.8
    },
    "PredSuffNum":{
      "p":0.0,
      "r":0.0,
      "f":0.0
    },
    "PredSuffPer":{
      "p":0.0,
      "r":0.0,
      "f":0.0
    }
  },
  "speed":7065.9744416017
}