{
  "token_acc":0.9925595238,
  "token_p":0.9778434269,
  "token_r":0.9477451682,
  "token_f":0.9625590694,
  "lemma_acc":0.9095569389,
  "pos_acc":0.8767424798,
  "morph_acc":0.7300073368,
  "morph_micro_p":0.8858237548,
  "morph_micro_r":0.7275015733,
  "morph_micro_f":0.798894264,
  "morph_per_feat":{
    "Case":{
      "p":0.8720626632,
      "r":0.6666666667,
      "f":0.7556561086
    },
    "Gender":{
      "p":0.9360374415,
      "r":0.8241758242,
      "f":0.8765522279
    },
    "Number":{
      "p":0.9430379747,
      "r":0.8347338936,
      "f":0.8855869242
    },
    "PossSuffGen":{
      "p":0.7045454545,
      "r":0.8378378378,
      "f":0.7654320988
    },
    "PossSuffNum":{
      "p":0.8775510204,
      "r":0.9052631579,
      "f":0.8911917098
    },
    "PossSuffPer":{
      "p":0.8673469388,
      "r":0.8947368421,
      "f":0.8808290155
    },
    "Mood":{
      "p":0.9175257732,
      "r":0.6137931034,
      "f":0.7355371901
    },
    "Person":{
      "p":0.8431372549,
      "r":0.5375,
      "f":0.6564885496
    },
    "Subordinative":{
      "p":0.6666666667,
      "r":0.3157894737,
      "f":0.4285714286
    },
    "Tense":{
      "p":0.8076923077,
      "r":0.5384615385,
      "f":0.6461538462
    },
    "Ventive":{
      "p":0.8,
      "r":0.3720930233,
      "f":0.5079365079
    },
    "VerbForm":{
      "p":0.8958333333,
      "r":0.5931034483,
      "f":0.7136929461
    },
    "VerbStem":{
      "p":0.8476190476,
      "r":0.5779220779,
      "f":0.6872586873
    },
    "PrepSuffGen":{
      "p":0.0,
      "r":0.0,
      "f":0.0
    },
    "PrepSuffNum":{
      "p":0.0,
      "r":0.0,
      "f":0.0
    },
    "PresSuffPer":{
      "p":0.0,
      "r":0.0,
      "f":0.0
    },
    "SubSuffix":{
      "p":0.0,
      "r":0.0,
      "f":0.0
    },
    "SubSuff":{
      "p":0.6923076923,
      "r":0.4285714286,
      "f":0.5294117647
    },
    "VerbSuffGen":{
      "p":0.5,
      "r":0.6,
      "f":0.5454545455
    },
    "VerbSuffNum":{
      "p":0.5,
      "r":0.6,
      "f":0.5454545455
    },
    "VerbSuffPer":{
      "p":0.5,
      "r":0.6,
      "f":0.5454545455
    },
    "NounBase":{
      "p":0.7777777778,
      "r":0.6805555556,
      "f":0.7259259259
    },
    "NounStem":{
      "p":0.7441860465,
      "r":0.7111111111,
      "f":0.7272727273
    },
    "Voice":{
      "p":0.0,
      "r":0.0,
      "f":0.0
    },
    "Focus":{
      "p":1.0,
      "r":0.8333333333,
      "f":0.9090909091
    },
    "NounState":{
      "p":1.0,
      "r":1.0,
      "f":1.0
    },
    "PronType":{
      "p":0.0,
      "r":0.0,
      "f":0.0
    },
    "PossSufNum":{
      "p":0.0,
      "r":0.0,
      "f":0.0
    },
    "PossSufPer":{
      "p":0.0,
      "r":0.0,
      "f":0.0
    },
    "PrepSuffPer":{
      "p":0.0,
      "r":0.0,
      "f":0.0
    }
  },
  "tag_acc":0.4926686217,
  "sents_p":0.6637554585,
  "sents_r":0.6495726496,
  "sents_f":0.656587473,
  "dep_uas":0.7720320466,
  "dep_las":0.5251274581,
  "dep_las_per_type":{
    "case":{
      "p":0.9222797927,
      "r":0.978021978,
      "f":0.9493333333
    },
    "root":{
      "p":0.2104072398,
      "r":0.7881355932,
      "f":0.3321428571
    },
    "appos":{
      "p":0.9487179487,
      "r":0.9736842105,
      "f":0.961038961
    },
    "nsubj":{
      "p":0.686746988,
      "r":0.59375,
      "f":0.6368715084
    },
    "advmod":{
      "p":0.8205128205,
      "r":0.8205128205,
      "f":0.8205128205
    },
    "obj":{
      "p":0.4210526316,
      "r":0.4615384615,
      "f":0.4403669725
    },
    "dislocated":{
      "p":0.0,
      "r":0.0,
      "f":0.0
    },
    "discourse":{
      "p":0.347826087,
      "r":0.4210526316,
      "f":0.380952381
    },
    "amod":{
      "p":0.8695652174,
      "r":0.7692307692,
      "f":0.8163265306
    },
    "obl":{
      "p":0.6282051282,
      "r":0.49,
      "f":0.5505617978
    },
    "acl":{
      "p":0.5,
      "r":0.2857142857,
      "f":0.3636363636
    },
    "ccomp":{
      "p":0.4444444444,
      "r":0.3333333333,
      "f":0.380952381
    },
    "_":{
      "p":0.0,
      "r":0.0,
      "f":0.0
    },
    "det":{
      "p":0.8181818182,
      "r":0.6428571429,
      "f":0.72
    },
    "iobj":{
      "p":0.5,
      "r":0.6363636364,
      "f":0.56
    },
    "conj":{
      "p":0.5490196078,
      "r":0.4242424242,
      "f":0.4786324786
    },
    "nmod":{
      "p":0.6545454545,
      "r":0.6990291262,
      "f":0.676056338
    },
    "mark":{
      "p":0.25,
      "r":0.25,
      "f":0.25
    },
    "nummod":{
      "p":0.9230769231,
      "r":0.96,
      "f":0.9411764706
    },
    "dep":{
      "p":0.0,
      "r":0.0,
      "f":0.0
    },
    "fixed":{
      "p":0.0,
      "r":0.0,
      "f":0.0
    },
    "advcl":{
      "p":0.4,
      "r":0.1666666667,
      "f":0.2352941176
    },
    "cc":{
      "p":0.3333333333,
      "r":0.25,
      "f":0.2857142857
    },
    "nmod:poss":{
      "p":1.0,
      "r":0.7435897436,
      "f":0.8529411765
    },
    "parataxis":{
      "p":0.0,
      "r":0.0,
      "f":0.0
    },
    "acl:relcl":{
      "p":0.5,
      "r":0.5,
      "f":0.5
    },
    "xcomp":{
      "p":0.0,
      "r":0.0,
      "f":0.0
    },
    "advmod:emph":{
      "p":0.0,
      "r":0.0,
      "f":0.0
    }
  },
  "speed":4106.1015799635
}