{
  "token_acc":0.9933799887,
  "token_p":0.9830890643,
  "token_r":0.9582417582,
  "token_f":0.9705063996,
  "lemma_acc":0.9413741598,
  "sents_p":0.779893374,
  "sents_r":0.7882986913,
  "sents_f":0.7840735069,
  "dep_uas":0.7823988117,
  "dep_las":0.3906424062,
  "dep_las_per_type":{
    "case":{
      "p":0.9051383399,
      "r":0.9196787149,
      "f":0.9123505976
    },
    "root":{
      "p":0.1173271173,
      "r":0.8031914894,
      "f":0.2047457627
    },
    "appos":{
      "p":0.9098360656,
      "r":0.8604651163,
      "f":0.8844621514
    },
    "nsubj":{
      "p":0.6304347826,
      "r":0.5838926174,
      "f":0.606271777
    },
    "advmod":{
      "p":0.8450704225,
      "r":0.8571428571,
      "f":0.8510638298
    },
    "cc":{
      "p":0.8333333333,
      "r":0.8333333333,
      "f":0.8333333333
    },
    "conj":{
      "p":0.4272727273,
      "r":0.4122807018,
      "f":0.4196428571
    },
    "obl":{
      "p":0.5511811024,
      "r":0.6542056075,
      "f":0.5982905983
    },
    "nmod":{
      "p":0.6451612903,
      "r":0.6557377049,
      "f":0.6504065041
    },
    "_":{
      "p":0.0,
      "r":0.0,
      "f":0.0
    },
    "dislocated":{
      "p":0.5,
      "r":0.2727272727,
      "f":0.3529411765
    },
    "acl":{
      "p":0.5789473684,
      "r":0.4230769231,
      "f":0.4888888889
    },
    "obj":{
      "p":0.5342465753,
      "r":0.3679245283,
      "f":0.4357541899
    },
    "nummod":{
      "p":0.8108108108,
      "r":0.9090909091,
      "f":0.8571428571
    },
    "dep":{
      "p":0.0,
      "r":0.0,
      "f":0.0
    },
    "discourse":{
      "p":0.4666666667,
      "r":0.4666666667,
      "f":0.4666666667
    },
    "amod":{
      "p":0.8,
      "r":0.7567567568,
      "f":0.7777777778
    },
    "ccomp":{
      "p":0.4,
      "r":0.375,
      "f":0.3870967742
    },
    "iobj":{
      "p":0.4705882353,
      "r":0.275862069,
      "f":0.347826087
    },
    "advcl":{
      "p":0.3333333333,
      "r":0.0909090909,
      "f":0.1428571429
    },
    "nmod:poss":{
      "p":0.7636363636,
      "r":0.75,
      "f":0.7567567568
    },
    "det":{
      "p":0.5333333333,
      "r":0.6153846154,
      "f":0.5714285714
    },
    "mark":{
      "p":0.65,
      "r":0.5416666667,
      "f":0.5909090909
    },
    "fixed":{
      "p":0.5,
      "r":0.5,
      "f":0.5
    },
    "list":{
      "p":0.0,
      "r":0.0,
      "f":0.0
    },
    "parataxis":{
      "p":0.0,
      "r":0.0,
      "f":0.0
    },
    "cop":{
      "p":0.0,
      "r":0.0,
      "f":0.0
    },
    "acl:relcl":{
      "p":1.0,
      "r":1.0,
      "f":1.0
    }
  },
  "tag_acc":0.6142056075,
  "pos_acc":0.9412427257,
  "morph_acc":0.8054569239,
  "morph_micro_p":0.8790275902,
  "morph_micro_r":0.8451122241,
  "morph_micro_f":0.8617363344,
  "morph_per_feat":{
    "Case":{
      "p":0.796,
      "r":0.7834645669,
      "f":0.7896825397
    },
    "Gender":{
      "p":0.9415525114,
      "r":0.9067722076,
      "f":0.9238351254
    },
    "Number":{
      "p":0.9333950046,
      "r":0.8992869875,
      "f":0.9160236042
    },
    "PossSuffGen":{
      "p":0.86875,
      "r":0.8853503185,
      "f":0.8769716088
    },
    "PossSuffNum":{
      "p":0.9540229885,
      "r":0.9171270718,
      "f":0.9352112676
    },
    "PossSuffPer":{
      "p":0.9425287356,
      "r":0.9060773481,
      "f":0.923943662
    },
    "Mood":{
      "p":0.9193548387,
      "r":0.8941176471,
      "f":0.9065606362
    },
    "Person":{
      "p":0.8960573477,
      "r":0.8591065292,
      "f":0.8771929825
    },
    "VerbForm":{
      "p":0.903930131,
      "r":0.8589211618,
      "f":0.8808510638
    },
    "VerbStem":{
      "p":0.8643410853,
      "r":0.8320895522,
      "f":0.8479087452
    },
    "Tense":{
      "p":0.7766497462,
      "r":0.7320574163,
      "f":0.7536945813
    },
    "Ventive":{
      "p":0.7213114754,
      "r":0.6197183099,
      "f":0.6666666667
    },
    "NounStem":{
      "p":0.7410714286,
      "r":0.6916666667,
      "f":0.7155172414
    },
    "PronType":{
      "p":0.0,
      "r":0.0,
      "f":0.0
    },
    "SubSuff":{
      "p":0.9122807018,
      "r":0.7536231884,
      "f":0.8253968254
    },
    "Subordinative":{
      "p":0.625,
      "r":0.5555555556,
      "f":0.5882352941
    },
    "Focus":{
      "p":0.775862069,
      "r":0.5555555556,
      "f":0.6474820144
    },
    "NounBase":{
      "p":0.7065217391,
      "r":0.7065217391,
      "f":0.7065217391
    },
    "VerbSuffGen":{
      "p":0.5806451613,
      "r":0.6428571429,
      "f":0.6101694915
    },
    "VerbSuffNum":{
      "p":0.6774193548,
      "r":0.65625,
      "f":0.6666666667
    },
    "VerbSuffPer":{
      "p":0.6774193548,
      "r":0.65625,
      "f":0.6666666667
    },
    "PrepSuffGen":{
      "p":1.0,
      "r":1.0,
      "f":1.0
    },
    "PrepSuffNum":{
      "p":1.0,
      "r":1.0,
      "f":1.0
    },
    "PrepSuffPer":{
      "p":1.0,
      "r":0.75,
      "f":0.8571428571
    },
    "PresSuffPer":{
      "p":0.5,
      "r":0.5,
      "f":0.5
    },
    "PossSufNum":{
      "p":0.0,
      "r":0.0,
      "f":0.0
    },
    "PossSufPer":{
      "p":0.0,
      "r":0.0,
      "f":0.0
    },
    "NounState":{
      "p":0.0,
      "r":0.0,
      "f":0.0
    },
    "Voice":{
      "p":0.0,
      "r":0.0,
      "f":0.0
    },
    "PredSuffNum":{
      "p":0.5,
      "r":1.0,
      "f":0.6666666667
    },
    "PredSuffPer":{
      "p":0.5,
      "r":1.0,
      "f":0.6666666667
    }
  },
  "speed":9167.7520223658
}