{
  "token_acc":0.9933799887,
  "token_p":0.9830890643,
  "token_r":0.9582417582,
  "token_f":0.9705063996,
  "lemma_acc":0.9413741598,
  "sents_p":0.7783701447,
  "sents_r":0.7867590454,
  "sents_f":0.7825421133,
  "dep_uas":0.7861121426,
  "dep_las":0.3924990717,
  "dep_las_per_type":{
    "case":{
      "p":0.9109311741,
      "r":0.9036144578,
      "f":0.9072580645
    },
    "root":{
      "p":0.1119751166,
      "r":0.7659574468,
      "f":0.1953867028
    },
    "appos":{
      "p":0.925,
      "r":0.8604651163,
      "f":0.8915662651
    },
    "nsubj":{
      "p":0.6484375,
      "r":0.5570469799,
      "f":0.5992779783
    },
    "advmod":{
      "p":0.8378378378,
      "r":0.8857142857,
      "f":0.8611111111
    },
    "cc":{
      "p":1.0,
      "r":0.9166666667,
      "f":0.9565217391
    },
    "conj":{
      "p":0.4462809917,
      "r":0.4736842105,
      "f":0.4595744681
    },
    "obl":{
      "p":0.5390070922,
      "r":0.7102803738,
      "f":0.6129032258
    },
    "nmod":{
      "p":0.6612903226,
      "r":0.6721311475,
      "f":0.6666666667
    },
    "_":{
      "p":0.0,
      "r":0.0,
      "f":0.0
    },
    "dislocated":{
      "p":0.5714285714,
      "r":0.3636363636,
      "f":0.4444444444
    },
    "acl":{
      "p":0.6470588235,
      "r":0.4230769231,
      "f":0.511627907
    },
    "obj":{
      "p":0.4020618557,
      "r":0.3679245283,
      "f":0.3842364532
    },
    "nummod":{
      "p":0.8108108108,
      "r":0.9090909091,
      "f":0.8571428571
    },
    "discourse":{
      "p":0.5161290323,
      "r":0.5333333333,
      "f":0.5245901639
    },
    "amod":{
      "p":0.7317073171,
      "r":0.8108108108,
      "f":0.7692307692
    },
    "ccomp":{
      "p":0.2941176471,
      "r":0.3125,
      "f":0.303030303
    },
    "iobj":{
      "p":0.6923076923,
      "r":0.3103448276,
      "f":0.4285714286
    },
    "dep":{
      "p":0.0,
      "r":0.0,
      "f":0.0
    },
    "det":{
      "p":0.875,
      "r":0.5384615385,
      "f":0.6666666667
    },
    "advcl":{
      "p":0.0,
      "r":0.0,
      "f":0.0
    },
    "mark":{
      "p":0.65,
      "r":0.5416666667,
      "f":0.5909090909
    },
    "fixed":{
      "p":0.3333333333,
      "r":0.1666666667,
      "f":0.2222222222
    },
    "nmod:poss":{
      "p":0.8775510204,
      "r":0.7678571429,
      "f":0.819047619
    },
    "list":{
      "p":0.0,
      "r":0.0,
      "f":0.0
    },
    "parataxis":{
      "p":0.0,
      "r":0.0,
      "f":0.0
    },
    "cop":{
      "p":0.0,
      "r":0.0,
      "f":0.0
    },
    "acl:relcl":{
      "p":1.0,
      "r":1.0,
      "f":1.0
    }
  },
  "tag_acc":0.6155858718,
  "pos_acc":0.9419936174,
  "morph_acc":0.8005980191,
  "morph_micro_p":0.8710233806,
  "morph_micro_r":0.8430717863,
  "morph_micro_f":0.8568196814,
  "morph_per_feat":{
    "Case":{
      "p":0.7907608696,
      "r":0.7637795276,
      "f":0.7770360481
    },
    "Gender":{
      "p":0.9407474932,
      "r":0.907651715,
      "f":0.9239033124
    },
    "Number":{
      "p":0.926335175,
      "r":0.8966131907,
      "f":0.9112318841
    },
    "PossSuffGen":{
      "p":0.8322580645,
      "r":0.821656051,
      "f":0.8269230769
    },
    "PossSuffNum":{
      "p":0.9352941176,
      "r":0.8784530387,
      "f":0.905982906
    },
    "PossSuffPer":{
      "p":0.9117647059,
      "r":0.8563535912,
      "f":0.8831908832
    },
    "Mood":{
      "p":0.9031007752,
      "r":0.9137254902,
      "f":0.9083820663
    },
    "Person":{
      "p":0.8724137931,
      "r":0.8694158076,
      "f":0.8709122203
    },
    "VerbForm":{
      "p":0.9012875536,
      "r":0.8713692946,
      "f":0.8860759494
    },
    "VerbStem":{
      "p":0.8566037736,
      "r":0.8470149254,
      "f":0.851782364
    },
    "Tense":{
      "p":0.7673267327,
      "r":0.7416267943,
      "f":0.7542579075
    },
    "Ventive":{
      "p":0.7419354839,
      "r":0.6478873239,
      "f":0.6917293233
    },
    "PronType":{
      "p":0.0,
      "r":0.0,
      "f":0.0
    },
    "SubSuff":{
      "p":0.8529411765,
      "r":0.8405797101,
      "f":0.8467153285
    },
    "Subordinative":{
      "p":0.5365853659,
      "r":0.6111111111,
      "f":0.5714285714
    },
    "VerbSuffGen":{
      "p":0.5588235294,
      "r":0.6785714286,
      "f":0.6129032258
    },
    "VerbSuffNum":{
      "p":0.6470588235,
      "r":0.6875,
      "f":0.6666666667
    },
    "VerbSuffPer":{
      "p":0.6470588235,
      "r":0.6875,
      "f":0.6666666667
    },
    "NounStem":{
      "p":0.7788461538,
      "r":0.675,
      "f":0.7232142857
    },
    "Focus":{
      "p":0.8392857143,
      "r":0.5802469136,
      "f":0.6861313869
    },
    "NounBase":{
      "p":0.7386363636,
      "r":0.7065217391,
      "f":0.7222222222
    },
    "PrepSuffGen":{
      "p":1.0,
      "r":1.0,
      "f":1.0
    },
    "PrepSuffNum":{
      "p":1.0,
      "r":1.0,
      "f":1.0
    },
    "PrepSuffPer":{
      "p":1.0,
      "r":1.0,
      "f":1.0
    },
    "PossSufNum":{
      "p":0.0,
      "r":0.0,
      "f":0.0
    },
    "PossSufPer":{
      "p":0.0,
      "r":0.0,
      "f":0.0
    },
    "NounState":{
      "p":0.0,
      "r":0.0,
      "f":0.0
    },
    "PresSuffPer":{
      "p":1.0,
      "r":1.0,
      "f":1.0
    },
    "Voice":{
      "p":0.0,
      "r":0.0,
      "f":0.0
    },
    "PredSuffNum":{
      "p":0.5,
      "r":1.0,
      "f":0.6666666667
    },
    "PredSuffPer":{
      "p":0.5,
      "r":1.0,
      "f":0.6666666667
    }
  },
  "speed":8130.9621590028
}