{
  "token_acc":0.9872983179,
  "token_p":0.9749152542,
  "token_r":0.9118579581,
  "token_f":0.9423328965,
  "lemma_acc":0.9525704809,
  "pos_acc":0.8781944905,
  "morph_acc":0.7834162521,
  "morph_micro_p":0.881938691,
  "morph_micro_r":0.7961854899,
  "morph_micro_f":0.8368710692,
  "morph_per_feat":{
    "Case":{
      "p":0.8199356913,
      "r":0.6505102041,
      "f":0.7254623044
    },
    "Gender":{
      "p":0.9377358491,
      "r":0.8734622144,
      "f":0.9044585987
    },
    "Number":{
      "p":0.8947368421,
      "r":0.8365553603,
      "f":0.8646684832
    },
    "Person":{
      "p":0.9038461538,
      "r":0.8392857143,
      "f":0.8703703704
    },
    "Mood":{
      "p":0.9259259259,
      "r":0.8561643836,
      "f":0.8896797153
    },
    "SubSuff":{
      "p":0.9333333333,
      "r":0.8235294118,
      "f":0.875
    },
    "Tense":{
      "p":0.7628865979,
      "r":0.7628865979,
      "f":0.7628865979
    },
    "Ventive":{
      "p":0.7407407407,
      "r":0.5882352941,
      "f":0.6557377049
    },
    "VerbForm":{
      "p":0.8648648649,
      "r":0.8347826087,
      "f":0.8495575221
    },
    "VerbStem":{
      "p":0.8714285714,
      "r":0.8299319728,
      "f":0.850174216
    },
    "Focus":{
      "p":0.75,
      "r":0.5,
      "f":0.6
    },
    "NounStem":{
      "p":0.8333333333,
      "r":0.6944444444,
      "f":0.7575757576
    },
    "PossSuffGen":{
      "p":0.9473684211,
      "r":0.8470588235,
      "f":0.8944099379
    },
    "PossSuffNum":{
      "p":0.9375,
      "r":0.8522727273,
      "f":0.8928571429
    },
    "PossSuffPer":{
      "p":0.9375,
      "r":0.8522727273,
      "f":0.8928571429
    },
    "NounBase":{
      "p":0.5769230769,
      "r":0.4285714286,
      "f":0.4918032787
    },
    "VerbSuffGen":{
      "p":0.8461538462,
      "r":0.5238095238,
      "f":0.6470588235
    },
    "VerbSuffNum":{
      "p":0.8571428571,
      "r":0.5714285714,
      "f":0.6857142857
    },
    "VerbSuffPer":{
      "p":0.8571428571,
      "r":0.5714285714,
      "f":0.6857142857
    },
    "Subordinative":{
      "p":0.3571428571,
      "r":0.5,
      "f":0.4166666667
    },
    "PrepSuffGen":{
      "p":0.5,
      "r":1.0,
      "f":0.6666666667
    },
    "PrepSuffNum":{
      "p":0.5,
      "r":1.0,
      "f":0.6666666667
    },
    "PresSuffPer":{
      "p":0.0,
      "r":0.0,
      "f":0.0
    },
    "NounSuffNum":{
      "p":0.0,
      "r":0.0,
      "f":0.0
    },
    "NounSuffPer":{
      "p":0.0,
      "r":0.0,
      "f":0.0
    },
    "SubSuffix":{
      "p":1.0,
      "r":0.5,
      "f":0.6666666667
    },
    "Voice":{
      "p":0.0,
      "r":0.0,
      "f":0.0
    },
    "PrepSuffPer":{
      "p":1.0,
      "r":1.0,
      "f":1.0
    }
  },
  "tag_acc":0.8573324486,
  "sents_p":0.7804014168,
  "sents_r":0.7145945946,
  "sents_f":0.7460496614,
  "dep_uas":0.7837483617,
  "dep_las":0.3197903014,
  "dep_las_per_type":{
    "_":{
      "p":0.0,
      "r":0.0,
      "f":0.0
    },
    "mark":{
      "p":0.75,
      "r":0.5,
      "f":0.6
    },
    "fixed":{
      "p":0.0,
      "r":0.0,
      "f":0.0
    },
    "nsubj":{
      "p":0.6,
      "r":0.5925925926,
      "f":0.5962732919
    },
    "advcl":{
      "p":1.0,
      "r":0.25,
      "f":0.4
    },
    "obj":{
      "p":0.4545454545,
      "r":0.3333333333,
      "f":0.3846153846
    },
    "conj":{
      "p":0.4,
      "r":0.4081632653,
      "f":0.404040404
    },
    "nmod":{
      "p":0.7105263158,
      "r":0.6835443038,
      "f":0.6967741935
    },
    "case":{
      "p":0.9172932331,
      "r":0.9457364341,
      "f":0.9312977099
    },
    "obl":{
      "p":0.5254237288,
      "r":0.5254237288,
      "f":0.5254237288
    },
    "root":{
      "p":0.0931372549,
      "r":0.7037037037,
      "f":0.1645021645
    },
    "iobj":{
      "p":1.0,
      "r":0.1428571429,
      "f":0.25
    },
    "dislocated":{
      "p":0.0,
      "r":0.0,
      "f":0.0
    },
    "appos":{
      "p":0.8409090909,
      "r":0.8409090909,
      "f":0.8409090909
    },
    "acl":{
      "p":0.6363636364,
      "r":0.5833333333,
      "f":0.6086956522
    },
    "discourse":{
      "p":0.4666666667,
      "r":0.5,
      "f":0.4827586207
    },
    "ccomp":{
      "p":0.25,
      "r":0.125,
      "f":0.1666666667
    },
    "advmod":{
      "p":0.7837837838,
      "r":0.8529411765,
      "f":0.8169014085
    },
    "amod":{
      "p":0.4285714286,
      "r":0.5,
      "f":0.4615384615
    },
    "dep":{
      "p":0.0,
      "r":0.0,
      "f":0.0
    },
    "cc":{
      "p":0.7,
      "r":0.875,
      "f":0.7777777778
    },
    "det":{
      "p":0.4375,
      "r":0.4666666667,
      "f":0.4516129032
    },
    "nummod":{
      "p":1.0,
      "r":0.9090909091,
      "f":0.9523809524
    },
    "cop":{
      "p":0.0,
      "r":0.0,
      "f":0.0
    },
    "nmod:poss":{
      "p":1.0,
      "r":0.4285714286,
      "f":0.6
    }
  },
  "speed":5307.4577149458
}