{
  "token_acc":0.9933799887,
  "token_p":0.9830890643,
  "token_r":0.9582417582,
  "token_f":0.9705063996,
  "lemma_acc":0.9413741598,
  "sents_p":0.770310192,
  "sents_r":0.8029253272,
  "sents_f":0.7862796834,
  "dep_uas":0.7924248051,
  "dep_las":0.3921277386,
  "dep_las_per_type":{
    "case":{
      "p":0.9193548387,
      "r":0.9156626506,
      "f":0.9175050302
    },
    "root":{
      "p":0.1152108434,
      "r":0.8138297872,
      "f":0.2018469657
    },
    "appos":{
      "p":0.896,
      "r":0.8682170543,
      "f":0.8818897638
    },
    "nsubj":{
      "p":0.58,
      "r":0.5838926174,
      "f":0.5819397993
    },
    "advmod":{
      "p":0.8676470588,
      "r":0.8428571429,
      "f":0.8550724638
    },
    "cc":{
      "p":0.8181818182,
      "r":0.75,
      "f":0.7826086957
    },
    "conj":{
      "p":0.4705882353,
      "r":0.4210526316,
      "f":0.4444444444
    },
    "obl":{
      "p":0.6422018349,
      "r":0.6542056075,
      "f":0.6481481481
    },
    "nmod":{
      "p":0.6752136752,
      "r":0.6475409836,
      "f":0.6610878661
    },
    "_":{
      "p":0.0,
      "r":0.0,
      "f":0.0
    },
    "dislocated":{
      "p":0.5,
      "r":0.1818181818,
      "f":0.2666666667
    },
    "acl":{
      "p":0.4347826087,
      "r":0.3846153846,
      "f":0.4081632653
    },
    "obj":{
      "p":0.5616438356,
      "r":0.3867924528,
      "f":0.4581005587
    },
    "nummod":{
      "p":0.7777777778,
      "r":0.8484848485,
      "f":0.8115942029
    },
    "discourse":{
      "p":0.5833333333,
      "r":0.4666666667,
      "f":0.5185185185
    },
    "amod":{
      "p":0.6590909091,
      "r":0.7837837838,
      "f":0.7160493827
    },
    "ccomp":{
      "p":0.625,
      "r":0.3125,
      "f":0.4166666667
    },
    "iobj":{
      "p":0.5,
      "r":0.4482758621,
      "f":0.4727272727
    },
    "dep":{
      "p":0.0,
      "r":0.0,
      "f":0.0
    },
    "det":{
      "p":0.6,
      "r":0.4615384615,
      "f":0.5217391304
    },
    "advcl":{
      "p":0.25,
      "r":0.1818181818,
      "f":0.2105263158
    },
    "mark":{
      "p":0.7142857143,
      "r":0.625,
      "f":0.6666666667
    },
    "fixed":{
      "p":0.75,
      "r":0.5,
      "f":0.6
    },
    "nmod:poss":{
      "p":0.875,
      "r":0.75,
      "f":0.8076923077
    },
    "parataxis":{
      "p":0.0,
      "r":0.0,
      "f":0.0
    },
    "xcomp":{
      "p":0.0,
      "r":0.0,
      "f":0.0
    },
    "list":{
      "p":0.0,
      "r":0.0,
      "f":0.0
    },
    "cop":{
      "p":0.0,
      "r":0.0,
      "f":0.0
    },
    "acl:relcl":{
      "p":1.0,
      "r":1.0,
      "f":1.0
    }
  },
  "tag_acc":0.6198130841,
  "pos_acc":0.9412427257,
  "morph_acc":0.8069519716,
  "morph_micro_p":0.8832398995,
  "morph_micro_r":0.8475236505,
  "morph_micro_f":0.8650132526,
  "morph_per_feat":{
    "Case":{
      "p":0.8207934337,
      "r":0.7874015748,
      "f":0.8037508372
    },
    "Gender":{
      "p":0.9394495413,
      "r":0.9006156552,
      "f":0.919622811
    },
    "Number":{
      "p":0.926716141,
      "r":0.8903743316,
      "f":0.9081818182
    },
    "PossSuffGen":{
      "p":0.8641975309,
      "r":0.8917197452,
      "f":0.8777429467
    },
    "PossSuffNum":{
      "p":0.9540229885,
      "r":0.9171270718,
      "f":0.9352112676
    },
    "PossSuffPer":{
      "p":0.9482758621,
      "r":0.9116022099,
      "f":0.9295774648
    },
    "Mood":{
      "p":0.9206349206,
      "r":0.9098039216,
      "f":0.9151873767
    },
    "Person":{
      "p":0.9014084507,
      "r":0.8797250859,
      "f":0.8904347826
    },
    "VerbForm":{
      "p":0.9130434783,
      "r":0.8713692946,
      "f":0.8917197452
    },
    "VerbStem":{
      "p":0.877394636,
      "r":0.8544776119,
      "f":0.8657844991
    },
    "Tense":{
      "p":0.7772277228,
      "r":0.7511961722,
      "f":0.7639902676
    },
    "Ventive":{
      "p":0.676056338,
      "r":0.676056338,
      "f":0.676056338
    },
    "PronType":{
      "p":0.0,
      "r":0.0,
      "f":0.0
    },
    "SubSuff":{
      "p":0.9107142857,
      "r":0.7391304348,
      "f":0.816
    },
    "Subordinative":{
      "p":0.6538461538,
      "r":0.4722222222,
      "f":0.5483870968
    },
    "NounStem":{
      "p":0.785046729,
      "r":0.7,
      "f":0.7400881057
    },
    "Focus":{
      "p":0.8103448276,
      "r":0.5802469136,
      "f":0.6762589928
    },
    "NounBase":{
      "p":0.7558139535,
      "r":0.7065217391,
      "f":0.7303370787
    },
    "VerbSuffGen":{
      "p":0.5555555556,
      "r":0.7142857143,
      "f":0.625
    },
    "VerbSuffNum":{
      "p":0.6111111111,
      "r":0.6875,
      "f":0.6470588235
    },
    "VerbSuffPer":{
      "p":0.6388888889,
      "r":0.71875,
      "f":0.6764705882
    },
    "PrepSuffGen":{
      "p":1.0,
      "r":1.0,
      "f":1.0
    },
    "PrepSuffNum":{
      "p":1.0,
      "r":1.0,
      "f":1.0
    },
    "PrepSuffPer":{
      "p":1.0,
      "r":0.75,
      "f":0.8571428571
    },
    "PresSuffPer":{
      "p":0.5,
      "r":0.5,
      "f":0.5
    },
    "PossSufNum":{
      "p":0.0,
      "r":0.0,
      "f":0.0
    },
    "PossSufPer":{
      "p":0.0,
      "r":0.0,
      "f":0.0
    },
    "NounState":{
      "p":0.0,
      "r":0.0,
      "f":0.0
    },
    "Voice":{
      "p":0.0,
      "r":0.0,
      "f":0.0
    },
    "PredSuffNum":{
      "p":0.0,
      "r":0.0,
      "f":0.0
    },
    "PredSuffPer":{
      "p":0.0,
      "r":0.0,
      "f":0.0
    }
  },
  "speed":6022.1121909049
}