{
  "token_acc":0.9995004995,
  "token_p":0.9196205691,
  "token_r":0.9771883289,
  "token_f":0.9475308642,
  "tag_acc":0.9710337497,
  "pos_acc":0.991202346,
  "morph_acc":0.9143008756,
  "morph_micro_p":0.9967579251,
  "morph_micro_r":0.9963989917,
  "morph_micro_f":0.9965784261,
  "morph_per_feat":{
    "Case":{
      "p":0.995215311,
      "r":0.995215311,
      "f":0.995215311
    },
    "Gender":{
      "p":0.9983361065,
      "r":0.9983361065,
      "f":0.9983361065
    },
    "Number":{
      "p":0.9983136594,
      "r":0.9966329966,
      "f":0.9974726201
    },
    "PossSuffNum":{
      "p":0.9866666667,
      "r":1.0,
      "f":0.9932885906
    },
    "PossSuffPer":{
      "p":0.9866666667,
      "r":1.0,
      "f":0.9932885906
    },
    "PossSufNum":{
      "p":1.0,
      "r":0.5,
      "f":0.6666666667
    },
    "PossSufPer":{
      "p":1.0,
      "r":0.5,
      "f":0.6666666667
    },
    "NounBase":{
      "p":0.985915493,
      "r":1.0,
      "f":0.9929078014
    },
    "Mood":{
      "p":1.0,
      "r":1.0,
      "f":1.0
    },
    "Person":{
      "p":1.0,
      "r":1.0,
      "f":1.0
    },
    "Tense":{
      "p":1.0,
      "r":1.0,
      "f":1.0
    },
    "VerbForm":{
      "p":1.0,
      "r":1.0,
      "f":1.0
    },
    "VerbStem":{
      "p":1.0,
      "r":1.0,
      "f":1.0
    },
    "Subordinative":{
      "p":1.0,
      "r":1.0,
      "f":1.0
    },
    "Ventive":{
      "p":1.0,
      "r":1.0,
      "f":1.0
    },
    "VerbSuffNum":{
      "p":1.0,
      "r":1.0,
      "f":1.0
    },
    "VerbSuffPer":{
      "p":0.9,
      "r":0.9,
      "f":0.9
    },
    "NounSuffNum":{
      "p":1.0,
      "r":1.0,
      "f":1.0
    },
    "NounSuffPer":{
      "p":1.0,
      "r":1.0,
      "f":1.0
    },
    "PrepSuffGen":{
      "p":1.0,
      "r":1.0,
      "f":1.0
    },
    "PrepSuffNum":{
      "p":1.0,
      "r":1.0,
      "f":1.0
    },
    "PresSuffPer":{
      "p":1.0,
      "r":1.0,
      "f":1.0
    },
    "PossSuffGen":{
      "p":0.984375,
      "r":0.984375,
      "f":0.984375
    },
    "Focus":{
      "p":1.0,
      "r":1.0,
      "f":1.0
    },
    "VerbSuffGen":{
      "p":1.0,
      "r":1.0,
      "f":1.0
    },
    "NounStem":{
      "p":1.0,
      "r":0.95,
      "f":0.9743589744
    },
    "SubSuff":{
      "p":1.0,
      "r":1.0,
      "f":1.0
    },
    "PrepSuffPer":{
      "p":1.0,
      "r":1.0,
      "f":1.0
    },
    "NounState":{
      "p":1.0,
      "r":1.0,
      "f":1.0
    },
    "number":{
      "p":1.0,
      "r":1.0,
      "f":1.0
    }
  },
  "lemma_acc":0.8908996898,
  "sents_p":0.9257265877,
  "sents_r":0.9492273731,
  "sents_f":0.9373297003,
  "dep_uas":0.917528507,
  "dep_las":0.5300821627,
  "dep_las_per_type":{
    "_":{
      "p":0.0,
      "r":0.0,
      "f":0.0
    },
    "case":{
      "p":0.9487179487,
      "r":0.9343434343,
      "f":0.941475827
    },
    "root":{
      "p":0.1652360515,
      "r":0.9871794872,
      "f":0.2830882353
    },
    "appos":{
      "p":0.9772727273,
      "r":0.9772727273,
      "f":0.9772727273
    },
    "nsubj":{
      "p":0.9482758621,
      "r":0.8396946565,
      "f":0.8906882591
    },
    "advmod":{
      "p":0.9318181818,
      "r":0.82,
      "f":0.8723404255
    },
    "nmod":{
      "p":0.9339622642,
      "r":0.8839285714,
      "f":0.9082568807
    },
    "nummod":{
      "p":0.96875,
      "r":0.96875,
      "f":0.96875
    },
    "obl":{
      "p":0.8831168831,
      "r":0.8831168831,
      "f":0.8831168831
    },
    "discourse":{
      "p":0.84,
      "r":0.6363636364,
      "f":0.724137931
    },
    "dislocated":{
      "p":1.0,
      "r":0.5,
      "f":0.6666666667
    },
    "obj":{
      "p":0.8666666667,
      "r":0.8813559322,
      "f":0.8739495798
    },
    "null":{
      "p":0.0,
      "r":0.0,
      "f":0.0
    },
    "ccomp":{
      "p":1.0,
      "r":0.7777777778,
      "f":0.875
    },
    "fixed":{
      "p":0.75,
      "r":0.6,
      "f":0.6666666667
    },
    "iobj":{
      "p":1.0,
      "r":1.0,
      "f":1.0
    },
    "advcl":{
      "p":0.8,
      "r":0.4,
      "f":0.5333333333
    },
    "dep":{
      "p":0.0425531915,
      "r":1.0,
      "f":0.0816326531
    },
    "conj":{
      "p":0.9545454545,
      "r":0.8076923077,
      "f":0.875
    },
    "amod":{
      "p":0.8333333333,
      "r":1.0,
      "f":0.9090909091
    },
    "det":{
      "p":0.8888888889,
      "r":0.8,
      "f":0.8421052632
    },
    "nmod:poss":{
      "p":1.0,
      "r":1.0,
      "f":1.0
    },
    "cc":{
      "p":1.0,
      "r":1.0,
      "f":1.0
    },
    "mark":{
      "p":0.7,
      "r":0.6363636364,
      "f":0.6666666667
    },
    "advmod:emph":{
      "p":1.0,
      "r":1.0,
      "f":1.0
    },
    "acl":{
      "p":1.0,
      "r":0.6,
      "f":0.75
    },
    "parataxis":{
      "p":0.8,
      "r":0.8,
      "f":0.8
    },
    "aux":{
      "p":0.0,
      "r":0.0,
      "f":0.0
    }
  },
  "speed":14976.6209190607
}