{
  "token_acc":0.9933799887,
  "token_p":0.9830890643,
  "token_r":0.9582417582,
  "token_f":0.9705063996,
  "lemma_acc":0.9380134429,
  "sents_p":0.7878787879,
  "sents_r":0.7605850654,
  "sents_f":0.7739913827,
  "dep_uas":0.7861121426,
  "dep_las":0.3988117341,
  "dep_las_per_type":{
    "case":{
      "p":0.8778625954,
      "r":0.9236947791,
      "f":0.9001956947
    },
    "root":{
      "p":0.1170731707,
      "r":0.7659574468,
      "f":0.2031029619
    },
    "appos":{
      "p":0.8968253968,
      "r":0.8759689922,
      "f":0.8862745098
    },
    "nsubj":{
      "p":0.6126760563,
      "r":0.5838926174,
      "f":0.5979381443
    },
    "advmod":{
      "p":0.8194444444,
      "r":0.8428571429,
      "f":0.8309859155
    },
    "cc":{
      "p":0.8571428571,
      "r":1.0,
      "f":0.9230769231
    },
    "conj":{
      "p":0.4496124031,
      "r":0.5087719298,
      "f":0.4773662551
    },
    "obl":{
      "p":0.5528455285,
      "r":0.6355140187,
      "f":0.5913043478
    },
    "nmod":{
      "p":0.6587301587,
      "r":0.6803278689,
      "f":0.6693548387
    },
    "_":{
      "p":0.0,
      "r":0.0,
      "f":0.0
    },
    "dislocated":{
      "p":0.5,
      "r":0.1818181818,
      "f":0.2666666667
    },
    "acl":{
      "p":0.6,
      "r":0.4615384615,
      "f":0.5217391304
    },
    "obj":{
      "p":0.4680851064,
      "r":0.4150943396,
      "f":0.44
    },
    "dep":{
      "p":0.0,
      "r":0.0,
      "f":0.0
    },
    "nummod":{
      "p":0.8965517241,
      "r":0.7878787879,
      "f":0.8387096774
    },
    "discourse":{
      "p":0.4814814815,
      "r":0.4333333333,
      "f":0.4561403509
    },
    "amod":{
      "p":0.8285714286,
      "r":0.7837837838,
      "f":0.8055555556
    },
    "ccomp":{
      "p":0.6666666667,
      "r":0.375,
      "f":0.48
    },
    "iobj":{
      "p":0.5217391304,
      "r":0.4137931034,
      "f":0.4615384615
    },
    "advcl":{
      "p":0.25,
      "r":0.3636363636,
      "f":0.2962962963
    },
    "nmod:poss":{
      "p":0.7166666667,
      "r":0.7678571429,
      "f":0.7413793103
    },
    "det":{
      "p":0.6153846154,
      "r":0.6153846154,
      "f":0.6153846154
    },
    "cop":{
      "p":0.0,
      "r":0.0,
      "f":0.0
    },
    "mark":{
      "p":0.85,
      "r":0.7083333333,
      "f":0.7727272727
    },
    "fixed":{
      "p":0.6,
      "r":0.5,
      "f":0.5454545455
    },
    "acl:relcl":{
      "p":0.25,
      "r":1.0,
      "f":0.4
    },
    "parataxis":{
      "p":0.0,
      "r":0.0,
      "f":0.0
    },
    "list":{
      "p":0.0,
      "r":0.0,
      "f":0.0
    }
  },
  "tag_acc":0.6085981308,
  "pos_acc":0.9299793505,
  "morph_acc":0.8069519716,
  "morph_micro_p":0.8691749427,
  "morph_micro_r":0.8441847524,
  "morph_micro_f":0.8564976005,
  "morph_per_feat":{
    "Case":{
      "p":0.8053691275,
      "r":0.7874015748,
      "f":0.796284008
    },
    "Gender":{
      "p":0.940855323,
      "r":0.90941073,
      "f":0.9248658318
    },
    "Number":{
      "p":0.9245630175,
      "r":0.8957219251,
      "f":0.9099139882
    },
    "PossSuffGen":{
      "p":0.8625,
      "r":0.8789808917,
      "f":0.8706624606
    },
    "PossSuffNum":{
      "p":0.9421965318,
      "r":0.9005524862,
      "f":0.9209039548
    },
    "PossSuffPer":{
      "p":0.9306358382,
      "r":0.8895027624,
      "f":0.9096045198
    },
    "Mood":{
      "p":0.9047619048,
      "r":0.8941176471,
      "f":0.899408284
    },
    "Person":{
      "p":0.8802816901,
      "r":0.8591065292,
      "f":0.8695652174
    },
    "VerbForm":{
      "p":0.9126637555,
      "r":0.867219917,
      "f":0.8893617021
    },
    "VerbStem":{
      "p":0.8582375479,
      "r":0.8358208955,
      "f":0.8468809074
    },
    "Tense":{
      "p":0.7860696517,
      "r":0.7559808612,
      "f":0.7707317073
    },
    "Ventive":{
      "p":0.6666666667,
      "r":0.6478873239,
      "f":0.6571428571
    },
    "PronType":{
      "p":0.0,
      "r":0.0,
      "f":0.0
    },
    "SubSuff":{
      "p":0.8507462687,
      "r":0.8260869565,
      "f":0.8382352941
    },
    "Subordinative":{
      "p":0.5151515152,
      "r":0.4722222222,
      "f":0.4927536232
    },
    "Focus":{
      "p":0.6724137931,
      "r":0.4814814815,
      "f":0.5611510791
    },
    "NounStem":{
      "p":0.7142857143,
      "r":0.6666666667,
      "f":0.6896551724
    },
    "VerbSuffGen":{
      "p":0.4871794872,
      "r":0.6785714286,
      "f":0.5671641791
    },
    "VerbSuffNum":{
      "p":0.5128205128,
      "r":0.625,
      "f":0.5633802817
    },
    "VerbSuffPer":{
      "p":0.5641025641,
      "r":0.6875,
      "f":0.6197183099
    },
    "NounBase":{
      "p":0.6989247312,
      "r":0.7065217391,
      "f":0.7027027027
    },
    "PrepSuffGen":{
      "p":1.0,
      "r":1.0,
      "f":1.0
    },
    "PrepSuffNum":{
      "p":1.0,
      "r":1.0,
      "f":1.0
    },
    "PrepSuffPer":{
      "p":1.0,
      "r":1.0,
      "f":1.0
    },
    "PossSufNum":{
      "p":0.0,
      "r":0.0,
      "f":0.0
    },
    "PossSufPer":{
      "p":0.0,
      "r":0.0,
      "f":0.0
    },
    "NounState":{
      "p":0.0,
      "r":0.0,
      "f":0.0
    },
    "PresSuffPer":{
      "p":1.0,
      "r":1.0,
      "f":1.0
    },
    "Voice":{
      "p":0.0,
      "r":0.0,
      "f":0.0
    },
    "PredSuffNum":{
      "p":0.0,
      "r":0.0,
      "f":0.0
    },
    "PredSuffPer":{
      "p":0.0,
      "r":0.0,
      "f":0.0
    }
  },
  "speed":9367.6127739544
}