{
  "token_acc":0.9918470621,
  "token_p":0.9782487451,
  "token_r":0.9501625135,
  "token_f":0.9640010992,
  "lemma_acc":0.8941828255,
  "pos_acc":0.9054920546,
  "morph_acc":0.7905686546,
  "morph_micro_p":0.888847445,
  "morph_micro_r":0.7303095311,
  "morph_micro_f":0.8018169583,
  "morph_per_feat":{
    "Case":{
      "p":0.8503562945,
      "r":0.7005870841,
      "f":0.7682403433
    },
    "Gender":{
      "p":0.9488721805,
      "r":0.8469798658,
      "f":0.895035461
    },
    "Number":{
      "p":0.9385560676,
      "r":0.8346994536,
      "f":0.8835864064
    },
    "PossSuffNum":{
      "p":0.9541284404,
      "r":0.9541284404,
      "f":0.9541284404
    },
    "PossSuffPer":{
      "p":0.9633027523,
      "r":0.9633027523,
      "f":0.9633027523
    },
    "Mood":{
      "p":0.8586956522,
      "r":0.537414966,
      "f":0.6610878661
    },
    "Person":{
      "p":0.8224299065,
      "r":0.514619883,
      "f":0.6330935252
    },
    "Tense":{
      "p":0.7402597403,
      "r":0.475,
      "f":0.578680203
    },
    "VerbForm":{
      "p":0.8674698795,
      "r":0.5179856115,
      "f":0.6486486486
    },
    "VerbStem":{
      "p":0.8367346939,
      "r":0.5189873418,
      "f":0.640625
    },
    "NounStem":{
      "p":0.8333333333,
      "r":0.6976744186,
      "f":0.7594936709
    },
    "PrepSuffGen":{
      "p":1.0,
      "r":0.5,
      "f":0.6666666667
    },
    "PrepSuffNum":{
      "p":1.0,
      "r":0.5,
      "f":0.6666666667
    },
    "PrepSuffPer":{
      "p":1.0,
      "r":1.0,
      "f":1.0
    },
    "PossSuffGen":{
      "p":0.76,
      "r":0.9268292683,
      "f":0.8351648352
    },
    "SubSuff":{
      "p":0.5,
      "r":0.2272727273,
      "f":0.3125
    },
    "Ventive":{
      "p":0.8,
      "r":0.2926829268,
      "f":0.4285714286
    },
    "Subordinative":{
      "p":0.8333333333,
      "r":0.2272727273,
      "f":0.3571428571
    },
    "Focus":{
      "p":1.0,
      "r":0.5,
      "f":0.6666666667
    },
    "VerbSuffGen":{
      "p":0.3571428571,
      "r":0.4545454545,
      "f":0.4
    },
    "VerbSuffNum":{
      "p":0.3571428571,
      "r":0.4545454545,
      "f":0.4
    },
    "VerbSuffPer":{
      "p":0.3571428571,
      "r":0.4545454545,
      "f":0.4
    },
    "PossSufNum":{
      "p":0.6666666667,
      "r":0.6666666667,
      "f":0.6666666667
    },
    "PossSufPer":{
      "p":0.6666666667,
      "r":0.6666666667,
      "f":0.6666666667
    },
    "SubSuffix":{
      "p":1.0,
      "r":0.3333333333,
      "f":0.5
    },
    "NounBase":{
      "p":0.8936170213,
      "r":0.75,
      "f":0.8155339806
    },
    "PronType":{
      "p":0.0,
      "r":0.0,
      "f":0.0
    },
    "PresSuffPer":{
      "p":0.0,
      "r":0.0,
      "f":0.0
    }
  },
  "tag_acc":0.5631067961,
  "sents_p":0.8129812981,
  "sents_r":0.7697916667,
  "sents_f":0.7907972178,
  "dep_uas":0.8117776555,
  "dep_las":0.3891029169,
  "dep_las_per_type":{
    "_":{
      "p":0.0,
      "r":0.0,
      "f":0.0
    },
    "case":{
      "p":0.8461538462,
      "r":0.8719512195,
      "f":0.8588588589
    },
    "root":{
      "p":0.1060948081,
      "r":0.8318584071,
      "f":0.1881881882
    },
    "appos":{
      "p":0.9702970297,
      "r":0.9423076923,
      "f":0.956097561
    },
    "nsubj":{
      "p":0.6306306306,
      "r":0.6481481481,
      "f":0.6392694064
    },
    "obj":{
      "p":0.5,
      "r":0.4285714286,
      "f":0.4615384615
    },
    "discourse":{
      "p":0.4166666667,
      "r":0.3571428571,
      "f":0.3846153846
    },
    "det":{
      "p":0.75,
      "r":0.6666666667,
      "f":0.7058823529
    },
    "conj":{
      "p":0.6666666667,
      "r":0.5714285714,
      "f":0.6153846154
    },
    "obl":{
      "p":0.4909090909,
      "r":0.5744680851,
      "f":0.5294117647
    },
    "nmod":{
      "p":0.6770833333,
      "r":0.6018518519,
      "f":0.637254902
    },
    "nmod:poss":{
      "p":0.9333333333,
      "r":1.0,
      "f":0.9655172414
    },
    "advmod":{
      "p":0.8888888889,
      "r":0.8,
      "f":0.8421052632
    },
    "dep":{
      "p":0.0,
      "r":0.0,
      "f":0.0
    },
    "fixed":{
      "p":0.6,
      "r":0.2727272727,
      "f":0.375
    },
    "ccomp":{
      "p":0.3333333333,
      "r":0.5714285714,
      "f":0.4210526316
    },
    "mark":{
      "p":0.3333333333,
      "r":0.1,
      "f":0.1538461538
    },
    "advcl":{
      "p":0.5,
      "r":0.125,
      "f":0.2
    },
    "parataxis":{
      "p":0.0,
      "r":0.0,
      "f":0.0
    },
    "nummod":{
      "p":0.7948717949,
      "r":0.8611111111,
      "f":0.8266666667
    },
    "iobj":{
      "p":0.4,
      "r":0.3636363636,
      "f":0.380952381
    },
    "dislocated":{
      "p":0.0,
      "r":0.0,
      "f":0.0
    },
    "acl":{
      "p":0.5,
      "r":0.25,
      "f":0.3333333333
    },
    "advmod:emph":{
      "p":0.0,
      "r":0.0,
      "f":0.0
    },
    "cc":{
      "p":0.8,
      "r":0.8,
      "f":0.8
    },
    "amod":{
      "p":0.7368421053,
      "r":0.875,
      "f":0.8
    },
    "acl:relcl":{
      "p":1.0,
      "r":1.0,
      "f":1.0
    }
  },
  "speed":3087.0525561652
}