{
  "token_acc":0.9947208806,
  "token_p":0.9872625698,
  "token_r":0.972485142,
  "token_f":0.9798181415,
  "lemma_acc":0.9655556794,
  "sents_p":0.828009828,
  "sents_r":0.8560541914,
  "sents_f":0.8417985012,
  "dep_uas":0.8339065794,
  "dep_las":0.3801176079,
  "dep_las_per_type":{
    "case":{
      "p":0.9367088608,
      "r":0.9390862944,
      "f":0.937896071
    },
    "root":{
      "p":0.0887598507,
      "r":0.8230769231,
      "f":0.1602396106
    },
    "appos":{
      "p":0.9340659341,
      "r":0.9340659341,
      "f":0.9340659341
    },
    "nsubj":{
      "p":0.731277533,
      "r":0.7033898305,
      "f":0.717062635
    },
    "advmod":{
      "p":0.8925619835,
      "r":0.8571428571,
      "f":0.8744939271
    },
    "conj":{
      "p":0.5202020202,
      "r":0.515,
      "f":0.5175879397
    },
    "nmod":{
      "p":0.8169934641,
      "r":0.6983240223,
      "f":0.7530120482
    },
    "_":{
      "p":0.0,
      "r":0.0,
      "f":0.0
    },
    "amod":{
      "p":0.7142857143,
      "r":0.7317073171,
      "f":0.7228915663
    },
    "nummod":{
      "p":0.9512195122,
      "r":0.9069767442,
      "f":0.9285714286
    },
    "discourse":{
      "p":0.6346153846,
      "r":0.55,
      "f":0.5892857143
    },
    "det":{
      "p":0.4444444444,
      "r":0.3636363636,
      "f":0.4
    },
    "obl":{
      "p":0.6378378378,
      "r":0.6310160428,
      "f":0.6344086022
    },
    "acl":{
      "p":0.64,
      "r":0.4705882353,
      "f":0.5423728814
    },
    "obj":{
      "p":0.6285714286,
      "r":0.5789473684,
      "f":0.602739726
    },
    "ccomp":{
      "p":0.4,
      "r":0.3448275862,
      "f":0.3703703704
    },
    "iobj":{
      "p":0.7352941176,
      "r":0.5434782609,
      "f":0.625
    },
    "cc":{
      "p":0.7333333333,
      "r":0.7333333333,
      "f":0.7333333333
    },
    "dislocated":{
      "p":0.3333333333,
      "r":0.1176470588,
      "f":0.1739130435
    },
    "dep":{
      "p":0.0,
      "r":0.0,
      "f":0.0
    },
    "fixed":{
      "p":0.4,
      "r":0.25,
      "f":0.3076923077
    },
    "parataxis":{
      "p":0.375,
      "r":0.6,
      "f":0.4615384615
    },
    "mark":{
      "p":0.5555555556,
      "r":0.2941176471,
      "f":0.3846153846
    },
    "nmod:poss":{
      "p":0.7951807229,
      "r":0.9166666667,
      "f":0.8516129032
    },
    "advcl":{
      "p":0.125,
      "r":0.0909090909,
      "f":0.1052631579
    },
    "cop":{
      "p":0.0,
      "r":0.0,
      "f":0.0
    },
    "xcomp":{
      "p":0.0,
      "r":0.0,
      "f":0.0
    },
    "vocative":{
      "p":0.75,
      "r":0.4285714286,
      "f":0.5454545455
    },
    "advmod:emph":{
      "p":0.0,
      "r":0.0,
      "f":0.0
    },
    "acl:relcl":{
      "p":1.0,
      "r":1.0,
      "f":1.0
    }
  },
  "tag_acc":0.7576974565,
  "pos_acc":0.9465085049,
  "morph_acc":0.8478697301,
  "morph_micro_p":0.8948267448,
  "morph_micro_r":0.8523942352,
  "morph_micro_f":0.8730952381,
  "morph_per_feat":{
    "Case":{
      "p":0.8368915457,
      "r":0.7865168539,
      "f":0.8109226314
    },
    "Gender":{
      "p":0.9399656947,
      "r":0.902800659,
      "f":0.9210084034
    },
    "Number":{
      "p":0.9341421144,
      "r":0.8983333333,
      "f":0.9158878505
    },
    "PossSuffGen":{
      "p":0.9137254902,
      "r":0.9031007752,
      "f":0.9083820663
    },
    "PossSuffNum":{
      "p":0.9352517986,
      "r":0.9352517986,
      "f":0.9352517986
    },
    "PossSuffPer":{
      "p":0.9100719424,
      "r":0.9100719424,
      "f":0.9100719424
    },
    "NounBase":{
      "p":0.8327645051,
      "r":0.7197640118,
      "f":0.7721518987
    },
    "Mood":{
      "p":0.9133663366,
      "r":0.8744075829,
      "f":0.8934624697
    },
    "Person":{
      "p":0.8864142539,
      "r":0.8450106157,
      "f":0.8652173913
    },
    "VerbForm":{
      "p":0.9142857143,
      "r":0.8719346049,
      "f":0.8926080893
    },
    "VerbStem":{
      "p":0.8888888889,
      "r":0.8374164811,
      "f":0.8623853211
    },
    "VerbSuffGen":{
      "p":0.7307692308,
      "r":0.7037037037,
      "f":0.7169811321
    },
    "VerbSuffNum":{
      "p":0.7647058824,
      "r":0.7090909091,
      "f":0.7358490566
    },
    "VerbSuffPer":{
      "p":0.7450980392,
      "r":0.6909090909,
      "f":0.7169811321
    },
    "Tense":{
      "p":0.8305647841,
      "r":0.8143322476,
      "f":0.8223684211
    },
    "Ventive":{
      "p":0.6806722689,
      "r":0.7714285714,
      "f":0.7232142857
    },
    "SubSuff":{
      "p":0.884057971,
      "r":0.8243243243,
      "f":0.8531468531
    },
    "Subordinative":{
      "p":0.6875,
      "r":0.6111111111,
      "f":0.6470588235
    },
    "SubSuffix":{
      "p":0.0,
      "r":0.0,
      "f":0.0
    },
    "PronType":{
      "p":1.0,
      "r":0.3333333333,
      "f":0.5
    },
    "Focus":{
      "p":0.7956989247,
      "r":0.5138888889,
      "f":0.6244725738
    },
    "Voice":{
      "p":0.7142857143,
      "r":0.5555555556,
      "f":0.625
    },
    "PrepSuffGen":{
      "p":0.9,
      "r":0.9,
      "f":0.9
    },
    "PrepSuffNum":{
      "p":0.9090909091,
      "r":1.0,
      "f":0.9523809524
    },
    "PrepSuffPer":{
      "p":0.8571428571,
      "r":1.0,
      "f":0.9230769231
    },
    "PresSuffPer":{
      "p":0.8,
      "r":1.0,
      "f":0.8888888889
    },
    "PredSuffNum":{
      "p":0.3333333333,
      "r":1.0,
      "f":0.5
    },
    "PredSuffPer":{
      "p":0.3333333333,
      "r":1.0,
      "f":0.5
    }
  },
  "speed":7282.066365668
}