{
  "token_acc":1.0,
  "token_p":0.8855799373,
  "token_r":0.9674657534,
  "token_f":0.9247135843,
  "tag_acc":0.8597972973,
  "pos_acc":0.9355692851,
  "morph_acc":0.7969413764,
  "morph_micro_p":0.9201793722,
  "morph_micro_r":0.7916666667,
  "morph_micro_f":0.851099129,
  "morph_per_feat":{
    "Gender":{
      "p":0.9682539683,
      "r":0.8299319728,
      "f":0.8937728938
    },
    "Number":{
      "p":0.9603524229,
      "r":0.8104089219,
      "f":0.8790322581
    },
    "Case":{
      "p":0.8681318681,
      "r":0.6422764228,
      "f":0.738317757
    },
    "NounStem":{
      "p":0.0,
      "r":0.0,
      "f":0.0
    },
    "Person":{
      "p":0.9166666667,
      "r":0.7236842105,
      "f":0.8088235294
    },
    "VerbForm":{
      "p":0.8360655738,
      "r":0.9807692308,
      "f":0.9026548673
    },
    "PossSuffNum":{
      "p":0.9642857143,
      "r":0.8307692308,
      "f":0.8925619835
    },
    "PossSuffPer":{
      "p":0.9642857143,
      "r":0.8307692308,
      "f":0.8925619835
    },
    "Mood":{
      "p":0.9166666667,
      "r":0.7971014493,
      "f":0.8527131783
    },
    "Tense":{
      "p":0.9074074074,
      "r":0.7205882353,
      "f":0.8032786885
    },
    "Ventive":{
      "p":0.9,
      "r":0.5,
      "f":0.6428571429
    },
    "VerbSuffNum":{
      "p":1.0,
      "r":0.5,
      "f":0.6666666667
    },
    "VerbSuffPer":{
      "p":1.0,
      "r":0.5,
      "f":0.6666666667
    },
    "SubSuff":{
      "p":0.0,
      "r":0.0,
      "f":0.0
    },
    "VerbStem":{
      "p":0.8360655738,
      "r":0.8095238095,
      "f":0.8225806452
    },
    "Subordinative":{
      "p":0.8,
      "r":0.4,
      "f":0.5333333333
    },
    "NounBase":{
      "p":0.8550724638,
      "r":0.921875,
      "f":0.8872180451
    },
    "PossSuffGen":{
      "p":0.9230769231,
      "r":0.972972973,
      "f":0.9473684211
    },
    "VerbSuffGen":{
      "p":0.6666666667,
      "r":1.0,
      "f":0.8
    },
    "PossSufNum":{
      "p":0.0,
      "r":0.0,
      "f":0.0
    },
    "PossSufPer":{
      "p":0.0,
      "r":0.0,
      "f":0.0
    }
  },
  "lemma_acc":0.7947238252,
  "sents_p":0.8151658768,
  "sents_r":0.8075117371,
  "sents_f":0.8113207547,
  "dep_uas":0.8184143223,
  "dep_las":0.5067567568,
  "dep_las_per_type":{
    "_":{
      "p":0.0,
      "r":0.0,
      "f":0.0
    },
    "nummod":{
      "p":0.625,
      "r":0.7142857143,
      "f":0.6666666667
    },
    "case":{
      "p":0.8947368421,
      "r":0.8225806452,
      "f":0.8571428571
    },
    "nsubj":{
      "p":0.5909090909,
      "r":0.619047619,
      "f":0.6046511628
    },
    "obl":{
      "p":0.7631578947,
      "r":0.725,
      "f":0.7435897436
    },
    "nmod":{
      "p":0.4642857143,
      "r":0.8666666667,
      "f":0.6046511628
    },
    "advmod":{
      "p":0.5,
      "r":0.4285714286,
      "f":0.4615384615
    },
    "appos":{
      "p":0.7105263158,
      "r":0.6585365854,
      "f":0.6835443038
    },
    "aux":{
      "p":0.0,
      "r":0.0,
      "f":0.0
    },
    "fixed":{
      "p":0.3333333333,
      "r":0.5,
      "f":0.4
    },
    "iobj":{
      "p":0.0,
      "r":0.0,
      "f":0.0
    },
    "acl":{
      "p":0.0,
      "r":0.0,
      "f":0.0
    },
    "conj":{
      "p":0.7358490566,
      "r":0.78,
      "f":0.7572815534
    },
    "obj":{
      "p":0.6585365854,
      "r":0.7105263158,
      "f":0.6835443038
    },
    "amod":{
      "p":0.9444444444,
      "r":0.9444444444,
      "f":0.9444444444
    },
    "parataxis":{
      "p":0.0,
      "r":0.0,
      "f":0.0
    },
    "dislocated":{
      "p":0.0,
      "r":0.0,
      "f":0.0
    },
    "discourse":{
      "p":0.5,
      "r":0.5,
      "f":0.5
    },
    "ccomp":{
      "p":0.0,
      "r":0.0,
      "f":0.0
    },
    "dep":{
      "p":0.0,
      "r":0.0,
      "f":0.0
    },
    "advmod:emph":{
      "p":1.0,
      "r":1.0,
      "f":1.0
    },
    "root":{
      "p":0.1232876712,
      "r":0.8181818182,
      "f":0.2142857143
    },
    "nmod:poss":{
      "p":0.8636363636,
      "r":1.0,
      "f":0.9268292683
    },
    "acl:relcl":{
      "p":1.0,
      "r":0.3333333333,
      "f":0.5
    },
    "mark":{
      "p":0.0,
      "r":0.0,
      "f":0.0
    },
    "xcomp":{
      "p":1.0,
      "r":1.0,
      "f":1.0
    },
    "advcl":{
      "p":0.0,
      "r":0.0,
      "f":0.0
    }
  },
  "speed":10526.504054288
}