{
  "token_acc":1.0,
  "token_p":0.8855799373,
  "token_r":0.9674657534,
  "token_f":0.9247135843,
  "tag_acc":0.8392554992,
  "pos_acc":0.9381625442,
  "morph_acc":0.7918088737,
  "morph_micro_p":0.9274509804,
  "morph_micro_r":0.7299382716,
  "morph_micro_f":0.816925734,
  "morph_per_feat":{
    "Gender":{
      "p":0.9393939394,
      "r":0.7380952381,
      "f":0.8266666667
    },
    "Number":{
      "p":0.9567307692,
      "r":0.7397769517,
      "f":0.8343815514
    },
    "Case":{
      "p":0.9189189189,
      "r":0.5528455285,
      "f":0.6903553299
    },
    "NounStem":{
      "p":0.0,
      "r":0.0,
      "f":0.0
    },
    "Person":{
      "p":0.9285714286,
      "r":0.6842105263,
      "f":0.7878787879
    },
    "VerbForm":{
      "p":0.8928571429,
      "r":0.9615384615,
      "f":0.9259259259
    },
    "PossSuffNum":{
      "p":0.9811320755,
      "r":0.8,
      "f":0.8813559322
    },
    "PossSuffPer":{
      "p":0.9811320755,
      "r":0.8,
      "f":0.8813559322
    },
    "Mood":{
      "p":0.8928571429,
      "r":0.7246376812,
      "f":0.8
    },
    "Tense":{
      "p":0.8979591837,
      "r":0.6470588235,
      "f":0.7521367521
    },
    "Ventive":{
      "p":1.0,
      "r":0.3888888889,
      "f":0.56
    },
    "VerbSuffNum":{
      "p":0.5,
      "r":0.1666666667,
      "f":0.25
    },
    "VerbSuffPer":{
      "p":0.5,
      "r":0.1666666667,
      "f":0.25
    },
    "SubSuff":{
      "p":0.0,
      "r":0.0,
      "f":0.0
    },
    "VerbStem":{
      "p":0.8928571429,
      "r":0.7936507937,
      "f":0.8403361345
    },
    "Subordinative":{
      "p":0.7142857143,
      "r":0.5,
      "f":0.5882352941
    },
    "NounBase":{
      "p":0.884057971,
      "r":0.953125,
      "f":0.9172932331
    },
    "PossSuffGen":{
      "p":0.972972973,
      "r":0.972972973,
      "f":0.972972973
    },
    "PossSufNum":{
      "p":0.0,
      "r":0.0,
      "f":0.0
    },
    "PossSufPer":{
      "p":0.0,
      "r":0.0,
      "f":0.0
    },
    "VerbSuffGen":{
      "p":0.5,
      "r":0.5,
      "f":0.5
    }
  },
  "lemma_acc":0.8013190437,
  "sents_p":0.8238095238,
  "sents_r":0.8122065728,
  "sents_f":0.8179669031,
  "dep_uas":0.8037542662,
  "dep_las":0.4949152542,
  "dep_las_per_type":{
    "_":{
      "p":0.0,
      "r":0.0,
      "f":0.0
    },
    "nummod":{
      "p":0.75,
      "r":0.8571428571,
      "f":0.8
    },
    "case":{
      "p":0.9444444444,
      "r":0.8225806452,
      "f":0.8793103448
    },
    "nsubj":{
      "p":0.6956521739,
      "r":0.7619047619,
      "f":0.7272727273
    },
    "obl":{
      "p":0.6904761905,
      "r":0.725,
      "f":0.7073170732
    },
    "nmod":{
      "p":0.3913043478,
      "r":0.6,
      "f":0.4736842105
    },
    "advmod":{
      "p":0.6,
      "r":0.4285714286,
      "f":0.5
    },
    "appos":{
      "p":0.6216216216,
      "r":0.5609756098,
      "f":0.5897435897
    },
    "aux":{
      "p":1.0,
      "r":1.0,
      "f":1.0
    },
    "fixed":{
      "p":0.5,
      "r":1.0,
      "f":0.6666666667
    },
    "iobj":{
      "p":0.0,
      "r":0.0,
      "f":0.0
    },
    "acl":{
      "p":0.0,
      "r":0.0,
      "f":0.0
    },
    "conj":{
      "p":0.6612903226,
      "r":0.82,
      "f":0.7321428571
    },
    "obj":{
      "p":0.6764705882,
      "r":0.6052631579,
      "f":0.6388888889
    },
    "amod":{
      "p":1.0,
      "r":0.8888888889,
      "f":0.9411764706
    },
    "parataxis":{
      "p":0.0,
      "r":0.0,
      "f":0.0
    },
    "dislocated":{
      "p":0.0,
      "r":0.0,
      "f":0.0
    },
    "discourse":{
      "p":0.5,
      "r":0.5,
      "f":0.5
    },
    "ccomp":{
      "p":0.0,
      "r":0.0,
      "f":0.0
    },
    "dep":{
      "p":0.0,
      "r":0.0,
      "f":0.0
    },
    "advmod:emph":{
      "p":1.0,
      "r":1.0,
      "f":1.0
    },
    "root":{
      "p":0.1137440758,
      "r":0.7272727273,
      "f":0.1967213115
    },
    "nmod:poss":{
      "p":0.8636363636,
      "r":1.0,
      "f":0.9268292683
    },
    "acl:relcl":{
      "p":0.3333333333,
      "r":0.3333333333,
      "f":0.3333333333
    },
    "cc":{
      "p":0.0,
      "r":0.0,
      "f":0.0
    },
    "mark":{
      "p":0.0,
      "r":0.0,
      "f":0.0
    },
    "xcomp":{
      "p":0.6666666667,
      "r":1.0,
      "f":0.8
    },
    "advcl":{
      "p":0.0,
      "r":0.0,
      "f":0.0
    }
  },
  "speed":10768.856339186
}