{
  "token_acc":0.9928209459,
  "token_p":0.9815513627,
  "token_r":0.9555102041,
  "token_f":0.9683557394,
  "lemma_acc":0.9385544678,
  "sents_p":0.7802768166,
  "sents_r":0.7836663771,
  "sents_f":0.7819679237,
  "dep_uas":0.7772256729,
  "dep_las":0.3892339545,
  "dep_las_per_type":{
    "case":{
      "p":0.9461883408,
      "r":0.9213973799,
      "f":0.9336283186
    },
    "root":{
      "p":0.114159292,
      "r":0.7456647399,
      "f":0.1980046048
    },
    "appos":{
      "p":0.9417475728,
      "r":0.8584070796,
      "f":0.8981481481
    },
    "nsubj":{
      "p":0.5859375,
      "r":0.5208333333,
      "f":0.5514705882
    },
    "advmod":{
      "p":0.8181818182,
      "r":0.9152542373,
      "f":0.864
    },
    "cc":{
      "p":0.7272727273,
      "r":0.8,
      "f":0.7619047619
    },
    "conj":{
      "p":0.4324324324,
      "r":0.5052631579,
      "f":0.4660194175
    },
    "obl":{
      "p":0.4776119403,
      "r":0.7032967033,
      "f":0.5688888889
    },
    "nmod":{
      "p":0.6634615385,
      "r":0.6272727273,
      "f":0.6448598131
    },
    "_":{
      "p":0.0,
      "r":0.0,
      "f":0.0
    },
    "obj":{
      "p":0.4567901235,
      "r":0.37,
      "f":0.408839779
    },
    "dislocated":{
      "p":0.2857142857,
      "r":0.1818181818,
      "f":0.2222222222
    },
    "acl":{
      "p":0.6428571429,
      "r":0.3913043478,
      "f":0.4864864865
    },
    "nummod":{
      "p":0.8571428571,
      "r":0.9375,
      "f":0.8955223881
    },
    "discourse":{
      "p":0.4838709677,
      "r":0.5,
      "f":0.4918032787
    },
    "amod":{
      "p":0.8214285714,
      "r":0.8846153846,
      "f":0.8518518519
    },
    "ccomp":{
      "p":0.3157894737,
      "r":0.375,
      "f":0.3428571429
    },
    "iobj":{
      "p":0.6666666667,
      "r":0.4,
      "f":0.5
    },
    "fixed":{
      "p":0.5,
      "r":0.1666666667,
      "f":0.25
    },
    "dep":{
      "p":0.0,
      "r":0.0,
      "f":0.0
    },
    "nmod:poss":{
      "p":0.7608695652,
      "r":0.8139534884,
      "f":0.7865168539
    },
    "det":{
      "p":0.4285714286,
      "r":0.25,
      "f":0.3157894737
    },
    "advcl":{
      "p":0.25,
      "r":0.1818181818,
      "f":0.2105263158
    },
    "mark":{
      "p":0.7,
      "r":0.4666666667,
      "f":0.56
    },
    "list":{
      "p":0.0,
      "r":0.0,
      "f":0.0
    },
    "parataxis":{
      "p":0.0,
      "r":0.0,
      "f":0.0
    },
    "acl:relcl":{
      "p":0.25,
      "r":1.0,
      "f":0.4
    },
    "cop":{
      "p":0.0,
      "r":0.0,
      "f":0.0
    },
    "vocative":{
      "p":0.0,
      "r":0.0,
      "f":0.0
    }
  },
  "tag_acc":0.5730383973,
  "pos_acc":0.9219798658,
  "morph_acc":0.7973311093,
  "morph_micro_p":0.8633031479,
  "morph_micro_r":0.83818296,
  "morph_micro_f":0.8505576208,
  "morph_per_feat":{
    "Case":{
      "p":0.7966616085,
      "r":0.7754800591,
      "f":0.7859281437
    },
    "Gender":{
      "p":0.9323232323,
      "r":0.8961165049,
      "f":0.9138613861
    },
    "Number":{
      "p":0.9241025641,
      "r":0.8876847291,
      "f":0.9055276382
    },
    "PossSuffGen":{
      "p":0.8309859155,
      "r":0.8676470588,
      "f":0.8489208633
    },
    "PossSuffNum":{
      "p":0.9415584416,
      "r":0.90625,
      "f":0.923566879
    },
    "PossSuffPer":{
      "p":0.9415584416,
      "r":0.90625,
      "f":0.923566879
    },
    "Mood":{
      "p":0.925,
      "r":0.8951612903,
      "f":0.9098360656
    },
    "Person":{
      "p":0.8631178707,
      "r":0.8254545455,
      "f":0.843866171
    },
    "VerbForm":{
      "p":0.8904109589,
      "r":0.8333333333,
      "f":0.8609271523
    },
    "VerbStem":{
      "p":0.8588709677,
      "r":0.8287937743,
      "f":0.8435643564
    },
    "Tense":{
      "p":0.7180851064,
      "r":0.6958762887,
      "f":0.7068062827
    },
    "Ventive":{
      "p":0.7142857143,
      "r":0.7142857143,
      "f":0.7142857143
    },
    "PronType":{
      "p":0.0,
      "r":0.0,
      "f":0.0
    },
    "SubSuff":{
      "p":0.8108108108,
      "r":0.6666666667,
      "f":0.7317073171
    },
    "Subordinative":{
      "p":0.5384615385,
      "r":0.4516129032,
      "f":0.4912280702
    },
    "NounBase":{
      "p":0.6320754717,
      "r":0.7444444444,
      "f":0.6836734694
    },
    "NounStem":{
      "p":0.6086956522,
      "r":0.5714285714,
      "f":0.5894736842
    },
    "Focus":{
      "p":0.5454545455,
      "r":0.4,
      "f":0.4615384615
    },
    "VerbSuffGen":{
      "p":0.5,
      "r":0.6818181818,
      "f":0.5769230769
    },
    "VerbSuffNum":{
      "p":0.5666666667,
      "r":0.6538461538,
      "f":0.6071428571
    },
    "VerbSuffPer":{
      "p":0.5666666667,
      "r":0.6538461538,
      "f":0.6071428571
    },
    "PrepSuffGen":{
      "p":1.0,
      "r":1.0,
      "f":1.0
    },
    "PrepSuffNum":{
      "p":1.0,
      "r":1.0,
      "f":1.0
    },
    "PrepSuffPer":{
      "p":1.0,
      "r":0.6666666667,
      "f":0.8
    },
    "PresSuffPer":{
      "p":0.5,
      "r":1.0,
      "f":0.6666666667
    },
    "PossSufNum":{
      "p":0.0,
      "r":0.0,
      "f":0.0
    },
    "PossSufPer":{
      "p":0.0,
      "r":0.0,
      "f":0.0
    },
    "NounState":{
      "p":0.0,
      "r":0.0,
      "f":0.0
    },
    "Voice":{
      "p":0.0,
      "r":0.0,
      "f":0.0
    }
  },
  "speed":9757.369805997
}