{
  "token_acc":0.9934782609,
  "token_p":0.9854211663,
  "token_r":0.9681697613,
  "token_f":0.9767192936,
  "tag_acc":0.939017809,
  "pos_acc":0.9713048186,
  "morph_acc":0.8868534483,
  "morph_micro_p":0.9792669382,
  "morph_micro_r":0.9524666907,
  "morph_micro_f":0.9656809054,
  "morph_per_feat":{
    "Case":{
      "p":0.9902439024,
      "r":0.971291866,
      "f":0.9806763285
    },
    "Gender":{
      "p":0.9760273973,
      "r":0.9484193012,
      "f":0.9620253165
    },
    "Number":{
      "p":0.9845094664,
      "r":0.962962963,
      "f":0.9736170213
    },
    "PossSuffNum":{
      "p":0.9736842105,
      "r":1.0,
      "f":0.9866666667
    },
    "PossSuffPer":{
      "p":0.9736842105,
      "r":1.0,
      "f":0.9866666667
    },
    "PossSufNum":{
      "p":1.0,
      "r":0.5,
      "f":0.6666666667
    },
    "PossSufPer":{
      "p":1.0,
      "r":0.5,
      "f":0.6666666667
    },
    "NounBase":{
      "p":0.9375,
      "r":0.8571428571,
      "f":0.8955223881
    },
    "Mood":{
      "p":1.0,
      "r":0.9735099338,
      "f":0.9865771812
    },
    "Person":{
      "p":0.9689440994,
      "r":0.9454545455,
      "f":0.9570552147
    },
    "Tense":{
      "p":0.9811320755,
      "r":0.9454545455,
      "f":0.962962963
    },
    "VerbForm":{
      "p":0.9692307692,
      "r":0.9402985075,
      "f":0.9545454545
    },
    "VerbStem":{
      "p":0.9802631579,
      "r":0.9551282051,
      "f":0.9675324675
    },
    "Subordinative":{
      "p":1.0,
      "r":0.4782608696,
      "f":0.6470588235
    },
    "Ventive":{
      "p":0.9777777778,
      "r":0.9777777778,
      "f":0.9777777778
    },
    "VerbSuffNum":{
      "p":1.0,
      "r":0.9,
      "f":0.9473684211
    },
    "VerbSuffPer":{
      "p":0.8888888889,
      "r":0.8,
      "f":0.8421052632
    },
    "NounSuffNum":{
      "p":0.0,
      "r":0.0,
      "f":0.0
    },
    "NounSuffPer":{
      "p":0.0,
      "r":0.0,
      "f":0.0
    },
    "NounStem":{
      "p":0.9090909091,
      "r":1.0,
      "f":0.9523809524
    },
    "SubSuff":{
      "p":0.9444444444,
      "r":1.0,
      "f":0.9714285714
    },
    "PossSuffGen":{
      "p":0.9692307692,
      "r":0.984375,
      "f":0.976744186
    },
    "PrepSuffGen":{
      "p":1.0,
      "r":1.0,
      "f":1.0
    },
    "PrepSuffNum":{
      "p":1.0,
      "r":1.0,
      "f":1.0
    },
    "PresSuffPer":{
      "p":1.0,
      "r":1.0,
      "f":1.0
    },
    "Focus":{
      "p":1.0,
      "r":1.0,
      "f":1.0
    },
    "VerbSuffGen":{
      "p":1.0,
      "r":1.0,
      "f":1.0
    },
    "PrepSuffPer":{
      "p":1.0,
      "r":1.0,
      "f":1.0
    },
    "NounState":{
      "p":1.0,
      "r":1.0,
      "f":1.0
    },
    "number":{
      "p":1.0,
      "r":1.0,
      "f":1.0
    }
  },
  "lemma_acc":0.9458658766,
  "sents_p":0.899889989,
  "sents_r":0.9028697572,
  "sents_f":0.9013774105,
  "dep_uas":0.9009635974,
  "dep_las":0.519668183,
  "dep_las_per_type":{
    "_":{
      "p":0.0,
      "r":0.0,
      "f":0.0
    },
    "case":{
      "p":0.9793814433,
      "r":0.9595959596,
      "f":0.9693877551
    },
    "root":{
      "p":0.1681514477,
      "r":0.9679487179,
      "f":0.2865275142
    },
    "appos":{
      "p":1.0,
      "r":0.9431818182,
      "f":0.9707602339
    },
    "nsubj":{
      "p":0.9561403509,
      "r":0.8320610687,
      "f":0.8897959184
    },
    "advmod":{
      "p":0.8695652174,
      "r":0.8,
      "f":0.8333333333
    },
    "nmod":{
      "p":0.9340659341,
      "r":0.7589285714,
      "f":0.8374384236
    },
    "nummod":{
      "p":0.96875,
      "r":0.96875,
      "f":0.96875
    },
    "dep":{
      "p":0.0666666667,
      "r":1.0,
      "f":0.125
    },
    "obj":{
      "p":0.8225806452,
      "r":0.8644067797,
      "f":0.8429752066
    },
    "obl":{
      "p":0.8571428571,
      "r":0.8571428571,
      "f":0.8571428571
    },
    "conj":{
      "p":0.8441558442,
      "r":0.8333333333,
      "f":0.8387096774
    },
    "discourse":{
      "p":0.8076923077,
      "r":0.6363636364,
      "f":0.7118644068
    },
    "dislocated":{
      "p":1.0,
      "r":0.5,
      "f":0.6666666667
    },
    "null":{
      "p":0.0,
      "r":0.0,
      "f":0.0
    },
    "ccomp":{
      "p":1.0,
      "r":0.7777777778,
      "f":0.875
    },
    "fixed":{
      "p":0.6666666667,
      "r":0.2,
      "f":0.3076923077
    },
    "iobj":{
      "p":0.5,
      "r":0.3333333333,
      "f":0.4
    },
    "nmod:poss":{
      "p":0.8181818182,
      "r":0.5625,
      "f":0.6666666667
    },
    "advcl":{
      "p":0.8,
      "r":0.4,
      "f":0.5333333333
    },
    "amod":{
      "p":0.8333333333,
      "r":1.0,
      "f":0.9090909091
    },
    "det":{
      "p":0.8888888889,
      "r":0.8,
      "f":0.8421052632
    },
    "cc":{
      "p":1.0,
      "r":1.0,
      "f":1.0
    },
    "mark":{
      "p":0.9,
      "r":0.8181818182,
      "f":0.8571428571
    },
    "advmod:emph":{
      "p":1.0,
      "r":1.0,
      "f":1.0
    },
    "acl":{
      "p":1.0,
      "r":0.6,
      "f":0.75
    },
    "parataxis":{
      "p":1.0,
      "r":0.8,
      "f":0.8888888889
    },
    "acl:relcl":{
      "p":0.0,
      "r":0.0,
      "f":0.0
    },
    "aux":{
      "p":0.0,
      "r":0.0,
      "f":0.0
    }
  },
  "speed":42349.0941477734
}