{
  "token_acc":0.9927498161,
  "token_p":0.9835176299,
  "token_r":0.9602770422,
  "token_f":0.9717584003,
  "lemma_acc":0.9573341638,
  "sents_p":0.8121284185,
  "sents_r":0.8219013237,
  "sents_f":0.8169856459,
  "dep_uas":0.8254099206,
  "dep_las":0.3922862741,
  "dep_las_per_type":{
    "case":{
      "p":0.9392523364,
      "r":0.9348837209,
      "f":0.9370629371
    },
    "root":{
      "p":0.0945454545,
      "r":0.8181818182,
      "f":0.169503803
    },
    "appos":{
      "p":0.89,
      "r":0.9368421053,
      "f":0.9128205128
    },
    "nsubj":{
      "p":0.734439834,
      "r":0.6755725191,
      "f":0.703777336
    },
    "advmod":{
      "p":0.8870967742,
      "r":0.8396946565,
      "f":0.862745098
    },
    "_":{
      "p":0.0,
      "r":0.0,
      "f":0.0
    },
    "obl":{
      "p":0.685,
      "r":0.6748768473,
      "f":0.6799007444
    },
    "obj":{
      "p":0.5197368421,
      "r":0.4968553459,
      "f":0.5080385852
    },
    "discourse":{
      "p":0.6923076923,
      "r":0.6617647059,
      "f":0.6766917293
    },
    "nmod":{
      "p":0.8115942029,
      "r":0.7029288703,
      "f":0.7533632287
    },
    "ccomp":{
      "p":0.8,
      "r":0.4545454545,
      "f":0.5797101449
    },
    "conj":{
      "p":0.5051020408,
      "r":0.5351351351,
      "f":0.5196850394
    },
    "nummod":{
      "p":0.8979591837,
      "r":0.8979591837,
      "f":0.8979591837
    },
    "parataxis":{
      "p":0.0,
      "r":0.0,
      "f":0.0
    },
    "amod":{
      "p":0.7272727273,
      "r":0.7441860465,
      "f":0.7356321839
    },
    "acl":{
      "p":0.6764705882,
      "r":0.4893617021,
      "f":0.5679012346
    },
    "dep":{
      "p":0.025,
      "r":0.2,
      "f":0.0444444444
    },
    "nmod:poss":{
      "p":0.8679245283,
      "r":0.8214285714,
      "f":0.8440366972
    },
    "dislocated":{
      "p":0.4,
      "r":0.1,
      "f":0.16
    },
    "mark":{
      "p":0.6086956522,
      "r":0.5185185185,
      "f":0.56
    },
    "iobj":{
      "p":0.5263157895,
      "r":0.5128205128,
      "f":0.5194805195
    },
    "cc":{
      "p":0.5625,
      "r":0.6,
      "f":0.5806451613
    },
    "xcomp":{
      "p":0.0,
      "r":0.0,
      "f":0.0
    },
    "det":{
      "p":0.6923076923,
      "r":0.8181818182,
      "f":0.75
    },
    "advcl":{
      "p":0.5833333333,
      "r":0.4117647059,
      "f":0.4827586207
    },
    "fixed":{
      "p":0.0,
      "r":0.0,
      "f":0.0
    },
    "list":{
      "p":0.0,
      "r":0.0,
      "f":0.0
    },
    "advmod:emph":{
      "p":0.3333333333,
      "r":0.3333333333,
      "f":0.3333333333
    },
    "cop":{
      "p":0.0,
      "r":0.0,
      "f":0.0
    },
    "vocative":{
      "p":0.0,
      "r":0.0,
      "f":0.0
    },
    "acl:relcl":{
      "p":1.0,
      "r":1.0,
      "f":1.0
    }
  },
  "tag_acc":0.6591121738,
  "pos_acc":0.9295627674,
  "morph_acc":0.8226007478,
  "morph_micro_p":0.8729991821,
  "morph_micro_r":0.8323493372,
  "morph_micro_f":0.852189781,
  "morph_per_feat":{
    "Case":{
      "p":0.8079877112,
      "r":0.7886056972,
      "f":0.7981790592
    },
    "Gender":{
      "p":0.9288008565,
      "r":0.8902001026,
      "f":0.9090909091
    },
    "Number":{
      "p":0.9222881813,
      "r":0.885492228,
      "f":0.9035157283
    },
    "PossSuffGen":{
      "p":0.828,
      "r":0.8808510638,
      "f":0.8536082474
    },
    "PossSuffNum":{
      "p":0.9256505576,
      "r":0.9188191882,
      "f":0.9222222222
    },
    "PossSuffPer":{
      "p":0.9029850746,
      "r":0.8929889299,
      "f":0.8979591837
    },
    "Mood":{
      "p":0.9266503667,
      "r":0.8384955752,
      "f":0.8803716609
    },
    "Person":{
      "p":0.8846153846,
      "r":0.80859375,
      "f":0.8448979592
    },
    "SubSuff":{
      "p":0.7866666667,
      "r":0.7662337662,
      "f":0.7763157895
    },
    "Tense":{
      "p":0.7961783439,
      "r":0.786163522,
      "f":0.7911392405
    },
    "Ventive":{
      "p":0.7037037037,
      "r":0.7307692308,
      "f":0.7169811321
    },
    "VerbForm":{
      "p":0.8907103825,
      "r":0.802955665,
      "f":0.8445595855
    },
    "VerbStem":{
      "p":0.8720379147,
      "r":0.7863247863,
      "f":0.8269662921
    },
    "VerbSuffGen":{
      "p":0.6458333333,
      "r":0.5849056604,
      "f":0.6138613861
    },
    "VerbSuffNum":{
      "p":0.6458333333,
      "r":0.5636363636,
      "f":0.6019417476
    },
    "VerbSuffPer":{
      "p":0.6875,
      "r":0.6,
      "f":0.640776699
    },
    "NounBase":{
      "p":0.6422018349,
      "r":0.6422018349,
      "f":0.6422018349
    },
    "NounStem":{
      "p":0.748427673,
      "r":0.7041420118,
      "f":0.7256097561
    },
    "Focus":{
      "p":0.7571428571,
      "r":0.5824175824,
      "f":0.6583850932
    },
    "Subordinative":{
      "p":0.5961538462,
      "r":0.5740740741,
      "f":0.5849056604
    },
    "PronType":{
      "p":0.5,
      "r":0.1428571429,
      "f":0.2222222222
    },
    "PossSufNum":{
      "p":0.5,
      "r":0.3333333333,
      "f":0.4
    },
    "PossSufPer":{
      "p":0.5,
      "r":0.3333333333,
      "f":0.4
    },
    "Voice":{
      "p":0.4,
      "r":0.2,
      "f":0.2666666667
    },
    "PrepSuffGen":{
      "p":1.0,
      "r":0.9,
      "f":0.9473684211
    },
    "PrepSuffNum":{
      "p":1.0,
      "r":0.9,
      "f":0.9473684211
    },
    "PresSuffPer":{
      "p":0.8,
      "r":0.8,
      "f":0.8
    },
    "PrepSuffPer":{
      "p":1.0,
      "r":0.6666666667,
      "f":0.8
    },
    "NounState":{
      "p":0.0,
      "r":0.0,
      "f":0.0
    },
    "Question":{
      "p":1.0,
      "r":1.0,
      "f":1.0
    },
    "SubSuffix":{
      "p":0.0,
      "r":0.0,
      "f":0.0
    },
    "PredSuffNum":{
      "p":0.4285714286,
      "r":1.0,
      "f":0.6
    },
    "PredSuffPer":{
      "p":0.4285714286,
      "r":1.0,
      "f":0.6
    }
  },
  "speed":9427.548051078
}