{
  "token_acc":1.0,
  "token_p":0.8855799373,
  "token_r":0.9674657534,
  "token_f":0.9247135843,
  "tag_acc":0.8754208754,
  "pos_acc":0.9549071618,
  "morph_acc":0.8101694915,
  "morph_micro_p":0.9466158246,
  "morph_micro_r":0.7662037037,
  "morph_micro_f":0.8469083156,
  "morph_per_feat":{
    "Gender":{
      "p":0.9579831933,
      "r":0.7755102041,
      "f":0.8571428571
    },
    "Number":{
      "p":0.9811320755,
      "r":0.7732342007,
      "f":0.8648648649
    },
    "Case":{
      "p":0.9277108434,
      "r":0.6260162602,
      "f":0.7475728155
    },
    "NounStem":{
      "p":0.0,
      "r":0.0,
      "f":0.0
    },
    "Person":{
      "p":0.9298245614,
      "r":0.6973684211,
      "f":0.7969924812
    },
    "VerbForm":{
      "p":0.8947368421,
      "r":0.9807692308,
      "f":0.9357798165
    },
    "PossSuffNum":{
      "p":1.0,
      "r":0.8615384615,
      "f":0.9256198347
    },
    "PossSuffPer":{
      "p":1.0,
      "r":0.8615384615,
      "f":0.9256198347
    },
    "Mood":{
      "p":0.9473684211,
      "r":0.7826086957,
      "f":0.8571428571
    },
    "Tense":{
      "p":0.9215686275,
      "r":0.6911764706,
      "f":0.7899159664
    },
    "Ventive":{
      "p":0.7777777778,
      "r":0.3888888889,
      "f":0.5185185185
    },
    "VerbSuffNum":{
      "p":1.0,
      "r":0.3333333333,
      "f":0.5
    },
    "VerbSuffPer":{
      "p":1.0,
      "r":0.3333333333,
      "f":0.5
    },
    "PossSuffGen":{
      "p":0.9736842105,
      "r":1.0,
      "f":0.9866666667
    },
    "SubSuff":{
      "p":0.0,
      "r":0.0,
      "f":0.0
    },
    "VerbStem":{
      "p":0.9298245614,
      "r":0.8412698413,
      "f":0.8833333333
    },
    "Subordinative":{
      "p":0.8,
      "r":0.4,
      "f":0.5333333333
    },
    "PossSufNum":{
      "p":0.0,
      "r":0.0,
      "f":0.0
    },
    "PossSufPer":{
      "p":0.0,
      "r":0.0,
      "f":0.0
    },
    "NounBase":{
      "p":0.9032258065,
      "r":0.875,
      "f":0.8888888889
    },
    "VerbSuffGen":{
      "p":1.0,
      "r":1.0,
      "f":1.0
    }
  },
  "lemma_acc":0.7996702391,
  "sents_p":0.8772727273,
  "sents_r":0.9061032864,
  "sents_f":0.8914549654,
  "dep_uas":0.8395904437,
  "dep_las":0.5299578059,
  "dep_las_per_type":{
    "_":{
      "p":0.0,
      "r":0.0,
      "f":0.0
    },
    "root":{
      "p":0.1396396396,
      "r":0.9393939394,
      "f":0.2431372549
    },
    "nummod":{
      "p":0.7,
      "r":1.0,
      "f":0.8235294118
    },
    "case":{
      "p":0.8983050847,
      "r":0.8548387097,
      "f":0.8760330579
    },
    "nsubj":{
      "p":0.8,
      "r":0.7619047619,
      "f":0.7804878049
    },
    "obl":{
      "p":0.8205128205,
      "r":0.8,
      "f":0.8101265823
    },
    "nmod":{
      "p":0.3846153846,
      "r":0.6666666667,
      "f":0.487804878
    },
    "advmod":{
      "p":0.8333333333,
      "r":0.7142857143,
      "f":0.7692307692
    },
    "dep":{
      "p":0.0,
      "r":0.0,
      "f":0.0
    },
    "nmod:poss":{
      "p":0.8260869565,
      "r":1.0,
      "f":0.9047619048
    },
    "cc":{
      "p":0.0,
      "r":0.0,
      "f":0.0
    },
    "appos":{
      "p":0.675,
      "r":0.6585365854,
      "f":0.6666666667
    },
    "aux":{
      "p":0.0,
      "r":0.0,
      "f":0.0
    },
    "fixed":{
      "p":0.3333333333,
      "r":1.0,
      "f":0.5
    },
    "iobj":{
      "p":0.0,
      "r":0.0,
      "f":0.0
    },
    "acl":{
      "p":0.0,
      "r":0.0,
      "f":0.0
    },
    "conj":{
      "p":0.8125,
      "r":0.78,
      "f":0.7959183673
    },
    "obj":{
      "p":0.7567567568,
      "r":0.7368421053,
      "f":0.7466666667
    },
    "amod":{
      "p":0.8823529412,
      "r":0.8333333333,
      "f":0.8571428571
    },
    "parataxis":{
      "p":0.0,
      "r":0.0,
      "f":0.0
    },
    "dislocated":{
      "p":0.0,
      "r":0.0,
      "f":0.0
    },
    "discourse":{
      "p":0.0,
      "r":0.0,
      "f":0.0
    },
    "ccomp":{
      "p":0.0,
      "r":0.0,
      "f":0.0
    },
    "acl:relcl":{
      "p":0.75,
      "r":1.0,
      "f":0.8571428571
    },
    "advmod:emph":{
      "p":1.0,
      "r":1.0,
      "f":1.0
    },
    "xcomp":{
      "p":1.0,
      "r":1.0,
      "f":1.0
    },
    "mark":{
      "p":0.0,
      "r":0.0,
      "f":0.0
    },
    "advcl":{
      "p":0.0,
      "r":0.0,
      "f":0.0
    }
  },
  "speed":8979.1969037252
}