{
  "token_acc":0.9863901491,
  "token_p":0.9667519182,
  "token_r":0.9108433735,
  "token_f":0.9379652605,
  "lemma_acc":0.8780641106,
  "pos_acc":0.8787878788,
  "morph_acc":0.7554296506,
  "morph_micro_p":0.9051036683,
  "morph_micro_r":0.7589434972,
  "morph_micro_f":0.8256046554,
  "morph_per_feat":{
    "Case":{
      "p":0.8779761905,
      "r":0.6584821429,
      "f":0.7525510204
    },
    "Gender":{
      "p":0.9547738693,
      "r":0.8419497784,
      "f":0.8948194662
    },
    "Number":{
      "p":0.9540816327,
      "r":0.8474320242,
      "f":0.8976
    },
    "PossSuffGen":{
      "p":0.7623762376,
      "r":0.9277108434,
      "f":0.8369565217
    },
    "PossSuffNum":{
      "p":0.9423076923,
      "r":0.9514563107,
      "f":0.9468599034
    },
    "PossSuffPer":{
      "p":0.9423076923,
      "r":0.9514563107,
      "f":0.9468599034
    },
    "Person":{
      "p":0.8828828829,
      "r":0.6012269939,
      "f":0.7153284672
    },
    "VerbForm":{
      "p":0.8947368421,
      "r":0.6692913386,
      "f":0.7657657658
    },
    "VerbStem":{
      "p":0.8956521739,
      "r":0.6732026144,
      "f":0.7686567164
    },
    "Mood":{
      "p":0.8878504673,
      "r":0.6690140845,
      "f":0.7630522088
    },
    "SubSuff":{
      "p":0.9230769231,
      "r":0.4137931034,
      "f":0.5714285714
    },
    "Tense":{
      "p":0.8,
      "r":0.6274509804,
      "f":0.7032967033
    },
    "Ventive":{
      "p":0.75,
      "r":0.2608695652,
      "f":0.3870967742
    },
    "PrepSuffGen":{
      "p":1.0,
      "r":0.3333333333,
      "f":0.5
    },
    "PrepSuffNum":{
      "p":1.0,
      "r":0.3333333333,
      "f":0.5
    },
    "PresSuffPer":{
      "p":1.0,
      "r":0.3333333333,
      "f":0.5
    },
    "Subordinative":{
      "p":0.8333333333,
      "r":0.4761904762,
      "f":0.6060606061
    },
    "NounStem":{
      "p":0.8181818182,
      "r":0.4285714286,
      "f":0.5625
    },
    "VerbSuffGen":{
      "p":0.3846153846,
      "r":1.0,
      "f":0.5555555556
    },
    "VerbSuffNum":{
      "p":0.3846153846,
      "r":1.0,
      "f":0.5555555556
    },
    "VerbSuffPer":{
      "p":0.3076923077,
      "r":0.8,
      "f":0.4444444444
    },
    "Question":{
      "p":1.0,
      "r":1.0,
      "f":1.0
    },
    "NounBase":{
      "p":0.8550724638,
      "r":0.8428571429,
      "f":0.8489208633
    },
    "Focus":{
      "p":1.0,
      "r":0.4285714286,
      "f":0.6
    },
    "Voice":{
      "p":0.0,
      "r":0.0,
      "f":0.0
    },
    "PossSufNum":{
      "p":1.0,
      "r":0.5,
      "f":0.6666666667
    },
    "PossSufPer":{
      "p":1.0,
      "r":0.5,
      "f":0.6666666667
    },
    "NounState":{
      "p":0.0,
      "r":0.0,
      "f":0.0
    }
  },
  "tag_acc":0.5802391441,
  "sents_p":0.8088235294,
  "sents_r":0.7109283196,
  "sents_f":0.7567229518,
  "dep_uas":0.8095681889,
  "dep_las":0.4181422802,
  "dep_las_per_type":{
    "case":{
      "p":0.9205298013,
      "r":0.9266666667,
      "f":0.9235880399
    },
    "root":{
      "p":0.1241283124,
      "r":0.7739130435,
      "f":0.2139423077
    },
    "appos":{
      "p":0.9270833333,
      "r":0.9175257732,
      "f":0.9222797927
    },
    "nsubj":{
      "p":0.7142857143,
      "r":0.619047619,
      "f":0.6632653061
    },
    "advmod":{
      "p":0.8666666667,
      "r":0.8666666667,
      "f":0.8666666667
    },
    "nmod":{
      "p":0.7230769231,
      "r":0.6714285714,
      "f":0.6962962963
    },
    "det":{
      "p":1.0,
      "r":0.8,
      "f":0.8888888889
    },
    "obl":{
      "p":0.6326530612,
      "r":0.5,
      "f":0.5585585586
    },
    "_":{
      "p":0.0,
      "r":0.0,
      "f":0.0
    },
    "discourse":{
      "p":0.6842105263,
      "r":0.7647058824,
      "f":0.7222222222
    },
    "mark":{
      "p":0.75,
      "r":0.5454545455,
      "f":0.6315789474
    },
    "obj":{
      "p":0.512195122,
      "r":0.488372093,
      "f":0.5
    },
    "advcl":{
      "p":0.0666666667,
      "r":0.1428571429,
      "f":0.0909090909
    },
    "dep":{
      "p":0.0,
      "r":0.0,
      "f":0.0
    },
    "dislocated":{
      "p":0.0,
      "r":0.0,
      "f":0.0
    },
    "ccomp":{
      "p":0.4444444444,
      "r":0.5,
      "f":0.4705882353
    },
    "conj":{
      "p":0.609375,
      "r":0.5342465753,
      "f":0.5693430657
    },
    "nummod":{
      "p":0.9142857143,
      "r":0.9696969697,
      "f":0.9411764706
    },
    "parataxis":{
      "p":0.0,
      "r":0.0,
      "f":0.0
    },
    "amod":{
      "p":0.8823529412,
      "r":0.8333333333,
      "f":0.8571428571
    },
    "fixed":{
      "p":0.3333333333,
      "r":0.5,
      "f":0.4
    },
    "cc":{
      "p":0.6666666667,
      "r":0.8,
      "f":0.7272727273
    },
    "acl":{
      "p":0.75,
      "r":0.2307692308,
      "f":0.3529411765
    },
    "nmod:poss":{
      "p":0.8529411765,
      "r":0.90625,
      "f":0.8787878788
    },
    "iobj":{
      "p":0.25,
      "r":0.2,
      "f":0.2222222222
    },
    "advmod:emph":{
      "p":0.0,
      "r":0.0,
      "f":0.0
    },
    "vocative":{
      "p":0.0,
      "r":0.0,
      "f":0.0
    },
    "acl:relcl":{
      "p":1.0,
      "r":1.0,
      "f":1.0
    }
  },
  "speed":5259.9238279407
}