{
  "token_acc":0.9872983179,
  "token_p":0.9749152542,
  "token_r":0.9118579581,
  "token_f":0.9423328965,
  "lemma_acc":0.9525704809,
  "pos_acc":0.8781944905,
  "morph_acc":0.7854063018,
  "morph_micro_p":0.8726220017,
  "morph_micro_r":0.7890800299,
  "morph_micro_f":0.8287509819,
  "morph_per_feat":{
    "Case":{
      "p":0.8476821192,
      "r":0.6530612245,
      "f":0.7377521614
    },
    "Gender":{
      "p":0.9259962049,
      "r":0.8576449912,
      "f":0.8905109489
    },
    "Number":{
      "p":0.9090909091,
      "r":0.8435852373,
      "f":0.8751139471
    },
    "Person":{
      "p":0.85625,
      "r":0.8154761905,
      "f":0.8353658537
    },
    "Mood":{
      "p":0.9078014184,
      "r":0.8767123288,
      "f":0.8919860627
    },
    "SubSuff":{
      "p":0.875,
      "r":0.8235294118,
      "f":0.8484848485
    },
    "Tense":{
      "p":0.7575757576,
      "r":0.7731958763,
      "f":0.7653061224
    },
    "Ventive":{
      "p":0.6451612903,
      "r":0.5882352941,
      "f":0.6153846154
    },
    "VerbForm":{
      "p":0.8596491228,
      "r":0.852173913,
      "f":0.8558951965
    },
    "VerbStem":{
      "p":0.7986111111,
      "r":0.7823129252,
      "f":0.7903780069
    },
    "Focus":{
      "p":1.0,
      "r":0.3333333333,
      "f":0.5
    },
    "NounStem":{
      "p":0.7931034483,
      "r":0.6388888889,
      "f":0.7076923077
    },
    "PossSuffGen":{
      "p":0.9178082192,
      "r":0.7882352941,
      "f":0.8481012658
    },
    "PossSuffNum":{
      "p":0.9220779221,
      "r":0.8068181818,
      "f":0.8606060606
    },
    "PossSuffPer":{
      "p":0.9090909091,
      "r":0.7954545455,
      "f":0.8484848485
    },
    "NounBase":{
      "p":0.4838709677,
      "r":0.4285714286,
      "f":0.4545454545
    },
    "VerbSuffGen":{
      "p":0.875,
      "r":0.6666666667,
      "f":0.7567567568
    },
    "VerbSuffNum":{
      "p":0.875,
      "r":0.6666666667,
      "f":0.7567567568
    },
    "VerbSuffPer":{
      "p":0.875,
      "r":0.6666666667,
      "f":0.7567567568
    },
    "Subordinative":{
      "p":0.3846153846,
      "r":0.5,
      "f":0.4347826087
    },
    "Voice":{
      "p":0.0,
      "r":0.0,
      "f":0.0
    },
    "SubSuffix":{
      "p":1.0,
      "r":0.5,
      "f":0.6666666667
    },
    "PrepSuffGen":{
      "p":1.0,
      "r":1.0,
      "f":1.0
    },
    "PrepSuffNum":{
      "p":1.0,
      "r":1.0,
      "f":1.0
    },
    "PrepSuffPer":{
      "p":1.0,
      "r":1.0,
      "f":1.0
    }
  },
  "tag_acc":0.8560053086,
  "sents_p":0.7773892774,
  "sents_r":0.7210810811,
  "sents_f":0.7481772294,
  "dep_uas":0.7857142857,
  "dep_las":0.3165137615,
  "dep_las_per_type":{
    "_":{
      "p":0.0,
      "r":0.0,
      "f":0.0
    },
    "mark":{
      "p":0.6666666667,
      "r":0.6666666667,
      "f":0.6666666667
    },
    "fixed":{
      "p":0.6,
      "r":0.6,
      "f":0.6
    },
    "nsubj":{
      "p":0.6981132075,
      "r":0.4567901235,
      "f":0.552238806
    },
    "advcl":{
      "p":0.1666666667,
      "r":0.0833333333,
      "f":0.1111111111
    },
    "obj":{
      "p":0.3090909091,
      "r":0.3777777778,
      "f":0.34
    },
    "conj":{
      "p":0.4615384615,
      "r":0.3673469388,
      "f":0.4090909091
    },
    "nmod":{
      "p":0.6710526316,
      "r":0.6455696203,
      "f":0.6580645161
    },
    "case":{
      "p":0.9612403101,
      "r":0.9612403101,
      "f":0.9612403101
    },
    "obl":{
      "p":0.5079365079,
      "r":0.5423728814,
      "f":0.5245901639
    },
    "root":{
      "p":0.102905569,
      "r":0.787037037,
      "f":0.182012848
    },
    "iobj":{
      "p":0.6666666667,
      "r":0.1428571429,
      "f":0.2352941176
    },
    "dislocated":{
      "p":0.2,
      "r":0.1666666667,
      "f":0.1818181818
    },
    "appos":{
      "p":0.9047619048,
      "r":0.8636363636,
      "f":0.8837209302
    },
    "acl":{
      "p":0.6666666667,
      "r":0.5,
      "f":0.5714285714
    },
    "discourse":{
      "p":0.5,
      "r":0.5,
      "f":0.5
    },
    "ccomp":{
      "p":0.25,
      "r":0.125,
      "f":0.1666666667
    },
    "advmod":{
      "p":0.7878787879,
      "r":0.7647058824,
      "f":0.776119403
    },
    "dep":{
      "p":0.0,
      "r":0.0,
      "f":0.0
    },
    "amod":{
      "p":0.375,
      "r":0.5,
      "f":0.4285714286
    },
    "cc":{
      "p":0.6666666667,
      "r":0.75,
      "f":0.7058823529
    },
    "nmod:poss":{
      "p":0.5,
      "r":0.5714285714,
      "f":0.5333333333
    },
    "det":{
      "p":0.5555555556,
      "r":0.3333333333,
      "f":0.4166666667
    },
    "nummod":{
      "p":0.8888888889,
      "r":0.7272727273,
      "f":0.8
    },
    "cop":{
      "p":0.0,
      "r":0.0,
      "f":0.0
    },
    "xcomp":{
      "p":0.0,
      "r":0.0,
      "f":0.0
    }
  },
  "speed":5637.933795212
}