{
  "token_acc":0.9982046679,
  "token_p":0.9964157706,
  "token_r":0.9928571429,
  "token_f":0.9946332737,
  "tag_acc":0.8219832736,
  "pos_acc":0.8853267571,
  "morph_acc":0.7586618877,
  "morph_micro_p":0.6100795756,
  "morph_micro_r":0.2649769585,
  "morph_micro_f":0.3694779116,
  "morph_per_feat":{
    "Case":{
      "p":0.8444444444,
      "r":0.3166666667,
      "f":0.4606060606
    },
    "Gender":{
      "p":0.7804878049,
      "r":0.315270936,
      "f":0.449122807
    },
    "Number":{
      "p":0.743902439,
      "r":0.2946859903,
      "f":0.4221453287
    },
    "SubSuff":{
      "p":0.6666666667,
      "r":0.2352941176,
      "f":0.347826087
    },
    "PossSuffNum":{
      "p":0.6666666667,
      "r":0.4347826087,
      "f":0.5263157895
    },
    "PossSuffPer":{
      "p":0.6666666667,
      "r":0.4347826087,
      "f":0.5263157895
    },
    "Mood":{
      "p":0.5714285714,
      "r":0.1777777778,
      "f":0.2711864407
    },
    "Ventive":{
      "p":0.0,
      "r":0.0,
      "f":0.0
    },
    "Person":{
      "p":0.7222222222,
      "r":0.203125,
      "f":0.3170731707
    },
    "Tense":{
      "p":0.4615384615,
      "r":0.1333333333,
      "f":0.2068965517
    },
    "VerbStem":{
      "p":0.4117647059,
      "r":0.1428571429,
      "f":0.2121212121
    },
    "Subordinative":{
      "p":0.4,
      "r":0.1666666667,
      "f":0.2352941176
    },
    "NounStem":{
      "p":0.6666666667,
      "r":0.2,
      "f":0.3076923077
    },
    "NounBase":{
      "p":0.0416666667,
      "r":0.5,
      "f":0.0769230769
    },
    "PossSuffGen":{
      "p":0.0,
      "r":0.0,
      "f":0.0
    },
    "MaSuff":{
      "p":0.0,
      "r":0.0,
      "f":0.0
    },
    "VerbForm":{
      "p":0.25,
      "r":0.3636363636,
      "f":0.2962962963
    },
    "VerbSuffGen":{
      "p":0.0,
      "r":0.0,
      "f":0.0
    },
    "VerbSuffNum":{
      "p":0.0,
      "r":0.0,
      "f":0.0
    },
    "VerbSuffPer":{
      "p":0.0,
      "r":0.0,
      "f":0.0
    },
    "Focus":{
      "p":0.0,
      "r":0.0,
      "f":0.0
    },
    "PrepSuffGen":{
      "p":0.0,
      "r":0.0,
      "f":0.0
    },
    "PrepSuffNum":{
      "p":0.0,
      "r":0.0,
      "f":0.0
    },
    "PresSuffPer":{
      "p":0.0,
      "r":0.0,
      "f":0.0
    }
  },
  "lemma_acc":0.9307048984,
  "sents_p":0.8507194245,
  "sents_r":0.8356890459,
  "sents_f":0.8431372549,
  "dep_uas":0.7978533095,
  "dep_las":0.1586165772,
  "dep_las_per_type":{
    "_":{
      "p":0.0,
      "r":0.0,
      "f":0.0
    },
    "parataxis":{
      "p":0.5,
      "r":0.0625,
      "f":0.1111111111
    },
    "obj":{
      "p":0.0740740741,
      "r":0.0909090909,
      "f":0.0816326531
    },
    "nsubj":{
      "p":0.347826087,
      "r":0.2666666667,
      "f":0.3018867925
    },
    "acl":{
      "p":0.5714285714,
      "r":0.3636363636,
      "f":0.4444444444
    },
    "conj":{
      "p":0.1111111111,
      "r":0.1428571429,
      "f":0.125
    },
    "advmod":{
      "p":0.85,
      "r":0.85,
      "f":0.85
    },
    "case":{
      "p":0.640625,
      "r":0.7192982456,
      "f":0.6776859504
    },
    "obl":{
      "p":0.4871794872,
      "r":0.6333333333,
      "f":0.5507246377
    },
    "cc":{
      "p":0.5,
      "r":0.5,
      "f":0.5
    },
    "nmod":{
      "p":0.3703703704,
      "r":0.4166666667,
      "f":0.3921568627
    },
    "det":{
      "p":0.3333333333,
      "r":0.3333333333,
      "f":0.3333333333
    },
    "iobj":{
      "p":0.0,
      "r":0.0,
      "f":0.0
    },
    "fixed":{
      "p":0.25,
      "r":0.1428571429,
      "f":0.1818181818
    },
    "mark":{
      "p":1.0,
      "r":0.3333333333,
      "f":0.5
    },
    "advcl":{
      "p":1.0,
      "r":0.25,
      "f":0.4
    },
    "discourse":{
      "p":0.3333333333,
      "r":0.2307692308,
      "f":0.2727272727
    },
    "nummod":{
      "p":0.8,
      "r":1.0,
      "f":0.8888888889
    },
    "ccomp":{
      "p":0.0,
      "r":0.0,
      "f":0.0
    },
    "root":{
      "p":0.0162748644,
      "r":0.9,
      "f":0.0319715808
    },
    "nmod:poss":{
      "p":0.0,
      "r":0.0,
      "f":0.0
    },
    "dep":{
      "p":0.0,
      "r":0.0,
      "f":0.0
    },
    "amod":{
      "p":0.375,
      "r":0.75,
      "f":0.5
    },
    "dislocated":{
      "p":0.0,
      "r":0.0,
      "f":0.0
    },
    "appos":{
      "p":0.6666666667,
      "r":1.0,
      "f":0.8
    },
    "null":{
      "p":0.0,
      "r":0.0,
      "f":0.0
    },
    "aux":{
      "p":0.0,
      "r":0.0,
      "f":0.0
    }
  },
  "speed":37927.7217247015
}