{
  "token_acc":0.9885408709,
  "token_p":0.9697885196,
  "token_r":0.9264069264,
  "token_f":0.947601476,
  "lemma_acc":0.9067164179,
  "pos_acc":0.9123595506,
  "morph_acc":0.8568224299,
  "morph_micro_p":0.9298245614,
  "morph_micro_r":0.7947259566,
  "morph_micro_f":0.8569835517,
  "morph_per_feat":{
    "Case":{
      "p":0.8888888889,
      "r":0.7272727273,
      "f":0.8
    },
    "Gender":{
      "p":0.975,
      "r":0.8863636364,
      "f":0.9285714286
    },
    "Number":{
      "p":0.9536082474,
      "r":0.8644859813,
      "f":0.9068627451
    },
    "PossSuffGen":{
      "p":0.961038961,
      "r":0.925,
      "f":0.9426751592
    },
    "PossSuffNum":{
      "p":0.975308642,
      "r":0.9634146341,
      "f":0.9693251534
    },
    "PossSuffPer":{
      "p":0.975308642,
      "r":0.9634146341,
      "f":0.9693251534
    },
    "Mood":{
      "p":0.8888888889,
      "r":0.6153846154,
      "f":0.7272727273
    },
    "Person":{
      "p":0.8813559322,
      "r":0.619047619,
      "f":0.7272727273
    },
    "VerbStem":{
      "p":0.8,
      "r":0.5714285714,
      "f":0.6666666667
    },
    "NounStem":{
      "p":0.6875,
      "r":0.5238095238,
      "f":0.5945945946
    },
    "NounBase":{
      "p":0.88,
      "r":0.862745098,
      "f":0.8712871287
    },
    "Tense":{
      "p":0.6888888889,
      "r":0.5,
      "f":0.5794392523
    },
    "Ventive":{
      "p":0.7,
      "r":0.4666666667,
      "f":0.56
    },
    "VerbForm":{
      "p":0.9464285714,
      "r":0.6794871795,
      "f":0.7910447761
    },
    "PrepSuffGen":{
      "p":1.0,
      "r":1.0,
      "f":1.0
    },
    "PrepSuffNum":{
      "p":1.0,
      "r":1.0,
      "f":1.0
    },
    "PresSuffPer":{
      "p":1.0,
      "r":1.0,
      "f":1.0
    },
    "SubSuff":{
      "p":1.0,
      "r":0.5833333333,
      "f":0.7368421053
    },
    "Subordinative":{
      "p":1.0,
      "r":0.2222222222,
      "f":0.3636363636
    },
    "Voice":{
      "p":0.0,
      "r":0.0,
      "f":0.0
    },
    "VerbSuffGen":{
      "p":1.0,
      "r":0.8125,
      "f":0.8965517241
    },
    "VerbSuffNum":{
      "p":1.0,
      "r":0.8125,
      "f":0.8965517241
    },
    "VerbSuffPer":{
      "p":1.0,
      "r":0.8125,
      "f":0.8965517241
    }
  },
  "tag_acc":0.6878742515,
  "sents_p":0.8779620853,
  "sents_r":0.8536866359,
  "sents_f":0.8656542056,
  "dep_uas":0.8754158965,
  "dep_las":0.3268022181,
  "dep_las_per_type":{
    "case":{
      "p":0.9473684211,
      "r":0.9473684211,
      "f":0.9473684211
    },
    "root":{
      "p":0.0784313725,
      "r":0.9552238806,
      "f":0.1449603624
    },
    "appos":{
      "p":0.9305555556,
      "r":0.9178082192,
      "f":0.924137931
    },
    "nsubj":{
      "p":0.8035714286,
      "r":0.75,
      "f":0.775862069
    },
    "advmod":{
      "p":0.8888888889,
      "r":0.9230769231,
      "f":0.9056603774
    },
    "conj":{
      "p":0.8064516129,
      "r":0.6944444444,
      "f":0.7462686567
    },
    "obl":{
      "p":0.6111111111,
      "r":0.6111111111,
      "f":0.6111111111
    },
    "nmod":{
      "p":0.7,
      "r":0.5,
      "f":0.5833333333
    },
    "_":{
      "p":0.0,
      "r":0.0,
      "f":0.0
    },
    "iobj":{
      "p":0.3333333333,
      "r":0.1818181818,
      "f":0.2352941176
    },
    "dep":{
      "p":0.0,
      "r":0.0,
      "f":0.0
    },
    "discourse":{
      "p":0.5454545455,
      "r":0.5454545455,
      "f":0.5454545455
    },
    "mark":{
      "p":0.75,
      "r":0.3,
      "f":0.4285714286
    },
    "advcl":{
      "p":0.0,
      "r":0.0,
      "f":0.0
    },
    "obj":{
      "p":0.3333333333,
      "r":0.28,
      "f":0.3043478261
    },
    "ccomp":{
      "p":0.25,
      "r":0.1428571429,
      "f":0.1818181818
    },
    "acl":{
      "p":0.8,
      "r":0.5,
      "f":0.6153846154
    },
    "nummod":{
      "p":0.9285714286,
      "r":0.9285714286,
      "f":0.9285714286
    },
    "nmod:poss":{
      "p":0.9090909091,
      "r":0.9677419355,
      "f":0.9375
    },
    "det":{
      "p":1.0,
      "r":0.5,
      "f":0.6666666667
    },
    "amod":{
      "p":1.0,
      "r":0.875,
      "f":0.9333333333
    },
    "dislocated":{
      "p":0.0,
      "r":0.0,
      "f":0.0
    },
    "fixed":{
      "p":0.0,
      "r":0.0,
      "f":0.0
    },
    "cc":{
      "p":1.0,
      "r":1.0,
      "f":1.0
    },
    "acl:relcl":{
      "p":1.0,
      "r":1.0,
      "f":1.0
    }
  },
  "speed":5332.7560207643
}