{
  "token_acc":0.994833255,
  "token_p":0.985046729,
  "token_r":0.9669724771,
  "token_f":0.9759259259,
  "lemma_acc":0.9153094463,
  "pos_acc":0.905376849,
  "morph_acc":0.775215467,
  "morph_micro_p":0.8536821705,
  "morph_micro_r":0.681185567,
  "morph_micro_f":0.7577408257,
  "morph_per_feat":{
    "Case":{
      "p":0.844,
      "r":0.7092436975,
      "f":0.7707762557
    },
    "Gender":{
      "p":0.9284750337,
      "r":0.7800453515,
      "f":0.8478126925
    },
    "Number":{
      "p":0.9344262295,
      "r":0.785304248,
      "f":0.8533998752
    },
    "PossSuffNum":{
      "p":0.9152542373,
      "r":0.8852459016,
      "f":0.9
    },
    "PossSuffPer":{
      "p":0.9237288136,
      "r":0.9008264463,
      "f":0.9121338912
    },
    "NounStem":{
      "p":0.7173913043,
      "r":0.6226415094,
      "f":0.6666666667
    },
    "Mood":{
      "p":0.8640776699,
      "r":0.4863387978,
      "f":0.6223776224
    },
    "Person":{
      "p":0.8290598291,
      "r":0.4685990338,
      "f":0.5987654321
    },
    "Tense":{
      "p":0.6103896104,
      "r":0.3286713287,
      "f":0.4272727273
    },
    "VerbForm":{
      "p":0.7692307692,
      "r":0.4938271605,
      "f":0.6015037594
    },
    "VerbStem":{
      "p":0.731092437,
      "r":0.453125,
      "f":0.5594855305
    },
    "PossSuffGen":{
      "p":0.7272727273,
      "r":0.8695652174,
      "f":0.7920792079
    },
    "NounBase":{
      "p":0.6883116883,
      "r":0.7361111111,
      "f":0.711409396
    },
    "Ventive":{
      "p":0.7727272727,
      "r":0.2881355932,
      "f":0.4197530864
    },
    "SubSuff":{
      "p":0.6,
      "r":0.2647058824,
      "f":0.3673469388
    },
    "Subordinative":{
      "p":0.5,
      "r":0.2727272727,
      "f":0.3529411765
    },
    "VerbSuffGen":{
      "p":0.3043478261,
      "r":0.4666666667,
      "f":0.3684210526
    },
    "VerbSuffNum":{
      "p":0.4347826087,
      "r":0.5,
      "f":0.4651162791
    },
    "VerbSuffPer":{
      "p":0.3913043478,
      "r":0.45,
      "f":0.4186046512
    },
    "Voice":{
      "p":0.0,
      "r":0.0,
      "f":0.0
    },
    "Focus":{
      "p":0.5,
      "r":1.0,
      "f":0.6666666667
    },
    "PossSufNum":{
      "p":0.0,
      "r":0.0,
      "f":0.0
    },
    "PossSufPer":{
      "p":0.0,
      "r":0.0,
      "f":0.0
    },
    "PrepSuffGen":{
      "p":0.6666666667,
      "r":1.0,
      "f":0.8
    },
    "PrepSuffNum":{
      "p":0.6666666667,
      "r":1.0,
      "f":0.8
    },
    "PrepSuffPer":{
      "p":0.6666666667,
      "r":1.0,
      "f":0.8
    },
    "NounState":{
      "p":1.0,
      "r":0.5,
      "f":0.6666666667
    },
    "PronType":{
      "p":0.0,
      "r":0.0,
      "f":0.0
    },
    "verbForm":{
      "p":0.0,
      "r":0.0,
      "f":0.0
    }
  },
  "tag_acc":0.573556797,
  "sents_p":0.7511737089,
  "sents_r":0.8,
  "sents_f":0.7748184019,
  "dep_uas":0.7694090382,
  "dep_las":0.3796060255,
  "dep_las_per_type":{
    "_":{
      "p":0.0,
      "r":0.0,
      "f":0.0
    },
    "case":{
      "p":0.9032258065,
      "r":0.8704663212,
      "f":0.8865435356
    },
    "root":{
      "p":0.100952381,
      "r":0.8091603053,
      "f":0.1795088908
    },
    "appos":{
      "p":0.9569892473,
      "r":0.898989899,
      "f":0.9270833333
    },
    "nsubj":{
      "p":0.6370967742,
      "r":0.6422764228,
      "f":0.6396761134
    },
    "advmod":{
      "p":0.7636363636,
      "r":0.8235294118,
      "f":0.7924528302
    },
    "obj":{
      "p":0.4716981132,
      "r":0.3333333333,
      "f":0.390625
    },
    "nmod":{
      "p":0.5462184874,
      "r":0.5855855856,
      "f":0.5652173913
    },
    "fixed":{
      "p":0.3333333333,
      "r":0.125,
      "f":0.1818181818
    },
    "acl":{
      "p":0.3888888889,
      "r":0.3888888889,
      "f":0.3888888889
    },
    "nummod":{
      "p":0.8888888889,
      "r":0.8888888889,
      "f":0.8888888889
    },
    "conj":{
      "p":0.6315789474,
      "r":0.5393258427,
      "f":0.5818181818
    },
    "dislocated":{
      "p":0.3333333333,
      "r":0.0555555556,
      "f":0.0952380952
    },
    "iobj":{
      "p":0.2,
      "r":0.1538461538,
      "f":0.1739130435
    },
    "discourse":{
      "p":0.5714285714,
      "r":0.5128205128,
      "f":0.5405405405
    },
    "obl":{
      "p":0.5217391304,
      "r":0.676056338,
      "f":0.5889570552
    },
    "mark":{
      "p":0.4,
      "r":0.4,
      "f":0.4
    },
    "advcl":{
      "p":0.1666666667,
      "r":0.125,
      "f":0.1428571429
    },
    "amod":{
      "p":0.7857142857,
      "r":0.7586206897,
      "f":0.7719298246
    },
    "parataxis":{
      "p":0.0,
      "r":0.0,
      "f":0.0
    },
    "dep":{
      "p":0.05,
      "r":0.3333333333,
      "f":0.0869565217
    },
    "det":{
      "p":0.7142857143,
      "r":0.625,
      "f":0.6666666667
    },
    "ccomp":{
      "p":0.2307692308,
      "r":0.1875,
      "f":0.2068965517
    },
    "cc":{
      "p":0.4,
      "r":0.4,
      "f":0.4
    },
    "advmod:emph":{
      "p":0.5,
      "r":1.0,
      "f":0.6666666667
    },
    "nmod:poss":{
      "p":0.8285714286,
      "r":0.7631578947,
      "f":0.7945205479
    },
    "cop":{
      "p":0.0,
      "r":0.0,
      "f":0.0
    },
    "list":{
      "p":0.0,
      "r":0.0,
      "f":0.0
    },
    "acl:relcl":{
      "p":1.0,
      "r":1.0,
      "f":1.0
    }
  },
  "speed":2979.6907631996
}