{
  "token_acc":0.9932627526,
  "token_p":0.982791587,
  "token_r":0.9575260805,
  "token_f":0.9699943386,
  "lemma_acc":0.9403495441,
  "sents_p":0.8015625,
  "sents_r":0.7916666667,
  "sents_f":0.7965838509,
  "dep_uas":0.7808840196,
  "dep_las":0.384208538,
  "dep_las_per_type":{
    "case":{
      "p":0.9166666667,
      "r":0.9090909091,
      "f":0.9128630705
    },
    "root":{
      "p":0.1142172524,
      "r":0.7606382979,
      "f":0.1986111111
    },
    "appos":{
      "p":0.905982906,
      "r":0.8760330579,
      "f":0.8907563025
    },
    "nsubj":{
      "p":0.6014492754,
      "r":0.5684931507,
      "f":0.5845070423
    },
    "advmod":{
      "p":0.775,
      "r":0.8857142857,
      "f":0.8266666667
    },
    "cc":{
      "p":0.6363636364,
      "r":0.6363636364,
      "f":0.6363636364
    },
    "conj":{
      "p":0.4444444444,
      "r":0.4642857143,
      "f":0.4541484716
    },
    "obl":{
      "p":0.5317460317,
      "r":0.6442307692,
      "f":0.5826086957
    },
    "nmod":{
      "p":0.6355932203,
      "r":0.6578947368,
      "f":0.6465517241
    },
    "_":{
      "p":0.0,
      "r":0.0,
      "f":0.0
    },
    "dislocated":{
      "p":0.1666666667,
      "r":0.0909090909,
      "f":0.1176470588
    },
    "acl":{
      "p":0.6,
      "r":0.36,
      "f":0.45
    },
    "obj":{
      "p":0.4536082474,
      "r":0.419047619,
      "f":0.4356435644
    },
    "nummod":{
      "p":0.7567567568,
      "r":0.8484848485,
      "f":0.8
    },
    "discourse":{
      "p":0.4193548387,
      "r":0.4333333333,
      "f":0.4262295082
    },
    "amod":{
      "p":0.8214285714,
      "r":0.6764705882,
      "f":0.7419354839
    },
    "ccomp":{
      "p":0.3076923077,
      "r":0.25,
      "f":0.275862069
    },
    "iobj":{
      "p":0.65,
      "r":0.4482758621,
      "f":0.5306122449
    },
    "dep":{
      "p":0.0,
      "r":0.0,
      "f":0.0
    },
    "advcl":{
      "p":0.1875,
      "r":0.2727272727,
      "f":0.2222222222
    },
    "nmod:poss":{
      "p":0.7272727273,
      "r":0.7692307692,
      "f":0.7476635514
    },
    "det":{
      "p":0.8,
      "r":0.6666666667,
      "f":0.7272727273
    },
    "cop":{
      "p":0.0,
      "r":0.0,
      "f":0.0
    },
    "mark":{
      "p":0.6666666667,
      "r":0.6086956522,
      "f":0.6363636364
    },
    "fixed":{
      "p":1.0,
      "r":0.1666666667,
      "f":0.2857142857
    },
    "list":{
      "p":0.0,
      "r":0.0,
      "f":0.0
    },
    "parataxis":{
      "p":0.0,
      "r":0.0,
      "f":0.0
    },
    "acl:relcl":{
      "p":1.0,
      "r":1.0,
      "f":1.0
    }
  },
  "tag_acc":0.6124001521,
  "pos_acc":0.941356256,
  "morph_acc":0.8062369272,
  "morph_micro_p":0.8730662436,
  "morph_micro_r":0.8437799502,
  "morph_micro_f":0.8581733112,
  "morph_per_feat":{
    "Case":{
      "p":0.8070921986,
      "r":0.7794520548,
      "f":0.7930313589
    },
    "Gender":{
      "p":0.9468186135,
      "r":0.9047186933,
      "f":0.9252900232
    },
    "Number":{
      "p":0.9203454894,
      "r":0.8822447102,
      "f":0.9008924378
    },
    "PossSuffGen":{
      "p":0.864516129,
      "r":0.8815789474,
      "f":0.8729641694
    },
    "PossSuffNum":{
      "p":0.9467455621,
      "r":0.9090909091,
      "f":0.9275362319
    },
    "PossSuffPer":{
      "p":0.9464285714,
      "r":0.9034090909,
      "f":0.9244186047
    },
    "Mood":{
      "p":0.9047619048,
      "r":0.9047619048,
      "f":0.9047619048
    },
    "Person":{
      "p":0.8908450704,
      "r":0.881533101,
      "f":0.8861646235
    },
    "VerbForm":{
      "p":0.9166666667,
      "r":0.8744769874,
      "f":0.8950749465
    },
    "VerbStem":{
      "p":0.855513308,
      "r":0.8490566038,
      "f":0.8522727273
    },
    "Tense":{
      "p":0.7586206897,
      "r":0.7439613527,
      "f":0.7512195122
    },
    "Ventive":{
      "p":0.7121212121,
      "r":0.6714285714,
      "f":0.6911764706
    },
    "PronType":{
      "p":0.0,
      "r":0.0,
      "f":0.0
    },
    "SubSuff":{
      "p":0.8548387097,
      "r":0.7910447761,
      "f":0.8217054264
    },
    "Subordinative":{
      "p":0.59375,
      "r":0.5428571429,
      "f":0.5671641791
    },
    "VerbSuffGen":{
      "p":0.5151515152,
      "r":0.6296296296,
      "f":0.5666666667
    },
    "VerbSuffNum":{
      "p":0.5454545455,
      "r":0.5806451613,
      "f":0.5625
    },
    "VerbSuffPer":{
      "p":0.6060606061,
      "r":0.6451612903,
      "f":0.625
    },
    "NounStem":{
      "p":0.6813186813,
      "r":0.6138613861,
      "f":0.6458333333
    },
    "Focus":{
      "p":0.6862745098,
      "r":0.5223880597,
      "f":0.593220339
    },
    "NounBase":{
      "p":0.7142857143,
      "r":0.7065217391,
      "f":0.7103825137
    },
    "PrepSuffGen":{
      "p":1.0,
      "r":1.0,
      "f":1.0
    },
    "PrepSuffNum":{
      "p":1.0,
      "r":1.0,
      "f":1.0
    },
    "PrepSuffPer":{
      "p":1.0,
      "r":1.0,
      "f":1.0
    },
    "PossSufNum":{
      "p":0.0,
      "r":0.0,
      "f":0.0
    },
    "PossSufPer":{
      "p":0.0,
      "r":0.0,
      "f":0.0
    },
    "NounState":{
      "p":0.0,
      "r":0.0,
      "f":0.0
    },
    "PresSuffPer":{
      "p":1.0,
      "r":1.0,
      "f":1.0
    },
    "Voice":{
      "p":0.0,
      "r":0.0,
      "f":0.0
    },
    "PredSuffNum":{
      "p":0.75,
      "r":1.0,
      "f":0.8571428571
    },
    "PredSuffPer":{
      "p":0.75,
      "r":1.0,
      "f":0.8571428571
    }
  },
  "speed":9441.1816224237
}