{
  "token_acc":0.9934782609,
  "token_p":0.9854211663,
  "token_r":0.9681697613,
  "token_f":0.9767192936,
  "tag_acc":0.9487317863,
  "pos_acc":0.9756361668,
  "morph_acc":0.9019396552,
  "morph_micro_p":0.9978078188,
  "morph_micro_r":0.9834353619,
  "morph_micro_f":0.9905694596,
  "morph_per_feat":{
    "Case":{
      "p":0.9975609756,
      "r":0.9784688995,
      "f":0.9879227053
    },
    "Gender":{
      "p":1.0,
      "r":0.9767054908,
      "f":0.9882154882
    },
    "Number":{
      "p":0.9982876712,
      "r":0.9814814815,
      "f":0.9898132428
    },
    "PossSuffNum":{
      "p":0.9866666667,
      "r":1.0,
      "f":0.9932885906
    },
    "PossSuffPer":{
      "p":0.9866666667,
      "r":1.0,
      "f":0.9932885906
    },
    "PossSufNum":{
      "p":1.0,
      "r":0.5,
      "f":0.6666666667
    },
    "PossSufPer":{
      "p":1.0,
      "r":0.5,
      "f":0.6666666667
    },
    "NounBase":{
      "p":1.0,
      "r":0.8857142857,
      "f":0.9393939394
    },
    "Mood":{
      "p":1.0,
      "r":1.0,
      "f":1.0
    },
    "Person":{
      "p":1.0,
      "r":1.0,
      "f":1.0
    },
    "Tense":{
      "p":1.0,
      "r":1.0,
      "f":1.0
    },
    "VerbForm":{
      "p":1.0,
      "r":1.0,
      "f":1.0
    },
    "VerbStem":{
      "p":1.0,
      "r":1.0,
      "f":1.0
    },
    "Subordinative":{
      "p":1.0,
      "r":1.0,
      "f":1.0
    },
    "Ventive":{
      "p":1.0,
      "r":1.0,
      "f":1.0
    },
    "VerbSuffNum":{
      "p":1.0,
      "r":1.0,
      "f":1.0
    },
    "VerbSuffPer":{
      "p":0.9,
      "r":0.9,
      "f":0.9
    },
    "NounSuffNum":{
      "p":1.0,
      "r":1.0,
      "f":1.0
    },
    "NounSuffPer":{
      "p":1.0,
      "r":1.0,
      "f":1.0
    },
    "PrepSuffGen":{
      "p":1.0,
      "r":1.0,
      "f":1.0
    },
    "PrepSuffNum":{
      "p":1.0,
      "r":1.0,
      "f":1.0
    },
    "PresSuffPer":{
      "p":1.0,
      "r":1.0,
      "f":1.0
    },
    "PossSuffGen":{
      "p":0.984375,
      "r":0.984375,
      "f":0.984375
    },
    "Focus":{
      "p":1.0,
      "r":1.0,
      "f":1.0
    },
    "VerbSuffGen":{
      "p":1.0,
      "r":1.0,
      "f":1.0
    },
    "NounStem":{
      "p":1.0,
      "r":1.0,
      "f":1.0
    },
    "SubSuff":{
      "p":1.0,
      "r":1.0,
      "f":1.0
    },
    "PrepSuffPer":{
      "p":1.0,
      "r":1.0,
      "f":1.0
    },
    "NounState":{
      "p":1.0,
      "r":1.0,
      "f":1.0
    },
    "number":{
      "p":1.0,
      "r":1.0,
      "f":1.0
    }
  },
  "lemma_acc":0.9458658766,
  "sents_p":0.9013157895,
  "sents_r":0.9072847682,
  "sents_f":0.904290429,
  "dep_uas":0.9079229122,
  "dep_las":0.5234145036,
  "dep_las_per_type":{
    "_":{
      "p":0.0,
      "r":0.0,
      "f":0.0
    },
    "case":{
      "p":0.9744897959,
      "r":0.9646464646,
      "f":0.9695431472
    },
    "root":{
      "p":0.1662971175,
      "r":0.9615384615,
      "f":0.2835538752
    },
    "appos":{
      "p":0.9880952381,
      "r":0.9431818182,
      "f":0.9651162791
    },
    "nsubj":{
      "p":0.947826087,
      "r":0.8320610687,
      "f":0.8861788618
    },
    "advmod":{
      "p":0.8723404255,
      "r":0.82,
      "f":0.8453608247
    },
    "nmod":{
      "p":0.9263157895,
      "r":0.7857142857,
      "f":0.8502415459
    },
    "nummod":{
      "p":0.96875,
      "r":0.96875,
      "f":0.96875
    },
    "dep":{
      "p":0.0588235294,
      "r":1.0,
      "f":0.1111111111
    },
    "obl":{
      "p":0.9444444444,
      "r":0.8831168831,
      "f":0.9127516779
    },
    "discourse":{
      "p":0.7586206897,
      "r":0.6666666667,
      "f":0.7096774194
    },
    "dislocated":{
      "p":0.8571428571,
      "r":0.5,
      "f":0.6315789474
    },
    "obj":{
      "p":0.8666666667,
      "r":0.8813559322,
      "f":0.8739495798
    },
    "null":{
      "p":0.0,
      "r":0.0,
      "f":0.0
    },
    "ccomp":{
      "p":1.0,
      "r":0.6666666667,
      "f":0.8
    },
    "fixed":{
      "p":1.0,
      "r":0.3,
      "f":0.4615384615
    },
    "iobj":{
      "p":1.0,
      "r":1.0,
      "f":1.0
    },
    "acl":{
      "p":0.6666666667,
      "r":0.6,
      "f":0.6315789474
    },
    "conj":{
      "p":0.9142857143,
      "r":0.8205128205,
      "f":0.8648648649
    },
    "amod":{
      "p":0.9090909091,
      "r":1.0,
      "f":0.9523809524
    },
    "det":{
      "p":1.0,
      "r":0.8,
      "f":0.8888888889
    },
    "nmod:poss":{
      "p":1.0,
      "r":0.5,
      "f":0.6666666667
    },
    "cc":{
      "p":1.0,
      "r":1.0,
      "f":1.0
    },
    "mark":{
      "p":1.0,
      "r":0.7272727273,
      "f":0.8421052632
    },
    "advmod:emph":{
      "p":1.0,
      "r":1.0,
      "f":1.0
    },
    "parataxis":{
      "p":1.0,
      "r":0.8,
      "f":0.8888888889
    },
    "advcl":{
      "p":1.0,
      "r":0.4,
      "f":0.5714285714
    },
    "aux":{
      "p":0.0,
      "r":0.0,
      "f":0.0
    }
  },
  "speed":34608.3592144912
}