{
  "token_acc":0.9907312049,
  "token_p":0.9714285714,
  "token_r":0.9425742574,
  "token_f":0.9567839196,
  "lemma_acc":0.8945233266,
  "pos_acc":0.8927300458,
  "morph_acc":0.7402135231,
  "morph_micro_p":0.8732932824,
  "morph_micro_r":0.7482452036,
  "morph_micro_f":0.8059475806,
  "morph_per_feat":{
    "Case":{
      "p":0.872,
      "r":0.6246418338,
      "f":0.7278797997
    },
    "Gender":{
      "p":0.943107221,
      "r":0.8484251969,
      "f":0.8932642487
    },
    "Number":{
      "p":0.9206349206,
      "r":0.8268839104,
      "f":0.8712446352
    },
    "PossSuffGen":{
      "p":0.8888888889,
      "r":0.875,
      "f":0.8818897638
    },
    "PossSuffNum":{
      "p":0.9850746269,
      "r":0.904109589,
      "f":0.9428571429
    },
    "PossSuffPer":{
      "p":0.9850746269,
      "r":0.904109589,
      "f":0.9428571429
    },
    "NounStem":{
      "p":0.6666666667,
      "r":0.5714285714,
      "f":0.6153846154
    },
    "Mood":{
      "p":0.776119403,
      "r":0.65,
      "f":0.7074829932
    },
    "Person":{
      "p":0.7590361446,
      "r":0.6363636364,
      "f":0.6923076923
    },
    "SubSuff":{
      "p":0.6666666667,
      "r":0.2222222222,
      "f":0.3333333333
    },
    "Tense":{
      "p":0.62,
      "r":0.5535714286,
      "f":0.5849056604
    },
    "Ventive":{
      "p":0.5625,
      "r":0.3461538462,
      "f":0.4285714286
    },
    "VerbForm":{
      "p":0.7966101695,
      "r":0.6266666667,
      "f":0.7014925373
    },
    "VerbStem":{
      "p":0.7671232877,
      "r":0.6292134831,
      "f":0.6913580247
    },
    "VerbSuffGen":{
      "p":0.4666666667,
      "r":0.5833333333,
      "f":0.5185185185
    },
    "VerbSuffNum":{
      "p":0.4666666667,
      "r":0.5833333333,
      "f":0.5185185185
    },
    "VerbSuffPer":{
      "p":0.4666666667,
      "r":0.5833333333,
      "f":0.5185185185
    },
    "PrepSuffGen":{
      "p":0.5,
      "r":1.0,
      "f":0.6666666667
    },
    "PrepSuffNum":{
      "p":0.5,
      "r":1.0,
      "f":0.6666666667
    },
    "PrepSuffPer":{
      "p":0.0,
      "r":0.0,
      "f":0.0
    },
    "NounBase":{
      "p":0.9298245614,
      "r":0.7910447761,
      "f":0.8548387097
    },
    "SubSuffix":{
      "p":1.0,
      "r":1.0,
      "f":1.0
    },
    "Subordinative":{
      "p":0.75,
      "r":0.5,
      "f":0.6
    },
    "PresSuffPer":{
      "p":1.0,
      "r":1.0,
      "f":1.0
    },
    "Subordinate":{
      "p":0.0,
      "r":0.0,
      "f":0.0
    }
  },
  "tag_acc":0.5139664804,
  "sents_p":0.8164893617,
  "sents_r":0.7655860349,
  "sents_f":0.7902187902,
  "dep_uas":0.8171284635,
  "dep_las":0.5027707809,
  "dep_las_per_type":{
    "case":{
      "p":0.9369369369,
      "r":0.9203539823,
      "f":0.9285714286
    },
    "root":{
      "p":0.1574585635,
      "r":0.8142857143,
      "f":0.2638888889
    },
    "appos":{
      "p":0.9402985075,
      "r":0.9545454545,
      "f":0.9473684211
    },
    "nsubj":{
      "p":0.6956521739,
      "r":0.6575342466,
      "f":0.676056338
    },
    "advmod":{
      "p":0.8484848485,
      "r":0.875,
      "f":0.8615384615
    },
    "_":{
      "p":0.0,
      "r":0.0,
      "f":0.0
    },
    "nmod":{
      "p":0.701754386,
      "r":0.6896551724,
      "f":0.6956521739
    },
    "obj":{
      "p":0.5151515152,
      "r":0.6071428571,
      "f":0.5573770492
    },
    "acl":{
      "p":0.5454545455,
      "r":0.375,
      "f":0.4444444444
    },
    "obl":{
      "p":0.6666666667,
      "r":0.5833333333,
      "f":0.6222222222
    },
    "nummod":{
      "p":0.8947368421,
      "r":1.0,
      "f":0.9444444444
    },
    "conj":{
      "p":0.5217391304,
      "r":0.5217391304,
      "f":0.5217391304
    },
    "discourse":{
      "p":0.7692307692,
      "r":0.8333333333,
      "f":0.8
    },
    "ccomp":{
      "p":0.2,
      "r":0.2,
      "f":0.2
    },
    "fixed":{
      "p":1.0,
      "r":0.5,
      "f":0.6666666667
    },
    "iobj":{
      "p":0.3076923077,
      "r":0.6666666667,
      "f":0.4210526316
    },
    "amod":{
      "p":0.8333333333,
      "r":0.7894736842,
      "f":0.8108108108
    },
    "dep":{
      "p":0.0,
      "r":0.0,
      "f":0.0
    },
    "det":{
      "p":1.0,
      "r":0.2,
      "f":0.3333333333
    },
    "parataxis":{
      "p":0.0,
      "r":0.0,
      "f":0.0
    },
    "cc":{
      "p":0.0,
      "r":0.0,
      "f":0.0
    },
    "mark":{
      "p":0.0,
      "r":0.0,
      "f":0.0
    },
    "nmod:poss":{
      "p":0.935483871,
      "r":0.935483871,
      "f":0.935483871
    },
    "advcl":{
      "p":0.0,
      "r":0.0,
      "f":0.0
    },
    "advmod:emph":{
      "p":1.0,
      "r":0.5,
      "f":0.6666666667
    },
    "dislocated":{
      "p":0.3333333333,
      "r":0.2,
      "f":0.25
    },
    "xcomp":{
      "p":0.0,
      "r":0.0,
      "f":0.0
    },
    "acl:relcl":{
      "p":1.0,
      "r":1.0,
      "f":1.0
    }
  },
  "speed":5471.1899617267
}