{
  "token_acc":1.0,
  "token_p":1.0,
  "token_r":1.0,
  "token_f":1.0,
  "tag_acc":0.9207848837,
  "pos_acc":0.9527272727,
  "morph_acc":0.8286129267,
  "morph_micro_p":0.8456189152,
  "morph_micro_r":0.7811563169,
  "morph_micro_f":0.8121104185,
  "morph_per_feat":{
    "Case":{
      "p":0.8143322476,
      "r":0.7396449704,
      "f":0.7751937984
    },
    "Gender":{
      "p":0.923566879,
      "r":0.8752515091,
      "f":0.8987603306
    },
    "Number":{
      "p":0.8860215054,
      "r":0.8289738431,
      "f":0.8565488565
    },
    "PossSuffGen":{
      "p":0.9074074074,
      "r":0.6533333333,
      "f":0.7596899225
    },
    "PossSuffNum":{
      "p":0.9130434783,
      "r":0.8181818182,
      "f":0.8630136986
    },
    "PossSuffPer":{
      "p":0.9130434783,
      "r":0.8181818182,
      "f":0.8630136986
    },
    "Mood":{
      "p":0.906779661,
      "r":0.8230769231,
      "f":0.8629032258
    },
    "Person":{
      "p":0.7972027972,
      "r":0.7549668874,
      "f":0.7755102041
    },
    "VerbForm":{
      "p":0.875,
      "r":0.7924528302,
      "f":0.8316831683
    },
    "VerbStem":{
      "p":0.8032786885,
      "r":0.7480916031,
      "f":0.7747035573
    },
    "Tense":{
      "p":0.6436781609,
      "r":0.6363636364,
      "f":0.64
    },
    "NounBase":{
      "p":0.5625,
      "r":0.6,
      "f":0.5806451613
    },
    "NounStem":{
      "p":0.85,
      "r":0.6538461538,
      "f":0.7391304348
    },
    "Subordinative":{
      "p":0.3333333333,
      "r":0.875,
      "f":0.4827586207
    },
    "SubSuff":{
      "p":0.6111111111,
      "r":0.8461538462,
      "f":0.7096774194
    },
    "VerbSuffGen":{
      "p":0.7142857143,
      "r":0.2941176471,
      "f":0.4166666667
    },
    "VerbSuffNum":{
      "p":0.75,
      "r":0.3529411765,
      "f":0.48
    },
    "VerbSuffPer":{
      "p":0.75,
      "r":0.3529411765,
      "f":0.48
    },
    "Ventive":{
      "p":0.6206896552,
      "r":0.6428571429,
      "f":0.6315789474
    },
    "PossSufNum":{
      "p":0.0,
      "r":0.0,
      "f":0.0
    },
    "PossSufPer":{
      "p":0.0,
      "r":0.0,
      "f":0.0
    },
    "NounSuffNum":{
      "p":0.0,
      "r":0.0,
      "f":0.0
    },
    "NounSuffPer":{
      "p":0.0,
      "r":0.0,
      "f":0.0
    },
    "SubSuffix":{
      "p":1.0,
      "r":0.5,
      "f":0.6666666667
    },
    "Focus":{
      "p":1.0,
      "r":0.3333333333,
      "f":0.5
    },
    "Voice":{
      "p":0.0,
      "r":0.0,
      "f":0.0
    },
    "PrepSuffGen":{
      "p":1.0,
      "r":1.0,
      "f":1.0
    },
    "PrepSuffNum":{
      "p":1.0,
      "r":1.0,
      "f":1.0
    },
    "PrepSuffPer":{
      "p":1.0,
      "r":1.0,
      "f":1.0
    }
  },
  "lemma_acc":1.0,
  "sents_p":0.8048498845,
  "sents_r":0.859432799,
  "sents_f":0.8312462731,
  "dep_uas":0.8583877996,
  "dep_las":0.3253449528,
  "dep_las_per_type":{
    "case":{
      "p":0.9557522124,
      "r":0.9557522124,
      "f":0.9557522124
    },
    "root":{
      "p":0.0993071594,
      "r":0.8775510204,
      "f":0.1784232365
    },
    "appos":{
      "p":0.9166666667,
      "r":0.8048780488,
      "f":0.8571428571
    },
    "nsubj":{
      "p":0.6984126984,
      "r":0.6111111111,
      "f":0.6518518519
    },
    "advmod":{
      "p":0.8846153846,
      "r":0.8518518519,
      "f":0.8679245283
    },
    "conj":{
      "p":0.4411764706,
      "r":0.3571428571,
      "f":0.3947368421
    },
    "obl":{
      "p":0.5178571429,
      "r":0.5576923077,
      "f":0.537037037
    },
    "obj":{
      "p":0.5517241379,
      "r":0.4,
      "f":0.4637681159
    },
    "_":{
      "p":0.0,
      "r":0.0,
      "f":0.0
    },
    "nmod":{
      "p":0.7547169811,
      "r":0.6349206349,
      "f":0.6896551724
    },
    "cc":{
      "p":0.6666666667,
      "r":0.75,
      "f":0.7058823529
    },
    "amod":{
      "p":0.1666666667,
      "r":0.2,
      "f":0.1818181818
    },
    "dep":{
      "p":0.0,
      "r":0.0,
      "f":0.0
    },
    "parataxis":{
      "p":0.0,
      "r":0.0,
      "f":0.0
    },
    "advcl":{
      "p":0.0,
      "r":0.0,
      "f":0.0
    },
    "iobj":{
      "p":0.5,
      "r":0.0769230769,
      "f":0.1333333333
    },
    "dislocated":{
      "p":0.3333333333,
      "r":0.2,
      "f":0.25
    },
    "acl":{
      "p":0.8333333333,
      "r":0.5,
      "f":0.625
    },
    "det":{
      "p":0.8,
      "r":0.5333333333,
      "f":0.64
    },
    "discourse":{
      "p":0.5555555556,
      "r":0.5,
      "f":0.5263157895
    },
    "ccomp":{
      "p":0.6666666667,
      "r":0.3333333333,
      "f":0.4444444444
    },
    "nummod":{
      "p":1.0,
      "r":0.9090909091,
      "f":0.9523809524
    },
    "mark":{
      "p":0.7,
      "r":0.6363636364,
      "f":0.6666666667
    },
    "nmod:poss":{
      "p":0.6,
      "r":0.8571428571,
      "f":0.7058823529
    },
    "cop":{
      "p":0.0,
      "r":0.0,
      "f":0.0
    },
    "fixed":{
      "p":0.6666666667,
      "r":0.6666666667,
      "f":0.6666666667
    }
  },
  "speed":17513.058897309
}