{
  "token_acc":0.9923076923,
  "token_p":0.9802424787,
  "token_r":0.952443281,
  "token_f":0.966142952,
  "lemma_acc":0.9333333333,
  "sents_p":0.7953321364,
  "sents_r":0.8003613369,
  "sents_f":0.7978388113,
  "dep_uas":0.7953035002,
  "dep_las":0.3969871511,
  "dep_las_per_type":{
    "case":{
      "p":0.9468599034,
      "r":0.9333333333,
      "f":0.9400479616
    },
    "root":{
      "p":0.1112132353,
      "r":0.7756410256,
      "f":0.1945337621
    },
    "appos":{
      "p":0.96,
      "r":0.932038835,
      "f":0.9458128079
    },
    "nsubj":{
      "p":0.6511627907,
      "r":0.65625,
      "f":0.6536964981
    },
    "advmod":{
      "p":0.8793103448,
      "r":0.9622641509,
      "f":0.9189189189
    },
    "cc":{
      "p":0.8181818182,
      "r":0.9,
      "f":0.8571428571
    },
    "conj":{
      "p":0.5058823529,
      "r":0.5058823529,
      "f":0.5058823529
    },
    "obl":{
      "p":0.59375,
      "r":0.686746988,
      "f":0.6368715084
    },
    "nmod":{
      "p":0.6213592233,
      "r":0.6597938144,
      "f":0.64
    },
    "_":{
      "p":0.0,
      "r":0.0,
      "f":0.0
    },
    "obj":{
      "p":0.4769230769,
      "r":0.3734939759,
      "f":0.4189189189
    },
    "dislocated":{
      "p":0.4,
      "r":0.1818181818,
      "f":0.25
    },
    "acl":{
      "p":0.5,
      "r":0.5238095238,
      "f":0.511627907
    },
    "nummod":{
      "p":0.8571428571,
      "r":0.9375,
      "f":0.8955223881
    },
    "dep":{
      "p":0.0,
      "r":0.0,
      "f":0.0
    },
    "discourse":{
      "p":0.4516129032,
      "r":0.4666666667,
      "f":0.4590163934
    },
    "amod":{
      "p":0.75,
      "r":0.8076923077,
      "f":0.7777777778
    },
    "ccomp":{
      "p":0.3684210526,
      "r":0.4375,
      "f":0.4
    },
    "advcl":{
      "p":0.3636363636,
      "r":0.3636363636,
      "f":0.3636363636
    },
    "iobj":{
      "p":0.8,
      "r":0.4444444444,
      "f":0.5714285714
    },
    "nmod:poss":{
      "p":0.8055555556,
      "r":0.7435897436,
      "f":0.7733333333
    },
    "det":{
      "p":0.2727272727,
      "r":0.25,
      "f":0.2608695652
    },
    "mark":{
      "p":0.8888888889,
      "r":0.5333333333,
      "f":0.6666666667
    },
    "fixed":{
      "p":0.6666666667,
      "r":0.3333333333,
      "f":0.4444444444
    },
    "list":{
      "p":0.0,
      "r":0.0,
      "f":0.0
    },
    "parataxis":{
      "p":0.0,
      "r":0.0,
      "f":0.0
    },
    "acl:relcl":{
      "p":1.0,
      "r":1.0,
      "f":1.0
    }
  },
  "tag_acc":0.6382503905,
  "pos_acc":0.9349192101,
  "morph_acc":0.8205357143,
  "morph_micro_p":0.8865494179,
  "morph_micro_r":0.8503207413,
  "morph_micro_f":0.8680572399,
  "morph_per_feat":{
    "Case":{
      "p":0.8359511344,
      "r":0.8063973064,
      "f":0.8209083119
    },
    "Gender":{
      "p":0.9447004608,
      "r":0.9010989011,
      "f":0.9223847019
    },
    "Number":{
      "p":0.9309133489,
      "r":0.8882681564,
      "f":0.9090909091
    },
    "PossSuffGen":{
      "p":0.8515625,
      "r":0.8790322581,
      "f":0.8650793651
    },
    "PossSuffNum":{
      "p":0.9714285714,
      "r":0.9189189189,
      "f":0.9444444444
    },
    "PossSuffPer":{
      "p":0.9642857143,
      "r":0.9121621622,
      "f":0.9375
    },
    "Mood":{
      "p":0.9275362319,
      "r":0.8930232558,
      "f":0.9099526066
    },
    "Person":{
      "p":0.875,
      "r":0.8493723849,
      "f":0.8619957537
    },
    "VerbForm":{
      "p":0.9095744681,
      "r":0.842364532,
      "f":0.8746803069
    },
    "VerbStem":{
      "p":0.8651162791,
      "r":0.8340807175,
      "f":0.8493150685
    },
    "Tense":{
      "p":0.7222222222,
      "r":0.6923076923,
      "f":0.7069486405
    },
    "Ventive":{
      "p":0.7419354839,
      "r":0.7419354839,
      "f":0.7419354839
    },
    "PronType":{
      "p":0.0,
      "r":0.0,
      "f":0.0
    },
    "SubSuff":{
      "p":0.875,
      "r":0.7777777778,
      "f":0.8235294118
    },
    "Subordinative":{
      "p":0.8095238095,
      "r":0.6071428571,
      "f":0.693877551
    },
    "NounStem":{
      "p":0.8285714286,
      "r":0.6590909091,
      "f":0.7341772152
    },
    "Focus":{
      "p":0.75,
      "r":0.6,
      "f":0.6666666667
    },
    "NounBase":{
      "p":0.7142857143,
      "r":0.6578947368,
      "f":0.6849315068
    },
    "VerbSuffGen":{
      "p":0.5185185185,
      "r":0.7,
      "f":0.5957446809
    },
    "VerbSuffNum":{
      "p":0.6296296296,
      "r":0.7083333333,
      "f":0.6666666667
    },
    "VerbSuffPer":{
      "p":0.6296296296,
      "r":0.7083333333,
      "f":0.6666666667
    },
    "PrepSuffGen":{
      "p":1.0,
      "r":1.0,
      "f":1.0
    },
    "PrepSuffNum":{
      "p":1.0,
      "r":1.0,
      "f":1.0
    },
    "PrepSuffPer":{
      "p":1.0,
      "r":0.5,
      "f":0.6666666667
    },
    "PresSuffPer":{
      "p":0.5,
      "r":1.0,
      "f":0.6666666667
    },
    "PossSufNum":{
      "p":0.0,
      "r":0.0,
      "f":0.0
    },
    "PossSufPer":{
      "p":0.0,
      "r":0.0,
      "f":0.0
    },
    "NounState":{
      "p":0.0,
      "r":0.0,
      "f":0.0
    },
    "Voice":{
      "p":0.0,
      "r":0.0,
      "f":0.0
    }
  },
  "speed":8446.0756750317
}