{
  "token_acc":0.9824561404,
  "token_p":0.9587559162,
  "token_r":0.8986058302,
  "token_f":0.9277069022,
  "lemma_acc":0.8942115768,
  "pos_acc":0.867823765,
  "morph_acc":0.7257580806,
  "morph_micro_p":0.8540517607,
  "morph_micro_r":0.6734693878,
  "morph_micro_f":0.7530864198,
  "morph_per_feat":{
    "Case":{
      "p":0.8356164384,
      "r":0.6777777778,
      "f":0.7484662577
    },
    "Gender":{
      "p":0.9266211604,
      "r":0.7973568282,
      "f":0.8571428571
    },
    "Number":{
      "p":0.901754386,
      "r":0.7717717718,
      "f":0.8317152104
    },
    "Mood":{
      "p":0.8227848101,
      "r":0.4513888889,
      "f":0.5829596413
    },
    "Person":{
      "p":0.7444444444,
      "r":0.4110429448,
      "f":0.5296442688
    },
    "Tense":{
      "p":0.5,
      "r":0.2952380952,
      "f":0.371257485
    },
    "Ventive":{
      "p":0.5714285714,
      "r":0.2162162162,
      "f":0.3137254902
    },
    "VerbForm":{
      "p":0.8378378378,
      "r":0.480620155,
      "f":0.6108374384
    },
    "VerbStem":{
      "p":0.7738095238,
      "r":0.4304635762,
      "f":0.5531914894
    },
    "VerbSuffGen":{
      "p":0.3846153846,
      "r":0.5,
      "f":0.4347826087
    },
    "VerbSuffNum":{
      "p":0.3846153846,
      "r":0.5,
      "f":0.4347826087
    },
    "VerbSuffPer":{
      "p":0.3076923077,
      "r":0.4,
      "f":0.347826087
    },
    "PossSuffGen":{
      "p":0.8666666667,
      "r":0.9176470588,
      "f":0.8914285714
    },
    "PossSuffNum":{
      "p":0.9347826087,
      "r":0.9247311828,
      "f":0.9297297297
    },
    "PossSuffPer":{
      "p":0.9347826087,
      "r":0.9247311828,
      "f":0.9297297297
    },
    "NounBase":{
      "p":0.8571428571,
      "r":0.6,
      "f":0.7058823529
    },
    "NounStem":{
      "p":0.6363636364,
      "r":0.6086956522,
      "f":0.6222222222
    },
    "Subordinative":{
      "p":0.3333333333,
      "r":0.25,
      "f":0.2857142857
    },
    "PrepSuffGen":{
      "p":1.0,
      "r":1.0,
      "f":1.0
    },
    "PrepSuffNum":{
      "p":1.0,
      "r":1.0,
      "f":1.0
    },
    "PresSuffPer":{
      "p":1.0,
      "r":1.0,
      "f":1.0
    },
    "SubSuff":{
      "p":0.3636363636,
      "r":0.2105263158,
      "f":0.2666666667
    },
    "Focus":{
      "p":1.0,
      "r":0.6,
      "f":0.75
    },
    "PossSufNum":{
      "p":1.0,
      "r":1.0,
      "f":1.0
    },
    "PossSufPer":{
      "p":1.0,
      "r":1.0,
      "f":1.0
    },
    "PrepSuffPer":{
      "p":1.0,
      "r":1.0,
      "f":1.0
    },
    "NounState":{
      "p":0.0,
      "r":0.0,
      "f":0.0
    },
    "number":{
      "p":0.0,
      "r":0.0,
      "f":0.0
    },
    "Voice":{
      "p":0.0,
      "r":0.0,
      "f":0.0
    }
  },
  "tag_acc":0.5366666667,
  "sents_p":0.7728026534,
  "sents_r":0.6221628838,
  "sents_f":0.6893491124,
  "dep_uas":0.7863695937,
  "dep_las":0.4606815203,
  "dep_las_per_type":{
    "_":{
      "p":0.0,
      "r":0.0,
      "f":0.0
    },
    "case":{
      "p":0.9487179487,
      "r":0.9548387097,
      "f":0.9517684887
    },
    "obl":{
      "p":0.6375,
      "r":0.7391304348,
      "f":0.6845637584
    },
    "root":{
      "p":0.1734513274,
      "r":0.7903225806,
      "f":0.2844702467
    },
    "nmod:poss":{
      "p":0.8857142857,
      "r":0.7380952381,
      "f":0.8051948052
    },
    "advmod":{
      "p":0.8181818182,
      "r":0.8571428571,
      "f":0.8372093023
    },
    "dep":{
      "p":0.0,
      "r":0.0,
      "f":0.0
    },
    "nmod":{
      "p":0.65,
      "r":0.5492957746,
      "f":0.5954198473
    },
    "obj":{
      "p":0.4042553191,
      "r":0.3958333333,
      "f":0.4
    },
    "nsubj":{
      "p":0.7340425532,
      "r":0.6831683168,
      "f":0.7076923077
    },
    "appos":{
      "p":0.9651162791,
      "r":0.9651162791,
      "f":0.9651162791
    },
    "acl":{
      "p":0.3333333333,
      "r":0.4444444444,
      "f":0.380952381
    },
    "discourse":{
      "p":0.53125,
      "r":0.5862068966,
      "f":0.5573770492
    },
    "ccomp":{
      "p":0.1578947368,
      "r":0.375,
      "f":0.2222222222
    },
    "conj":{
      "p":0.5862068966,
      "r":0.6710526316,
      "f":0.6257668712
    },
    "nummod":{
      "p":0.8518518519,
      "r":0.8214285714,
      "f":0.8363636364
    },
    "fixed":{
      "p":0.3333333333,
      "r":0.25,
      "f":0.2857142857
    },
    "amod":{
      "p":0.75,
      "r":0.8571428571,
      "f":0.8
    },
    "iobj":{
      "p":0.0,
      "r":0.0,
      "f":0.0
    },
    "advcl":{
      "p":0.2,
      "r":0.25,
      "f":0.2222222222
    },
    "det":{
      "p":1.0,
      "r":0.375,
      "f":0.5454545455
    },
    "dislocated":{
      "p":0.0,
      "r":0.0,
      "f":0.0
    },
    "cc":{
      "p":0.25,
      "r":0.25,
      "f":0.25
    },
    "mark":{
      "p":0.75,
      "r":0.6,
      "f":0.6666666667
    },
    "advmod:emph":{
      "p":1.0,
      "r":0.75,
      "f":0.8571428571
    },
    "parataxis":{
      "p":0.0,
      "r":0.0,
      "f":0.0
    },
    "acl:relcl":{
      "p":1.0,
      "r":1.0,
      "f":1.0
    }
  },
  "speed":5054.8527569373
}