{
  "token_acc":0.9934782609,
  "token_p":0.9854211663,
  "token_r":0.9681697613,
  "token_f":0.9767192936,
  "tag_acc":0.9476524555,
  "pos_acc":0.9745533297,
  "morph_acc":0.8981681034,
  "morph_micro_p":0.9967093236,
  "morph_micro_r":0.9816348578,
  "morph_micro_f":0.9891146589,
  "morph_per_feat":{
    "Case":{
      "p":0.9975609756,
      "r":0.9784688995,
      "f":0.9879227053
    },
    "Gender":{
      "p":0.9982964225,
      "r":0.9750415973,
      "f":0.9865319865
    },
    "Number":{
      "p":0.9965753425,
      "r":0.9797979798,
      "f":0.9881154499
    },
    "PossSuffNum":{
      "p":0.9866666667,
      "r":1.0,
      "f":0.9932885906
    },
    "PossSuffPer":{
      "p":0.9866666667,
      "r":1.0,
      "f":0.9932885906
    },
    "PossSufNum":{
      "p":1.0,
      "r":0.5,
      "f":0.6666666667
    },
    "PossSufPer":{
      "p":1.0,
      "r":0.5,
      "f":0.6666666667
    },
    "NounBase":{
      "p":1.0,
      "r":0.8571428571,
      "f":0.9230769231
    },
    "Mood":{
      "p":1.0,
      "r":1.0,
      "f":1.0
    },
    "Person":{
      "p":1.0,
      "r":1.0,
      "f":1.0
    },
    "Tense":{
      "p":1.0,
      "r":1.0,
      "f":1.0
    },
    "VerbForm":{
      "p":1.0,
      "r":1.0,
      "f":1.0
    },
    "VerbStem":{
      "p":1.0,
      "r":1.0,
      "f":1.0
    },
    "Subordinative":{
      "p":1.0,
      "r":1.0,
      "f":1.0
    },
    "Ventive":{
      "p":1.0,
      "r":1.0,
      "f":1.0
    },
    "VerbSuffNum":{
      "p":1.0,
      "r":1.0,
      "f":1.0
    },
    "VerbSuffPer":{
      "p":0.9,
      "r":0.9,
      "f":0.9
    },
    "NounSuffNum":{
      "p":1.0,
      "r":1.0,
      "f":1.0
    },
    "NounSuffPer":{
      "p":1.0,
      "r":1.0,
      "f":1.0
    },
    "PrepSuffGen":{
      "p":1.0,
      "r":1.0,
      "f":1.0
    },
    "PrepSuffNum":{
      "p":1.0,
      "r":1.0,
      "f":1.0
    },
    "PresSuffPer":{
      "p":1.0,
      "r":1.0,
      "f":1.0
    },
    "PossSuffGen":{
      "p":0.984375,
      "r":0.984375,
      "f":0.984375
    },
    "Focus":{
      "p":1.0,
      "r":1.0,
      "f":1.0
    },
    "VerbSuffGen":{
      "p":1.0,
      "r":1.0,
      "f":1.0
    },
    "NounStem":{
      "p":1.0,
      "r":1.0,
      "f":1.0
    },
    "SubSuff":{
      "p":0.9411764706,
      "r":0.9411764706,
      "f":0.9411764706
    },
    "PrepSuffPer":{
      "p":1.0,
      "r":1.0,
      "f":1.0
    },
    "NounState":{
      "p":1.0,
      "r":1.0,
      "f":1.0
    },
    "number":{
      "p":1.0,
      "r":1.0,
      "f":1.0
    }
  },
  "lemma_acc":0.9458658766,
  "sents_p":0.8975501114,
  "sents_r":0.8896247241,
  "sents_f":0.8935698448,
  "dep_uas":0.9041755889,
  "dep_las":0.52248394,
  "dep_las_per_type":{
    "_":{
      "p":0.0,
      "r":0.0,
      "f":0.0
    },
    "case":{
      "p":0.9695431472,
      "r":0.9646464646,
      "f":0.9670886076
    },
    "root":{
      "p":0.1631046119,
      "r":0.9294871795,
      "f":0.2775119617
    },
    "appos":{
      "p":1.0,
      "r":0.9431818182,
      "f":0.9707602339
    },
    "nsubj":{
      "p":0.947826087,
      "r":0.8320610687,
      "f":0.8861788618
    },
    "advmod":{
      "p":0.8936170213,
      "r":0.84,
      "f":0.8659793814
    },
    "nmod":{
      "p":0.9175257732,
      "r":0.7946428571,
      "f":0.8516746411
    },
    "nummod":{
      "p":0.96875,
      "r":0.96875,
      "f":0.96875
    },
    "dep":{
      "p":0.0625,
      "r":1.0,
      "f":0.1176470588
    },
    "obl":{
      "p":0.8933333333,
      "r":0.8701298701,
      "f":0.8815789474
    },
    "discourse":{
      "p":0.8214285714,
      "r":0.696969697,
      "f":0.7540983607
    },
    "dislocated":{
      "p":0.75,
      "r":0.5,
      "f":0.6
    },
    "obj":{
      "p":0.8524590164,
      "r":0.8813559322,
      "f":0.8666666667
    },
    "null":{
      "p":0.0,
      "r":0.0,
      "f":0.0
    },
    "ccomp":{
      "p":0.7,
      "r":0.7777777778,
      "f":0.7368421053
    },
    "fixed":{
      "p":0.6,
      "r":0.3,
      "f":0.4
    },
    "iobj":{
      "p":1.0,
      "r":1.0,
      "f":1.0
    },
    "conj":{
      "p":0.8888888889,
      "r":0.8205128205,
      "f":0.8533333333
    },
    "amod":{
      "p":1.0,
      "r":1.0,
      "f":1.0
    },
    "det":{
      "p":1.0,
      "r":0.8,
      "f":0.8888888889
    },
    "nmod:poss":{
      "p":1.0,
      "r":0.4375,
      "f":0.6086956522
    },
    "cc":{
      "p":1.0,
      "r":1.0,
      "f":1.0
    },
    "mark":{
      "p":0.9,
      "r":0.8181818182,
      "f":0.8571428571
    },
    "advmod:emph":{
      "p":1.0,
      "r":1.0,
      "f":1.0
    },
    "acl":{
      "p":0.8571428571,
      "r":0.6,
      "f":0.7058823529
    },
    "parataxis":{
      "p":1.0,
      "r":0.8,
      "f":0.8888888889
    },
    "advcl":{
      "p":0.8,
      "r":0.4,
      "f":0.5333333333
    },
    "aux":{
      "p":0.0,
      "r":0.0,
      "f":0.0
    }
  },
  "speed":16948.8876112948
}