{
  "token_acc":0.994833255,
  "token_p":0.985046729,
  "token_r":0.9669724771,
  "token_f":0.9759259259,
  "lemma_acc":0.9153094463,
  "tag_acc":0.85814116,
  "pos_acc":0.9316741019,
  "morph_acc":0.798509201,
  "morph_micro_p":0.8473895582,
  "morph_micro_r":0.8157216495,
  "morph_micro_f":0.8312541037,
  "morph_per_feat":{
    "Case":{
      "p":0.8336448598,
      "r":0.7495798319,
      "f":0.789380531
    },
    "Gender":{
      "p":0.9148681055,
      "r":0.8650793651,
      "f":0.8892773893
    },
    "Number":{
      "p":0.9181929182,
      "r":0.8633754305,
      "f":0.8899408284
    },
    "PossSuffNum":{
      "p":0.9107142857,
      "r":0.8360655738,
      "f":0.8717948718
    },
    "PossSuffPer":{
      "p":0.9196428571,
      "r":0.8512396694,
      "f":0.8841201717
    },
    "NounStem":{
      "p":0.6511627907,
      "r":0.5283018868,
      "f":0.5833333333
    },
    "Mood":{
      "p":0.8736263736,
      "r":0.868852459,
      "f":0.8712328767
    },
    "Person":{
      "p":0.8168316832,
      "r":0.7971014493,
      "f":0.8068459658
    },
    "Tense":{
      "p":0.6838235294,
      "r":0.6503496503,
      "f":0.6666666667
    },
    "VerbForm":{
      "p":0.8117647059,
      "r":0.8518518519,
      "f":0.8313253012
    },
    "VerbStem":{
      "p":0.8341968912,
      "r":0.8385416667,
      "f":0.8363636364
    },
    "PossSuffGen":{
      "p":0.7264150943,
      "r":0.8369565217,
      "f":0.7777777778
    },
    "NounBase":{
      "p":0.6385542169,
      "r":0.7361111111,
      "f":0.6838709677
    },
    "Ventive":{
      "p":0.8113207547,
      "r":0.7288135593,
      "f":0.7678571429
    },
    "SubSuff":{
      "p":0.7941176471,
      "r":0.7941176471,
      "f":0.7941176471
    },
    "Subordinative":{
      "p":0.7,
      "r":0.6363636364,
      "f":0.6666666667
    },
    "VerbSuffGen":{
      "p":0.3,
      "r":0.6,
      "f":0.4
    },
    "VerbSuffNum":{
      "p":0.4,
      "r":0.6,
      "f":0.48
    },
    "VerbSuffPer":{
      "p":0.4,
      "r":0.6,
      "f":0.48
    },
    "Voice":{
      "p":0.0,
      "r":0.0,
      "f":0.0
    },
    "Focus":{
      "p":1.0,
      "r":1.0,
      "f":1.0
    },
    "PossSufNum":{
      "p":0.0,
      "r":0.0,
      "f":0.0
    },
    "PossSufPer":{
      "p":0.0,
      "r":0.0,
      "f":0.0
    },
    "NounState":{
      "p":1.0,
      "r":0.5,
      "f":0.6666666667
    },
    "PronType":{
      "p":0.0,
      "r":0.0,
      "f":0.0
    },
    "verbForm":{
      "p":0.0,
      "r":0.0,
      "f":0.0
    },
    "PrepSuffGen":{
      "p":1.0,
      "r":1.0,
      "f":1.0
    },
    "PrepSuffNum":{
      "p":1.0,
      "r":1.0,
      "f":1.0
    },
    "PrepSuffPer":{
      "p":1.0,
      "r":1.0,
      "f":1.0
    }
  },
  "sents_p":0.7615830116,
  "sents_r":0.789,
  "sents_f":0.7750491159,
  "dep_uas":0.7758980301,
  "dep_las":0.3879490151,
  "dep_las_per_type":{
    "_":{
      "p":0.0,
      "r":0.0,
      "f":0.0
    },
    "case":{
      "p":0.8608247423,
      "r":0.8652849741,
      "f":0.8630490956
    },
    "root":{
      "p":0.1009803922,
      "r":0.786259542,
      "f":0.1789748045
    },
    "appos":{
      "p":0.9387755102,
      "r":0.9292929293,
      "f":0.9340101523
    },
    "nsubj":{
      "p":0.6525423729,
      "r":0.6260162602,
      "f":0.6390041494
    },
    "advmod":{
      "p":0.7068965517,
      "r":0.8039215686,
      "f":0.752293578
    },
    "obj":{
      "p":0.5714285714,
      "r":0.4266666667,
      "f":0.4885496183
    },
    "nmod":{
      "p":0.5964912281,
      "r":0.6126126126,
      "f":0.6044444444
    },
    "fixed":{
      "p":0.25,
      "r":0.0625,
      "f":0.1
    },
    "acl":{
      "p":0.347826087,
      "r":0.4444444444,
      "f":0.3902439024
    },
    "nummod":{
      "p":0.9230769231,
      "r":0.8888888889,
      "f":0.9056603774
    },
    "conj":{
      "p":0.5581395349,
      "r":0.5393258427,
      "f":0.5485714286
    },
    "dislocated":{
      "p":0.3333333333,
      "r":0.1111111111,
      "f":0.1666666667
    },
    "dep":{
      "p":0.05,
      "r":0.3333333333,
      "f":0.0869565217
    },
    "iobj":{
      "p":0.3333333333,
      "r":0.1538461538,
      "f":0.2105263158
    },
    "discourse":{
      "p":0.5833333333,
      "r":0.5384615385,
      "f":0.56
    },
    "obl":{
      "p":0.51,
      "r":0.7183098592,
      "f":0.5964912281
    },
    "mark":{
      "p":0.75,
      "r":0.6,
      "f":0.6666666667
    },
    "advcl":{
      "p":0.5,
      "r":0.375,
      "f":0.4285714286
    },
    "amod":{
      "p":0.75,
      "r":0.724137931,
      "f":0.7368421053
    },
    "parataxis":{
      "p":0.0,
      "r":0.0,
      "f":0.0
    },
    "nmod:poss":{
      "p":0.8857142857,
      "r":0.8157894737,
      "f":0.8493150685
    },
    "ccomp":{
      "p":0.2272727273,
      "r":0.3125,
      "f":0.2631578947
    },
    "det":{
      "p":0.7142857143,
      "r":0.625,
      "f":0.6666666667
    },
    "cc":{
      "p":0.6,
      "r":0.6,
      "f":0.6
    },
    "cop":{
      "p":0.0,
      "r":0.0,
      "f":0.0
    },
    "list":{
      "p":0.0,
      "r":0.0,
      "f":0.0
    },
    "advmod:emph":{
      "p":0.0,
      "r":0.0,
      "f":0.0
    },
    "acl:relcl":{
      "p":1.0,
      "r":1.0,
      "f":1.0
    }
  },
  "speed":5110.5016669413
}