{
  "token_acc":0.9993476843,
  "token_p":0.998696219,
  "token_r":0.9960988296,
  "token_f":0.9973958333,
  "tag_acc":0.8833876221,
  "pos_acc":0.9394136808,
  "morph_acc":0.7583061889,
  "morph_micro_p":0.8359673025,
  "morph_micro_r":0.7666166917,
  "morph_micro_f":0.7997914494,
  "morph_per_feat":{
    "Case":{
      "p":0.8412162162,
      "r":0.8110749186,
      "f":0.8258706468
    },
    "Gender":{
      "p":0.9044117647,
      "r":0.8723404255,
      "f":0.8880866426
    },
    "Number":{
      "p":0.8746928747,
      "r":0.841607565,
      "f":0.8578313253
    },
    "PossSuffGen":{
      "p":0.75,
      "r":0.703125,
      "f":0.7258064516
    },
    "PossSuffNum":{
      "p":0.8405797101,
      "r":0.8055555556,
      "f":0.8226950355
    },
    "PossSuffPer":{
      "p":0.8985507246,
      "r":0.8611111111,
      "f":0.8794326241
    },
    "Mood":{
      "p":0.8837209302,
      "r":0.7102803738,
      "f":0.7875647668
    },
    "Person":{
      "p":0.8172043011,
      "r":0.6666666667,
      "f":0.7342995169
    },
    "VerbStem":{
      "p":0.8202247191,
      "r":0.6576576577,
      "f":0.73
    },
    "VerbForm":{
      "p":0.8571428571,
      "r":0.6804123711,
      "f":0.7586206897
    },
    "NounBase":{
      "p":0.32,
      "r":0.6153846154,
      "f":0.4210526316
    },
    "Tense":{
      "p":0.609375,
      "r":0.4814814815,
      "f":0.5379310345
    },
    "PossSufNum":{
      "p":1.0,
      "r":1.0,
      "f":1.0
    },
    "PossSufPer":{
      "p":1.0,
      "r":1.0,
      "f":1.0
    },
    "Ventive":{
      "p":0.8,
      "r":0.5714285714,
      "f":0.6666666667
    },
    "NounStem":{
      "p":0.8571428571,
      "r":0.6428571429,
      "f":0.7346938776
    },
    "Voice":{
      "p":0.0,
      "r":0.0,
      "f":0.0
    },
    "SubSuff":{
      "p":0.9166666667,
      "r":0.6875,
      "f":0.7857142857
    },
    "VerbSuffGen":{
      "p":0.5,
      "r":0.3,
      "f":0.375
    },
    "VerbSuffNum":{
      "p":0.1666666667,
      "r":0.1,
      "f":0.125
    },
    "VerbSuffPer":{
      "p":0.3333333333,
      "r":0.2,
      "f":0.25
    },
    "Subordinative":{
      "p":0.1538461538,
      "r":0.3333333333,
      "f":0.2105263158
    },
    "Focus":{
      "p":0.0,
      "r":0.0,
      "f":0.0
    },
    "PrepSuffGen":{
      "p":0.5,
      "r":1.0,
      "f":0.6666666667
    },
    "PrepSuffNum":{
      "p":0.5,
      "r":1.0,
      "f":0.6666666667
    },
    "PresSuffPer":{
      "p":0.0,
      "r":0.0,
      "f":0.0
    },
    "Subordinate":{
      "p":0.0,
      "r":0.0,
      "f":0.0
    }
  },
  "lemma_acc":0.9980456026,
  "sents_p":0.6852589641,
  "sents_r":0.7577092511,
  "sents_f":0.719665272,
  "dep_uas":0.80078125,
  "dep_las":0.55859375,
  "dep_las_per_type":{
    "case":{
      "p":0.9818181818,
      "r":0.9642857143,
      "f":0.972972973
    },
    "root":{
      "p":0.2111553785,
      "r":0.7910447761,
      "f":0.3333333333
    },
    "appos":{
      "p":0.9583333333,
      "r":0.9387755102,
      "f":0.9484536082
    },
    "nsubj":{
      "p":0.6949152542,
      "r":0.6721311475,
      "f":0.6833333333
    },
    "_":{
      "p":0.0,
      "r":0.0,
      "f":0.0
    },
    "advmod":{
      "p":0.8823529412,
      "r":0.8823529412,
      "f":0.8823529412
    },
    "conj":{
      "p":0.4482758621,
      "r":0.3095238095,
      "f":0.3661971831
    },
    "obl":{
      "p":0.6212121212,
      "r":0.6507936508,
      "f":0.6356589147
    },
    "obj":{
      "p":0.4705882353,
      "r":0.4324324324,
      "f":0.4507042254
    },
    "det":{
      "p":1.0,
      "r":0.3333333333,
      "f":0.5
    },
    "nmod":{
      "p":0.7719298246,
      "r":0.7719298246,
      "f":0.7719298246
    },
    "nmod:poss":{
      "p":0.25,
      "r":0.25,
      "f":0.25
    },
    "amod":{
      "p":0.8888888889,
      "r":1.0,
      "f":0.9411764706
    },
    "ccomp":{
      "p":0.5,
      "r":0.2727272727,
      "f":0.3529411765
    },
    "cc":{
      "p":0.6666666667,
      "r":0.6666666667,
      "f":0.6666666667
    },
    "dep":{
      "p":0.0476190476,
      "r":0.25,
      "f":0.08
    },
    "nummod":{
      "p":0.875,
      "r":0.875,
      "f":0.875
    },
    "dislocated":{
      "p":0.5,
      "r":0.1,
      "f":0.1666666667
    },
    "discourse":{
      "p":0.6363636364,
      "r":0.6363636364,
      "f":0.6363636364
    },
    "mark":{
      "p":0.25,
      "r":0.25,
      "f":0.25
    },
    "advcl":{
      "p":1.0,
      "r":0.3333333333,
      "f":0.5
    },
    "iobj":{
      "p":0.0,
      "r":0.0,
      "f":0.0
    },
    "advmod:emph":{
      "p":0.0,
      "r":0.0,
      "f":0.0
    },
    "acl":{
      "p":0.5714285714,
      "r":0.5,
      "f":0.5333333333
    },
    "fixed":{
      "p":0.0,
      "r":0.0,
      "f":0.0
    },
    "parataxis":{
      "p":0.0,
      "r":0.0,
      "f":0.0
    }
  },
  "speed":16974.0962484641
}