{
  "token_acc":0.9923423423,
  "token_p":0.9803308002,
  "token_r":0.9493506494,
  "token_f":0.9645920387,
  "lemma_acc":0.8978506537,
  "pos_acc":0.8939292862,
  "morph_acc":0.7613132209,
  "morph_micro_p":0.8695125643,
  "morph_micro_r":0.6808914177,
  "morph_micro_f":0.7637282276,
  "morph_per_feat":{
    "Gender":{
      "p":0.947815534,
      "r":0.8101659751,
      "f":0.8736017897
    },
    "Mood":{
      "p":0.8073394495,
      "r":0.4559585492,
      "f":0.582781457
    },
    "Number":{
      "p":0.9238329238,
      "r":0.7949260042,
      "f":0.8545454545
    },
    "Person":{
      "p":0.781512605,
      "r":0.4407582938,
      "f":0.5636363636
    },
    "Tense":{
      "p":0.7666666667,
      "r":0.4259259259,
      "f":0.5476190476
    },
    "Ventive":{
      "p":0.6923076923,
      "r":0.1636363636,
      "f":0.2647058824
    },
    "VerbForm":{
      "p":0.8282828283,
      "r":0.453038674,
      "f":0.5857142857
    },
    "VerbStem":{
      "p":0.8034188034,
      "r":0.4676616915,
      "f":0.5911949686
    },
    "Case":{
      "p":0.8178438662,
      "r":0.6432748538,
      "f":0.7201309329
    },
    "NounStem":{
      "p":0.9743589744,
      "r":0.5846153846,
      "f":0.7307692308
    },
    "PossSuffGen":{
      "p":0.880952381,
      "r":0.874015748,
      "f":0.8774703557
    },
    "PossSuffNum":{
      "p":0.9407407407,
      "r":0.9407407407,
      "f":0.9407407407
    },
    "PossSuffPer":{
      "p":0.9259259259,
      "r":0.9259259259,
      "f":0.9259259259
    },
    "NounBase":{
      "p":0.5866666667,
      "r":0.862745098,
      "f":0.6984126984
    },
    "SubSuff":{
      "p":0.5833333333,
      "r":0.1891891892,
      "f":0.2857142857
    },
    "Subordinative":{
      "p":0.4166666667,
      "r":0.1612903226,
      "f":0.2325581395
    },
    "SubSuffix":{
      "p":0.0,
      "r":0.0,
      "f":0.0
    },
    "Focus":{
      "p":1.0,
      "r":0.5,
      "f":0.6666666667
    },
    "VerbSuffGen":{
      "p":0.0769230769,
      "r":0.125,
      "f":0.0952380952
    },
    "VerbSuffNum":{
      "p":0.0769230769,
      "r":0.125,
      "f":0.0952380952
    },
    "VerbSuffPer":{
      "p":0.0769230769,
      "r":0.125,
      "f":0.0952380952
    },
    "PossSufNum":{
      "p":0.0,
      "r":0.0,
      "f":0.0
    },
    "PossSufPer":{
      "p":0.0,
      "r":0.0,
      "f":0.0
    },
    "PrepSuffGen":{
      "p":1.0,
      "r":0.5,
      "f":0.6666666667
    },
    "PrepSuffNum":{
      "p":1.0,
      "r":0.5,
      "f":0.6666666667
    },
    "PresSuffPer":{
      "p":1.0,
      "r":0.5,
      "f":0.6666666667
    },
    "Voice":{
      "p":0.0,
      "r":0.0,
      "f":0.0
    },
    "PronType":{
      "p":0.0,
      "r":0.0,
      "f":0.0
    }
  },
  "tag_acc":0.5300510091,
  "sents_p":0.8394815553,
  "sents_r":0.7471162378,
  "sents_f":0.7906103286,
  "dep_uas":0.7943637164,
  "dep_las":0.4077498899,
  "dep_las_per_type":{
    "_":{
      "p":0.0,
      "r":0.0,
      "f":0.0
    },
    "root":{
      "p":0.1150712831,
      "r":0.8308823529,
      "f":0.2021466905
    },
    "case":{
      "p":0.8616071429,
      "r":0.9146919431,
      "f":0.8873563218
    },
    "nmod":{
      "p":0.671875,
      "r":0.5972222222,
      "f":0.6323529412
    },
    "appos":{
      "p":0.9469026549,
      "r":0.9385964912,
      "f":0.9427312775
    },
    "nsubj":{
      "p":0.6771653543,
      "r":0.5972222222,
      "f":0.6346863469
    },
    "advmod":{
      "p":0.7605633803,
      "r":0.7826086957,
      "f":0.7714285714
    },
    "nummod":{
      "p":0.7619047619,
      "r":0.9411764706,
      "f":0.8421052632
    },
    "amod":{
      "p":0.84,
      "r":0.724137931,
      "f":0.7777777778
    },
    "conj":{
      "p":0.4347826087,
      "r":0.5128205128,
      "f":0.4705882353
    },
    "iobj":{
      "p":0.6428571429,
      "r":0.4090909091,
      "f":0.5
    },
    "nmod:poss":{
      "p":0.7567567568,
      "r":1.0,
      "f":0.8615384615
    },
    "obj":{
      "p":0.4933333333,
      "r":0.4743589744,
      "f":0.4836601307
    },
    "dislocated":{
      "p":0.0,
      "r":0.0,
      "f":0.0
    },
    "discourse":{
      "p":0.64,
      "r":0.5925925926,
      "f":0.6153846154
    },
    "obl":{
      "p":0.4615384615,
      "r":0.65625,
      "f":0.5419354839
    },
    "acl":{
      "p":0.6875,
      "r":0.44,
      "f":0.5365853659
    },
    "ccomp":{
      "p":0.5384615385,
      "r":0.4666666667,
      "f":0.5
    },
    "det":{
      "p":0.6428571429,
      "r":0.5625,
      "f":0.6
    },
    "mark":{
      "p":0.6363636364,
      "r":0.4666666667,
      "f":0.5384615385
    },
    "fixed":{
      "p":1.0,
      "r":0.1666666667,
      "f":0.2857142857
    },
    "dep":{
      "p":0.0,
      "r":0.0,
      "f":0.0
    },
    "parataxis":{
      "p":0.0,
      "r":0.0,
      "f":0.0
    },
    "advcl":{
      "p":0.5,
      "r":0.2,
      "f":0.2857142857
    },
    "cc":{
      "p":0.6363636364,
      "r":0.875,
      "f":0.7368421053
    },
    "advmod:emph":{
      "p":0.0,
      "r":0.0,
      "f":0.0
    },
    "acl:relcl":{
      "p":0.25,
      "r":1.0,
      "f":0.4
    },
    "xcomp":{
      "p":0.0,
      "r":0.0,
      "f":0.0
    }
  },
  "speed":5854.4474906057
}