{
  "token_acc":0.9933799887,
  "token_p":0.9830890643,
  "token_r":0.9582417582,
  "token_f":0.9705063996,
  "lemma_acc":0.9525765497,
  "sents_p":0.7744585512,
  "sents_r":0.7983063895,
  "sents_f":0.7862016679,
  "dep_uas":0.7890828073,
  "dep_las":0.3891570739,
  "dep_las_per_type":{
    "case":{
      "p":0.9306122449,
      "r":0.9156626506,
      "f":0.9230769231
    },
    "root":{
      "p":0.1157654227,
      "r":0.8085106383,
      "f":0.2025316456
    },
    "appos":{
      "p":0.9166666667,
      "r":0.8527131783,
      "f":0.8835341365
    },
    "nsubj":{
      "p":0.675,
      "r":0.5436241611,
      "f":0.6022304833
    },
    "advmod":{
      "p":0.8805970149,
      "r":0.8428571429,
      "f":0.8613138686
    },
    "cc":{
      "p":0.6666666667,
      "r":0.6666666667,
      "f":0.6666666667
    },
    "conj":{
      "p":0.4035087719,
      "r":0.4035087719,
      "f":0.4035087719
    },
    "obl":{
      "p":0.5307692308,
      "r":0.6448598131,
      "f":0.582278481
    },
    "nmod":{
      "p":0.6136363636,
      "r":0.6639344262,
      "f":0.6377952756
    },
    "_":{
      "p":0.0,
      "r":0.0,
      "f":0.0
    },
    "dislocated":{
      "p":0.5,
      "r":0.1818181818,
      "f":0.2666666667
    },
    "acl":{
      "p":0.6666666667,
      "r":0.4615384615,
      "f":0.5454545455
    },
    "obj":{
      "p":0.4943820225,
      "r":0.4150943396,
      "f":0.4512820513
    },
    "nummod":{
      "p":0.7837837838,
      "r":0.8787878788,
      "f":0.8285714286
    },
    "discourse":{
      "p":0.5357142857,
      "r":0.5,
      "f":0.5172413793
    },
    "amod":{
      "p":0.84375,
      "r":0.7297297297,
      "f":0.7826086957
    },
    "ccomp":{
      "p":0.4,
      "r":0.25,
      "f":0.3076923077
    },
    "dep":{
      "p":0.0,
      "r":0.0,
      "f":0.0
    },
    "iobj":{
      "p":0.5882352941,
      "r":0.3448275862,
      "f":0.4347826087
    },
    "nmod:poss":{
      "p":0.7962962963,
      "r":0.7678571429,
      "f":0.7818181818
    },
    "det":{
      "p":0.6666666667,
      "r":0.6153846154,
      "f":0.64
    },
    "cop":{
      "p":0.0,
      "r":0.0,
      "f":0.0
    },
    "advcl":{
      "p":0.1666666667,
      "r":0.0909090909,
      "f":0.1176470588
    },
    "mark":{
      "p":0.8,
      "r":0.6666666667,
      "f":0.7272727273
    },
    "fixed":{
      "p":1.0,
      "r":0.5,
      "f":0.6666666667
    },
    "list":{
      "p":0.0,
      "r":0.0,
      "f":0.0
    },
    "parataxis":{
      "p":0.0,
      "r":0.0,
      "f":0.0
    },
    "acl:relcl":{
      "p":0.0,
      "r":0.0,
      "f":0.0
    }
  },
  "tag_acc":0.6007476636,
  "pos_acc":0.931105688,
  "morph_acc":0.8058306859,
  "morph_micro_p":0.8742802303,
  "morph_micro_r":0.8449267297,
  "morph_micro_f":0.8593528912,
  "morph_per_feat":{
    "Case":{
      "p":0.7994652406,
      "r":0.7847769029,
      "f":0.7920529801
    },
    "Gender":{
      "p":0.9395604396,
      "r":0.9023746702,
      "f":0.9205921938
    },
    "Number":{
      "p":0.9287696577,
      "r":0.8948306595,
      "f":0.9114843395
    },
    "PossSuffGen":{
      "p":0.8536585366,
      "r":0.8917197452,
      "f":0.8722741433
    },
    "PossSuffNum":{
      "p":0.9378531073,
      "r":0.9171270718,
      "f":0.9273743017
    },
    "PossSuffPer":{
      "p":0.9152542373,
      "r":0.8950276243,
      "f":0.905027933
    },
    "Mood":{
      "p":0.9193548387,
      "r":0.8941176471,
      "f":0.9065606362
    },
    "Person":{
      "p":0.9003558719,
      "r":0.8694158076,
      "f":0.8846153846
    },
    "VerbForm":{
      "p":0.9241071429,
      "r":0.8589211618,
      "f":0.8903225806
    },
    "VerbStem":{
      "p":0.8521400778,
      "r":0.8171641791,
      "f":0.8342857143
    },
    "Tense":{
      "p":0.7939698492,
      "r":0.7559808612,
      "f":0.7745098039
    },
    "Ventive":{
      "p":0.68,
      "r":0.7183098592,
      "f":0.698630137
    },
    "PronType":{
      "p":0.0,
      "r":0.0,
      "f":0.0
    },
    "SubSuff":{
      "p":0.8656716418,
      "r":0.8405797101,
      "f":0.8529411765
    },
    "Subordinative":{
      "p":0.5588235294,
      "r":0.5277777778,
      "f":0.5428571429
    },
    "NounStem":{
      "p":0.7345132743,
      "r":0.6916666667,
      "f":0.7124463519
    },
    "Focus":{
      "p":0.75,
      "r":0.5925925926,
      "f":0.6620689655
    },
    "NounBase":{
      "p":0.734939759,
      "r":0.6630434783,
      "f":0.6971428571
    },
    "VerbSuffGen":{
      "p":0.5588235294,
      "r":0.6785714286,
      "f":0.6129032258
    },
    "VerbSuffNum":{
      "p":0.6,
      "r":0.65625,
      "f":0.6268656716
    },
    "VerbSuffPer":{
      "p":0.5714285714,
      "r":0.625,
      "f":0.5970149254
    },
    "PrepSuffGen":{
      "p":1.0,
      "r":1.0,
      "f":1.0
    },
    "PrepSuffNum":{
      "p":1.0,
      "r":1.0,
      "f":1.0
    },
    "PrepSuffPer":{
      "p":1.0,
      "r":0.75,
      "f":0.8571428571
    },
    "PresSuffPer":{
      "p":0.3333333333,
      "r":0.5,
      "f":0.4
    },
    "PossSufNum":{
      "p":0.0,
      "r":0.0,
      "f":0.0
    },
    "PossSufPer":{
      "p":0.0,
      "r":0.0,
      "f":0.0
    },
    "NounState":{
      "p":0.0,
      "r":0.0,
      "f":0.0
    },
    "Voice":{
      "p":0.0,
      "r":0.0,
      "f":0.0
    },
    "PredSuffNum":{
      "p":0.0,
      "r":0.0,
      "f":0.0
    },
    "PredSuffPer":{
      "p":0.0,
      "r":0.0,
      "f":0.0
    }
  },
  "speed":8423.7206310734
}