{
  "token_acc":0.9928673324,
  "token_p":0.9817887495,
  "token_r":0.9551181102,
  "token_f":0.9682698064,
  "lemma_acc":0.9372990354,
  "sents_p":0.8001537279,
  "sents_r":0.8120124805,
  "sents_f":0.806039489,
  "dep_uas":0.7906512185,
  "dep_las":0.3723531762,
  "dep_las_per_type":{
    "case":{
      "p":0.9369369369,
      "r":0.932735426,
      "f":0.9348314607
    },
    "root":{
      "p":0.1137254902,
      "r":0.7795698925,
      "f":0.1984941821
    },
    "appos":{
      "p":0.97,
      "r":0.9065420561,
      "f":0.9371980676
    },
    "nsubj":{
      "p":0.6186440678,
      "r":0.5251798561,
      "f":0.5680933852
    },
    "advmod":{
      "p":0.8620689655,
      "r":0.9090909091,
      "f":0.8849557522
    },
    "cc":{
      "p":0.8,
      "r":0.7272727273,
      "f":0.7619047619
    },
    "conj":{
      "p":0.4285714286,
      "r":0.4468085106,
      "f":0.4375
    },
    "obl":{
      "p":0.5277777778,
      "r":0.6195652174,
      "f":0.57
    },
    "nmod":{
      "p":0.702970297,
      "r":0.71,
      "f":0.7064676617
    },
    "_":{
      "p":0.0,
      "r":0.0,
      "f":0.0
    },
    "dislocated":{
      "p":0.0,
      "r":0.0,
      "f":0.0
    },
    "acl":{
      "p":0.5217391304,
      "r":0.5714285714,
      "f":0.5454545455
    },
    "obj":{
      "p":0.4390243902,
      "r":0.3956043956,
      "f":0.4161849711
    },
    "nummod":{
      "p":0.8529411765,
      "r":0.8787878788,
      "f":0.8656716418
    },
    "discourse":{
      "p":0.4482758621,
      "r":0.4333333333,
      "f":0.4406779661
    },
    "amod":{
      "p":0.8333333333,
      "r":0.7142857143,
      "f":0.7692307692
    },
    "ccomp":{
      "p":0.2941176471,
      "r":0.3125,
      "f":0.303030303
    },
    "dep":{
      "p":0.0,
      "r":0.0,
      "f":0.0
    },
    "iobj":{
      "p":0.7333333333,
      "r":0.3928571429,
      "f":0.511627907
    },
    "advcl":{
      "p":0.2857142857,
      "r":0.1818181818,
      "f":0.2222222222
    },
    "nmod:poss":{
      "p":0.8604651163,
      "r":0.7872340426,
      "f":0.8222222222
    },
    "det":{
      "p":0.4285714286,
      "r":0.5,
      "f":0.4615384615
    },
    "cop":{
      "p":0.0,
      "r":0.0,
      "f":0.0
    },
    "mark":{
      "p":0.5833333333,
      "r":0.4375,
      "f":0.5
    },
    "fixed":{
      "p":0.5,
      "r":0.3333333333,
      "f":0.4
    },
    "list":{
      "p":0.0,
      "r":0.0,
      "f":0.0
    },
    "parataxis":{
      "p":0.0,
      "r":0.0,
      "f":0.0
    },
    "xcomp":{
      "p":0.0,
      "r":0.0,
      "f":0.0
    },
    "acl:relcl":{
      "p":1.0,
      "r":1.0,
      "f":1.0
    }
  },
  "tag_acc":0.5871227364,
  "pos_acc":0.925409339,
  "morph_acc":0.676725005,
  "morph_micro_p":0.7037312048,
  "morph_micro_r":0.8159707275,
  "morph_micro_f":0.7557061696,
  "morph_per_feat":{
    "Case":{
      "p":0.7767722474,
      "r":0.7874617737,
      "f":0.782080486
    },
    "Gender":{
      "p":0.9451476793,
      "r":0.8924302789,
      "f":0.9180327869
    },
    "Number":{
      "p":0.9234856536,
      "r":0.8786653185,
      "f":0.9005181347
    },
    "PossSuffGen":{
      "p":0.751552795,
      "r":0.8962962963,
      "f":0.8175675676
    },
    "PossSuffNum":{
      "p":0.900621118,
      "r":0.9119496855,
      "f":0.90625
    },
    "PossSuffPer":{
      "p":0.8944099379,
      "r":0.9056603774,
      "f":0.9
    },
    "Focus":{
      "p":0.0177865613,
      "r":0.3913043478,
      "f":0.034026465
    },
    "NounStem":{
      "p":0.0354906054,
      "r":0.3035714286,
      "f":0.0635514019
    },
    "Mood":{
      "p":0.931372549,
      "r":0.8189655172,
      "f":0.871559633
    },
    "Person":{
      "p":0.8734693878,
      "r":0.8199233716,
      "f":0.8458498024
    },
    "VerbForm":{
      "p":0.8808290155,
      "r":0.7798165138,
      "f":0.8272506083
    },
    "VerbStem":{
      "p":0.8510638298,
      "r":0.8196721311,
      "f":0.8350730689
    },
    "Tense":{
      "p":0.7262569832,
      "r":0.6951871658,
      "f":0.7103825137
    },
    "Ventive":{
      "p":0.6133333333,
      "r":0.6865671642,
      "f":0.6478873239
    },
    "Subordinative":{
      "p":0.3409090909,
      "r":0.4838709677,
      "f":0.4
    },
    "PronType":{
      "p":0.0,
      "r":0.0,
      "f":0.0
    },
    "SubSuff":{
      "p":0.8571428571,
      "r":0.6666666667,
      "f":0.75
    },
    "NounBase":{
      "p":0.6538461538,
      "r":0.1847826087,
      "f":0.2881355932
    },
    "VerbSuffGen":{
      "p":0.5666666667,
      "r":0.7391304348,
      "f":0.641509434
    },
    "VerbSuffNum":{
      "p":0.6333333333,
      "r":0.7037037037,
      "f":0.6666666667
    },
    "VerbSuffPer":{
      "p":0.6333333333,
      "r":0.7037037037,
      "f":0.6666666667
    },
    "PrepSuffGen":{
      "p":0.75,
      "r":1.0,
      "f":0.8571428571
    },
    "PrepSuffNum":{
      "p":0.75,
      "r":1.0,
      "f":0.8571428571
    },
    "PrepSuffPer":{
      "p":0.5,
      "r":0.5,
      "f":0.5
    },
    "PresSuffPer":{
      "p":0.5,
      "r":1.0,
      "f":0.6666666667
    },
    "PredSuffGen":{
      "p":0.0,
      "r":0.0,
      "f":0.0
    },
    "PredSuffNum":{
      "p":0.0,
      "r":0.0,
      "f":0.0
    },
    "PredSuffPer":{
      "p":0.0,
      "r":0.0,
      "f":0.0
    },
    "NounState":{
      "p":0.0,
      "r":0.0,
      "f":0.0
    },
    "Voice":{
      "p":0.0,
      "r":0.0,
      "f":0.0
    }
  },
  "speed":6357.2512799441
}