{
  "token_acc":0.9933799887,
  "token_p":0.9830890643,
  "token_r":0.9582417582,
  "token_f":0.9705063996,
  "lemma_acc":0.9413741598,
  "sents_p":0.7884036145,
  "sents_r":0.8060046189,
  "sents_f":0.7971069661,
  "dep_uas":0.7927961381,
  "dep_las":0.3954697364,
  "dep_las_per_type":{
    "case":{
      "p":0.9169960474,
      "r":0.9317269076,
      "f":0.9243027888
    },
    "root":{
      "p":0.1168332052,
      "r":0.8085106383,
      "f":0.2041638684
    },
    "appos":{
      "p":0.9421487603,
      "r":0.8837209302,
      "f":0.912
    },
    "nsubj":{
      "p":0.6029411765,
      "r":0.5503355705,
      "f":0.5754385965
    },
    "advmod":{
      "p":0.7792207792,
      "r":0.8571428571,
      "f":0.8163265306
    },
    "cc":{
      "p":0.9,
      "r":0.75,
      "f":0.8181818182
    },
    "conj":{
      "p":0.4811320755,
      "r":0.4473684211,
      "f":0.4636363636
    },
    "obl":{
      "p":0.6050420168,
      "r":0.6728971963,
      "f":0.6371681416
    },
    "nmod":{
      "p":0.6349206349,
      "r":0.6557377049,
      "f":0.6451612903
    },
    "_":{
      "p":0.0,
      "r":0.0,
      "f":0.0
    },
    "dislocated":{
      "p":0.2222222222,
      "r":0.1818181818,
      "f":0.2
    },
    "acl":{
      "p":0.75,
      "r":0.4615384615,
      "f":0.5714285714
    },
    "obj":{
      "p":0.5,
      "r":0.3679245283,
      "f":0.4239130435
    },
    "nummod":{
      "p":0.7894736842,
      "r":0.9090909091,
      "f":0.8450704225
    },
    "discourse":{
      "p":0.5,
      "r":0.5333333333,
      "f":0.5161290323
    },
    "amod":{
      "p":0.6744186047,
      "r":0.7837837838,
      "f":0.725
    },
    "ccomp":{
      "p":0.3529411765,
      "r":0.375,
      "f":0.3636363636
    },
    "iobj":{
      "p":0.8125,
      "r":0.4482758621,
      "f":0.5777777778
    },
    "dep":{
      "p":0.0,
      "r":0.0,
      "f":0.0
    },
    "mark":{
      "p":0.6315789474,
      "r":0.5,
      "f":0.5581395349
    },
    "fixed":{
      "p":0.5,
      "r":0.3333333333,
      "f":0.4
    },
    "nmod:poss":{
      "p":0.8431372549,
      "r":0.7678571429,
      "f":0.8037383178
    },
    "det":{
      "p":0.5454545455,
      "r":0.4615384615,
      "f":0.5
    },
    "cop":{
      "p":0.0,
      "r":0.0,
      "f":0.0
    },
    "advcl":{
      "p":0.3333333333,
      "r":0.1818181818,
      "f":0.2352941176
    },
    "list":{
      "p":0.0,
      "r":0.0,
      "f":0.0
    },
    "parataxis":{
      "p":0.0,
      "r":0.0,
      "f":0.0
    },
    "acl:relcl":{
      "p":0.5,
      "r":1.0,
      "f":0.6666666667
    }
  },
  "tag_acc":0.6194392523,
  "pos_acc":0.9412427257,
  "morph_acc":0.8017193048,
  "morph_micro_p":0.8763979946,
  "morph_micro_r":0.8430717863,
  "morph_micro_f":0.8594119315,
  "morph_per_feat":{
    "Case":{
      "p":0.802739726,
      "r":0.7690288714,
      "f":0.7855227882
    },
    "Gender":{
      "p":0.9390354868,
      "r":0.907651715,
      "f":0.9230769231
    },
    "Number":{
      "p":0.9235023041,
      "r":0.8930481283,
      "f":0.9080199366
    },
    "PossSuffGen":{
      "p":0.8633540373,
      "r":0.8853503185,
      "f":0.8742138365
    },
    "PossSuffNum":{
      "p":0.9488636364,
      "r":0.9226519337,
      "f":0.9355742297
    },
    "PossSuffPer":{
      "p":0.9431818182,
      "r":0.9171270718,
      "f":0.9299719888
    },
    "Mood":{
      "p":0.9007936508,
      "r":0.8901960784,
      "f":0.8954635108
    },
    "Person":{
      "p":0.8896797153,
      "r":0.8591065292,
      "f":0.8741258741
    },
    "VerbForm":{
      "p":0.9078947368,
      "r":0.8589211618,
      "f":0.8827292111
    },
    "VerbStem":{
      "p":0.8664122137,
      "r":0.8470149254,
      "f":0.8566037736
    },
    "Tense":{
      "p":0.7669902913,
      "r":0.7559808612,
      "f":0.7614457831
    },
    "Ventive":{
      "p":0.6849315068,
      "r":0.7042253521,
      "f":0.6944444444
    },
    "PronType":{
      "p":0.0,
      "r":0.0,
      "f":0.0
    },
    "SubSuff":{
      "p":0.9107142857,
      "r":0.7391304348,
      "f":0.816
    },
    "Subordinative":{
      "p":0.6129032258,
      "r":0.5277777778,
      "f":0.5671641791
    },
    "Focus":{
      "p":0.7580645161,
      "r":0.5802469136,
      "f":0.6573426573
    },
    "NounStem":{
      "p":0.7685185185,
      "r":0.6916666667,
      "f":0.7280701754
    },
    "VerbSuffGen":{
      "p":0.5666666667,
      "r":0.6071428571,
      "f":0.5862068966
    },
    "VerbSuffNum":{
      "p":0.5806451613,
      "r":0.5625,
      "f":0.5714285714
    },
    "VerbSuffPer":{
      "p":0.6451612903,
      "r":0.625,
      "f":0.6349206349
    },
    "NounBase":{
      "p":0.7441860465,
      "r":0.6956521739,
      "f":0.7191011236
    },
    "PrepSuffGen":{
      "p":1.0,
      "r":1.0,
      "f":1.0
    },
    "PrepSuffNum":{
      "p":1.0,
      "r":1.0,
      "f":1.0
    },
    "PrepSuffPer":{
      "p":1.0,
      "r":0.75,
      "f":0.8571428571
    },
    "PresSuffPer":{
      "p":0.6666666667,
      "r":1.0,
      "f":0.8
    },
    "PossSufNum":{
      "p":0.0,
      "r":0.0,
      "f":0.0
    },
    "PossSufPer":{
      "p":0.0,
      "r":0.0,
      "f":0.0
    },
    "NounState":{
      "p":0.0,
      "r":0.0,
      "f":0.0
    },
    "Voice":{
      "p":0.0,
      "r":0.0,
      "f":0.0
    },
    "PredSuffNum":{
      "p":0.0,
      "r":0.0,
      "f":0.0
    },
    "PredSuffPer":{
      "p":0.0,
      "r":0.0,
      "f":0.0
    }
  },
  "speed":9372.2263698569
}