{
  "token_acc":0.9933799887,
  "token_p":0.9830890643,
  "token_r":0.9582417582,
  "token_f":0.9705063996,
  "lemma_acc":0.9380134429,
  "sents_p":0.7840909091,
  "sents_r":0.7967667436,
  "sents_f":0.7903780069,
  "dep_uas":0.7953954697,
  "dep_las":0.3965837356,
  "dep_las_per_type":{
    "case":{
      "p":0.9233870968,
      "r":0.9196787149,
      "f":0.9215291751
    },
    "root":{
      "p":0.1088803089,
      "r":0.75,
      "f":0.190155091
    },
    "appos":{
      "p":0.9212598425,
      "r":0.9069767442,
      "f":0.9140625
    },
    "nsubj":{
      "p":0.6470588235,
      "r":0.5906040268,
      "f":0.6175438596
    },
    "advmod":{
      "p":0.8428571429,
      "r":0.8428571429,
      "f":0.8428571429
    },
    "cc":{
      "p":0.75,
      "r":0.75,
      "f":0.75
    },
    "conj":{
      "p":0.4262295082,
      "r":0.4561403509,
      "f":0.4406779661
    },
    "obl":{
      "p":0.546875,
      "r":0.6542056075,
      "f":0.5957446809
    },
    "nmod":{
      "p":0.6837606838,
      "r":0.6557377049,
      "f":0.6694560669
    },
    "_":{
      "p":0.0,
      "r":0.0,
      "f":0.0
    },
    "dislocated":{
      "p":0.2,
      "r":0.0909090909,
      "f":0.125
    },
    "acl":{
      "p":0.6666666667,
      "r":0.4615384615,
      "f":0.5454545455
    },
    "obj":{
      "p":0.5,
      "r":0.3490566038,
      "f":0.4111111111
    },
    "nummod":{
      "p":0.8181818182,
      "r":0.8181818182,
      "f":0.8181818182
    },
    "discourse":{
      "p":0.68,
      "r":0.5666666667,
      "f":0.6181818182
    },
    "amod":{
      "p":0.8787878788,
      "r":0.7837837838,
      "f":0.8285714286
    },
    "ccomp":{
      "p":0.6153846154,
      "r":0.5,
      "f":0.5517241379
    },
    "iobj":{
      "p":0.5416666667,
      "r":0.4482758621,
      "f":0.4905660377
    },
    "dep":{
      "p":0.0,
      "r":0.0,
      "f":0.0
    },
    "nmod:poss":{
      "p":0.7666666667,
      "r":0.8214285714,
      "f":0.7931034483
    },
    "det":{
      "p":0.6153846154,
      "r":0.6153846154,
      "f":0.6153846154
    },
    "advcl":{
      "p":0.625,
      "r":0.4545454545,
      "f":0.5263157895
    },
    "mark":{
      "p":0.7272727273,
      "r":0.6666666667,
      "f":0.6956521739
    },
    "fixed":{
      "p":0.75,
      "r":0.5,
      "f":0.6
    },
    "list":{
      "p":0.0,
      "r":0.0,
      "f":0.0
    },
    "parataxis":{
      "p":0.0,
      "r":0.0,
      "f":0.0
    },
    "cop":{
      "p":0.0,
      "r":0.0,
      "f":0.0
    },
    "acl:relcl":{
      "p":1.0,
      "r":1.0,
      "f":1.0
    }
  },
  "tag_acc":0.6093457944,
  "pos_acc":0.9307302422,
  "morph_acc":0.8035881144,
  "morph_micro_p":0.8791314374,
  "morph_micro_r":0.8486366166,
  "morph_micro_f":0.8636149127,
  "morph_per_feat":{
    "Case":{
      "p":0.8224043716,
      "r":0.7900262467,
      "f":0.8058902276
    },
    "Gender":{
      "p":0.9395050412,
      "r":0.9014951627,
      "f":0.9201077199
    },
    "Number":{
      "p":0.9296296296,
      "r":0.8948306595,
      "f":0.9118982743
    },
    "PossSuffGen":{
      "p":0.8466257669,
      "r":0.8789808917,
      "f":0.8625
    },
    "PossSuffNum":{
      "p":0.9261363636,
      "r":0.9005524862,
      "f":0.9131652661
    },
    "PossSuffPer":{
      "p":0.9204545455,
      "r":0.8950276243,
      "f":0.9075630252
    },
    "Mood":{
      "p":0.9051383399,
      "r":0.8980392157,
      "f":0.9015748031
    },
    "Person":{
      "p":0.8954703833,
      "r":0.883161512,
      "f":0.8892733564
    },
    "VerbForm":{
      "p":0.9166666667,
      "r":0.867219917,
      "f":0.8912579957
    },
    "VerbStem":{
      "p":0.8473282443,
      "r":0.828358209,
      "f":0.8377358491
    },
    "Tense":{
      "p":0.8078817734,
      "r":0.7846889952,
      "f":0.7961165049
    },
    "Ventive":{
      "p":0.6753246753,
      "r":0.7323943662,
      "f":0.7027027027
    },
    "PronType":{
      "p":0.0,
      "r":0.0,
      "f":0.0
    },
    "SubSuff":{
      "p":0.9482758621,
      "r":0.7971014493,
      "f":0.8661417323
    },
    "Subordinative":{
      "p":0.6785714286,
      "r":0.5277777778,
      "f":0.59375
    },
    "VerbSuffGen":{
      "p":0.5277777778,
      "r":0.6785714286,
      "f":0.59375
    },
    "VerbSuffNum":{
      "p":0.6111111111,
      "r":0.6875,
      "f":0.6470588235
    },
    "VerbSuffPer":{
      "p":0.6111111111,
      "r":0.6875,
      "f":0.6470588235
    },
    "NounStem":{
      "p":0.7596153846,
      "r":0.6583333333,
      "f":0.7053571429
    },
    "Focus":{
      "p":0.8035714286,
      "r":0.5555555556,
      "f":0.6569343066
    },
    "NounBase":{
      "p":0.7586206897,
      "r":0.7173913043,
      "f":0.7374301676
    },
    "PrepSuffGen":{
      "p":1.0,
      "r":1.0,
      "f":1.0
    },
    "PrepSuffNum":{
      "p":1.0,
      "r":1.0,
      "f":1.0
    },
    "PrepSuffPer":{
      "p":1.0,
      "r":1.0,
      "f":1.0
    },
    "PossSufNum":{
      "p":0.0,
      "r":0.0,
      "f":0.0
    },
    "PossSufPer":{
      "p":0.0,
      "r":0.0,
      "f":0.0
    },
    "NounState":{
      "p":0.0,
      "r":0.0,
      "f":0.0
    },
    "PresSuffPer":{
      "p":1.0,
      "r":0.5,
      "f":0.6666666667
    },
    "Voice":{
      "p":0.0,
      "r":0.0,
      "f":0.0
    },
    "PredSuffNum":{
      "p":0.5,
      "r":1.0,
      "f":0.6666666667
    },
    "PredSuffPer":{
      "p":0.5,
      "r":1.0,
      "f":0.6666666667
    }
  },
  "speed":8374.1184523958
}