{
  "token_acc":0.9918470621,
  "token_p":0.9782487451,
  "token_r":0.9501625135,
  "token_f":0.9640010992,
  "lemma_acc":0.8941828255,
  "pos_acc":0.9054920546,
  "morph_acc":0.7877947295,
  "morph_micro_p":0.8808542525,
  "morph_micro_r":0.720502605,
  "morph_micro_f":0.7926500337,
  "morph_per_feat":{
    "Case":{
      "p":0.8439716312,
      "r":0.698630137,
      "f":0.7644539615
    },
    "Gender":{
      "p":0.9379727685,
      "r":0.8322147651,
      "f":0.8819345661
    },
    "Number":{
      "p":0.9442724458,
      "r":0.8333333333,
      "f":0.885341074
    },
    "PossSuffNum":{
      "p":0.9385964912,
      "r":0.9816513761,
      "f":0.9596412556
    },
    "PossSuffPer":{
      "p":0.9385964912,
      "r":0.9816513761,
      "f":0.9596412556
    },
    "Mood":{
      "p":0.8823529412,
      "r":0.5102040816,
      "f":0.6465517241
    },
    "Person":{
      "p":0.7904761905,
      "r":0.485380117,
      "f":0.6014492754
    },
    "Tense":{
      "p":0.6849315068,
      "r":0.4166666667,
      "f":0.518134715
    },
    "VerbForm":{
      "p":0.8734177215,
      "r":0.4964028777,
      "f":0.6330275229
    },
    "VerbStem":{
      "p":0.8043478261,
      "r":0.4683544304,
      "f":0.592
    },
    "NounStem":{
      "p":0.8571428571,
      "r":0.6976744186,
      "f":0.7692307692
    },
    "PrepSuffGen":{
      "p":1.0,
      "r":0.5,
      "f":0.6666666667
    },
    "PrepSuffNum":{
      "p":1.0,
      "r":0.5,
      "f":0.6666666667
    },
    "PrepSuffPer":{
      "p":1.0,
      "r":1.0,
      "f":1.0
    },
    "PossSuffGen":{
      "p":0.738317757,
      "r":0.9634146341,
      "f":0.835978836
    },
    "Ventive":{
      "p":0.8333333333,
      "r":0.243902439,
      "f":0.3773584906
    },
    "NounBase":{
      "p":0.8245614035,
      "r":0.8392857143,
      "f":0.8318584071
    },
    "SubSuff":{
      "p":0.625,
      "r":0.2272727273,
      "f":0.3333333333
    },
    "Subordinative":{
      "p":0.8,
      "r":0.1818181818,
      "f":0.2962962963
    },
    "Focus":{
      "p":1.0,
      "r":0.3333333333,
      "f":0.5
    },
    "VerbSuffGen":{
      "p":0.3571428571,
      "r":0.4545454545,
      "f":0.4
    },
    "VerbSuffNum":{
      "p":0.3571428571,
      "r":0.4545454545,
      "f":0.4
    },
    "VerbSuffPer":{
      "p":0.3571428571,
      "r":0.4545454545,
      "f":0.4
    },
    "PossSufNum":{
      "p":0.6666666667,
      "r":0.6666666667,
      "f":0.6666666667
    },
    "PossSufPer":{
      "p":0.6666666667,
      "r":0.6666666667,
      "f":0.6666666667
    },
    "SubSuffix":{
      "p":0.0,
      "r":0.0,
      "f":0.0
    },
    "PronType":{
      "p":0.0,
      "r":0.0,
      "f":0.0
    },
    "PresSuffPer":{
      "p":0.0,
      "r":0.0,
      "f":0.0
    }
  },
  "tag_acc":0.5581137309,
  "sents_p":0.8478747204,
  "sents_r":0.7895833333,
  "sents_f":0.8176914779,
  "dep_uas":0.8238855256,
  "dep_las":0.395156852,
  "dep_las_per_type":{
    "_":{
      "p":0.0,
      "r":0.0,
      "f":0.0
    },
    "case":{
      "p":0.8682634731,
      "r":0.8841463415,
      "f":0.8761329305
    },
    "root":{
      "p":0.1089449541,
      "r":0.8407079646,
      "f":0.192893401
    },
    "appos":{
      "p":0.9900990099,
      "r":0.9615384615,
      "f":0.9756097561
    },
    "nsubj":{
      "p":0.6324786325,
      "r":0.6851851852,
      "f":0.6577777778
    },
    "obj":{
      "p":0.4705882353,
      "r":0.3265306122,
      "f":0.3855421687
    },
    "discourse":{
      "p":0.2142857143,
      "r":0.2142857143,
      "f":0.2142857143
    },
    "det":{
      "p":0.7777777778,
      "r":0.7777777778,
      "f":0.7777777778
    },
    "conj":{
      "p":0.5657894737,
      "r":0.6825396825,
      "f":0.618705036
    },
    "obl":{
      "p":0.4426229508,
      "r":0.5744680851,
      "f":0.5
    },
    "nmod":{
      "p":0.6923076923,
      "r":0.5833333333,
      "f":0.6331658291
    },
    "advmod":{
      "p":0.85,
      "r":0.85,
      "f":0.85
    },
    "dep":{
      "p":0.0,
      "r":0.0,
      "f":0.0
    },
    "fixed":{
      "p":0.3333333333,
      "r":0.0909090909,
      "f":0.1428571429
    },
    "ccomp":{
      "p":0.2727272727,
      "r":0.4285714286,
      "f":0.3333333333
    },
    "mark":{
      "p":0.4,
      "r":0.2,
      "f":0.2666666667
    },
    "advcl":{
      "p":0.4,
      "r":0.25,
      "f":0.3076923077
    },
    "parataxis":{
      "p":0.0,
      "r":0.0,
      "f":0.0
    },
    "nummod":{
      "p":0.7906976744,
      "r":0.9444444444,
      "f":0.8607594937
    },
    "amod":{
      "p":0.7777777778,
      "r":0.875,
      "f":0.8235294118
    },
    "dislocated":{
      "p":0.0,
      "r":0.0,
      "f":0.0
    },
    "nmod:poss":{
      "p":0.9333333333,
      "r":1.0,
      "f":0.9655172414
    },
    "iobj":{
      "p":0.1666666667,
      "r":0.0909090909,
      "f":0.1176470588
    },
    "acl":{
      "p":0.6,
      "r":0.25,
      "f":0.3529411765
    },
    "cc":{
      "p":0.8333333333,
      "r":1.0,
      "f":0.9090909091
    },
    "acl:relcl":{
      "p":1.0,
      "r":1.0,
      "f":1.0
    }
  },
  "speed":5273.5074493872
}