{
  "token_acc":0.9933799887,
  "token_p":0.9830890643,
  "token_r":0.9582417582,
  "token_f":0.9705063996,
  "lemma_acc":0.9413741598,
  "sents_p":0.8032407407,
  "sents_r":0.8013856813,
  "sents_f":0.8023121387,
  "dep_uas":0.7935388043,
  "dep_las":0.4010397326,
  "dep_las_per_type":{
    "case":{
      "p":0.9058823529,
      "r":0.9277108434,
      "f":0.9166666667
    },
    "root":{
      "p":0.1162608013,
      "r":0.7872340426,
      "f":0.2026009582
    },
    "appos":{
      "p":0.9112903226,
      "r":0.8759689922,
      "f":0.8932806324
    },
    "nsubj":{
      "p":0.6666666667,
      "r":0.5503355705,
      "f":0.6029411765
    },
    "advmod":{
      "p":0.8939393939,
      "r":0.8428571429,
      "f":0.8676470588
    },
    "cc":{
      "p":0.8333333333,
      "r":0.8333333333,
      "f":0.8333333333
    },
    "conj":{
      "p":0.4454545455,
      "r":0.4298245614,
      "f":0.4375
    },
    "obl":{
      "p":0.5862068966,
      "r":0.6355140187,
      "f":0.6098654709
    },
    "nmod":{
      "p":0.5985915493,
      "r":0.6967213115,
      "f":0.6439393939
    },
    "_":{
      "p":0.0,
      "r":0.0,
      "f":0.0
    },
    "dislocated":{
      "p":0.2,
      "r":0.0909090909,
      "f":0.125
    },
    "acl":{
      "p":0.6956521739,
      "r":0.6153846154,
      "f":0.6530612245
    },
    "obj":{
      "p":0.5164835165,
      "r":0.4433962264,
      "f":0.4771573604
    },
    "nummod":{
      "p":0.8108108108,
      "r":0.9090909091,
      "f":0.8571428571
    },
    "discourse":{
      "p":0.72,
      "r":0.6,
      "f":0.6545454545
    },
    "amod":{
      "p":0.7567567568,
      "r":0.7567567568,
      "f":0.7567567568
    },
    "ccomp":{
      "p":0.4615384615,
      "r":0.375,
      "f":0.4137931034
    },
    "dep":{
      "p":0.0,
      "r":0.0,
      "f":0.0
    },
    "iobj":{
      "p":0.8,
      "r":0.5517241379,
      "f":0.6530612245
    },
    "advcl":{
      "p":0.1578947368,
      "r":0.2727272727,
      "f":0.2
    },
    "nmod:poss":{
      "p":0.84,
      "r":0.75,
      "f":0.7924528302
    },
    "det":{
      "p":0.6923076923,
      "r":0.6923076923,
      "f":0.6923076923
    },
    "mark":{
      "p":0.75,
      "r":0.625,
      "f":0.6818181818
    },
    "fixed":{
      "p":1.0,
      "r":0.5,
      "f":0.6666666667
    },
    "acl:relcl":{
      "p":0.3333333333,
      "r":1.0,
      "f":0.5
    },
    "list":{
      "p":0.0,
      "r":0.0,
      "f":0.0
    },
    "parataxis":{
      "p":0.0,
      "r":0.0,
      "f":0.0
    },
    "cop":{
      "p":0.0,
      "r":0.0,
      "f":0.0
    }
  },
  "tag_acc":0.6178284433,
  "pos_acc":0.9423690633,
  "morph_acc":0.8032143525,
  "morph_micro_p":0.8736358415,
  "morph_micro_r":0.8464106845,
  "morph_micro_f":0.859807801,
  "morph_per_feat":{
    "Case":{
      "p":0.7894039735,
      "r":0.782152231,
      "f":0.7857613711
    },
    "Gender":{
      "p":0.9427272727,
      "r":0.9120492524,
      "f":0.9271345552
    },
    "Number":{
      "p":0.9209558824,
      "r":0.8930481283,
      "f":0.9067873303
    },
    "PossSuffGen":{
      "p":0.8695652174,
      "r":0.8917197452,
      "f":0.8805031447
    },
    "PossSuffNum":{
      "p":0.9655172414,
      "r":0.9281767956,
      "f":0.9464788732
    },
    "PossSuffPer":{
      "p":0.9425287356,
      "r":0.9060773481,
      "f":0.923943662
    },
    "Mood":{
      "p":0.9149797571,
      "r":0.8862745098,
      "f":0.9003984064
    },
    "Person":{
      "p":0.8943661972,
      "r":0.8728522337,
      "f":0.8834782609
    },
    "VerbForm":{
      "p":0.9279279279,
      "r":0.8547717842,
      "f":0.8898488121
    },
    "VerbStem":{
      "p":0.8871595331,
      "r":0.8507462687,
      "f":0.8685714286
    },
    "Tense":{
      "p":0.77,
      "r":0.7368421053,
      "f":0.7530562347
    },
    "Ventive":{
      "p":0.6493506494,
      "r":0.7042253521,
      "f":0.6756756757
    },
    "PronType":{
      "p":0.0,
      "r":0.0,
      "f":0.0
    },
    "SubSuff":{
      "p":0.8833333333,
      "r":0.768115942,
      "f":0.8217054264
    },
    "Subordinative":{
      "p":0.6129032258,
      "r":0.5277777778,
      "f":0.5671641791
    },
    "NounStem":{
      "p":0.7433628319,
      "r":0.7,
      "f":0.7210300429
    },
    "VerbSuffGen":{
      "p":0.5,
      "r":0.6071428571,
      "f":0.5483870968
    },
    "VerbSuffNum":{
      "p":0.5882352941,
      "r":0.625,
      "f":0.6060606061
    },
    "VerbSuffPer":{
      "p":0.5882352941,
      "r":0.625,
      "f":0.6060606061
    },
    "Focus":{
      "p":0.7543859649,
      "r":0.5308641975,
      "f":0.6231884058
    },
    "NounBase":{
      "p":0.7380952381,
      "r":0.6739130435,
      "f":0.7045454545
    },
    "PrepSuffGen":{
      "p":0.8333333333,
      "r":1.0,
      "f":0.9090909091
    },
    "PrepSuffNum":{
      "p":0.8333333333,
      "r":1.0,
      "f":0.9090909091
    },
    "PrepSuffPer":{
      "p":0.75,
      "r":0.75,
      "f":0.75
    },
    "PresSuffPer":{
      "p":0.5,
      "r":0.5,
      "f":0.5
    },
    "PossSufNum":{
      "p":0.0,
      "r":0.0,
      "f":0.0
    },
    "PossSufPer":{
      "p":0.0,
      "r":0.0,
      "f":0.0
    },
    "NounState":{
      "p":0.0,
      "r":0.0,
      "f":0.0
    },
    "Voice":{
      "p":0.0,
      "r":0.0,
      "f":0.0
    },
    "PredSuffNum":{
      "p":0.5,
      "r":1.0,
      "f":0.6666666667
    },
    "PredSuffPer":{
      "p":0.5,
      "r":1.0,
      "f":0.6666666667
    }
  },
  "speed":9618.1751120992
}