{
  "token_acc":1.0,
  "token_p":1.0,
  "token_r":1.0,
  "token_f":1.0,
  "lemma_acc":1.0,
  "tag_acc":0.0893895349,
  "pos_acc":0.4683636364,
  "morph_acc":0.0508351489,
  "morph_micro_p":0.9890909091,
  "morph_micro_r":0.2329764454,
  "morph_micro_f":0.3771230503,
  "morph_per_feat":{
    "Case":{
      "p":0.9615384615,
      "r":0.073964497,
      "f":0.1373626374
    },
    "Gender":{
      "p":0.9909090909,
      "r":0.2193158954,
      "f":0.3591433278
    },
    "Number":{
      "p":0.9910714286,
      "r":0.2233400402,
      "f":0.3645320197
    },
    "PossSuffGen":{
      "p":1.0,
      "r":0.3866666667,
      "f":0.5576923077
    },
    "PossSuffNum":{
      "p":1.0,
      "r":0.3766233766,
      "f":0.5471698113
    },
    "PossSuffPer":{
      "p":1.0,
      "r":0.3766233766,
      "f":0.5471698113
    },
    "Mood":{
      "p":1.0,
      "r":0.2923076923,
      "f":0.4523809524
    },
    "Person":{
      "p":0.9743589744,
      "r":0.2516556291,
      "f":0.4
    },
    "VerbForm":{
      "p":0.96875,
      "r":0.2924528302,
      "f":0.4492753623
    },
    "VerbStem":{
      "p":0.9756097561,
      "r":0.3053435115,
      "f":0.4651162791
    },
    "Tense":{
      "p":1.0,
      "r":0.3181818182,
      "f":0.4827586207
    },
    "NounBase":{
      "p":0.0,
      "r":0.0,
      "f":0.0
    },
    "NounStem":{
      "p":1.0,
      "r":0.0384615385,
      "f":0.0740740741
    },
    "SubSuff":{
      "p":1.0,
      "r":0.2307692308,
      "f":0.375
    },
    "Subordinative":{
      "p":1.0,
      "r":0.125,
      "f":0.2222222222
    },
    "VerbSuffGen":{
      "p":1.0,
      "r":0.4705882353,
      "f":0.64
    },
    "VerbSuffNum":{
      "p":1.0,
      "r":0.4705882353,
      "f":0.64
    },
    "VerbSuffPer":{
      "p":1.0,
      "r":0.4705882353,
      "f":0.64
    },
    "Ventive":{
      "p":1.0,
      "r":0.2142857143,
      "f":0.3529411765
    },
    "SubSuffix":{
      "p":0.0,
      "r":0.0,
      "f":0.0
    },
    "Focus":{
      "p":1.0,
      "r":0.6666666667,
      "f":0.8
    },
    "Voice":{
      "p":0.0,
      "r":0.0,
      "f":0.0
    },
    "PrepSuffGen":{
      "p":0.0,
      "r":0.0,
      "f":0.0
    },
    "PrepSuffNum":{
      "p":0.0,
      "r":0.0,
      "f":0.0
    },
    "PrepSuffPer":{
      "p":0.0,
      "r":0.0,
      "f":0.0
    }
  },
  "sents_p":0.817535545,
  "sents_r":0.8508014797,
  "sents_f":0.833836858,
  "dep_uas":0.8358750908,
  "dep_las":0.3035584604,
  "dep_las_per_type":{
    "case":{
      "p":0.9075630252,
      "r":0.9557522124,
      "f":0.9310344828
    },
    "root":{
      "p":0.0924170616,
      "r":0.7959183673,
      "f":0.1656050955
    },
    "appos":{
      "p":0.7906976744,
      "r":0.8292682927,
      "f":0.8095238095
    },
    "nsubj":{
      "p":0.6323529412,
      "r":0.5972222222,
      "f":0.6142857143
    },
    "advmod":{
      "p":0.7777777778,
      "r":0.7777777778,
      "f":0.7777777778
    },
    "conj":{
      "p":0.4210526316,
      "r":0.380952381,
      "f":0.4
    },
    "obl":{
      "p":0.4814814815,
      "r":0.5,
      "f":0.4905660377
    },
    "obj":{
      "p":0.3611111111,
      "r":0.325,
      "f":0.3421052632
    },
    "_":{
      "p":0.0,
      "r":0.0,
      "f":0.0
    },
    "nmod":{
      "p":0.6393442623,
      "r":0.619047619,
      "f":0.6290322581
    },
    "dep":{
      "p":0.0,
      "r":0.0,
      "f":0.0
    },
    "cc":{
      "p":0.75,
      "r":0.75,
      "f":0.75
    },
    "advcl":{
      "p":0.0,
      "r":0.0,
      "f":0.0
    },
    "iobj":{
      "p":0.3333333333,
      "r":0.0769230769,
      "f":0.125
    },
    "dislocated":{
      "p":0.0,
      "r":0.0,
      "f":0.0
    },
    "amod":{
      "p":0.3333333333,
      "r":0.4,
      "f":0.3636363636
    },
    "acl":{
      "p":0.8,
      "r":0.4,
      "f":0.5333333333
    },
    "det":{
      "p":0.4285714286,
      "r":0.2,
      "f":0.2727272727
    },
    "discourse":{
      "p":0.5,
      "r":0.5,
      "f":0.5
    },
    "ccomp":{
      "p":0.0,
      "r":0.0,
      "f":0.0
    },
    "parataxis":{
      "p":0.0,
      "r":0.0,
      "f":0.0
    },
    "nummod":{
      "p":1.0,
      "r":0.7272727273,
      "f":0.8421052632
    },
    "mark":{
      "p":0.8571428571,
      "r":0.5454545455,
      "f":0.6666666667
    },
    "nmod:poss":{
      "p":0.375,
      "r":0.4285714286,
      "f":0.4
    },
    "cop":{
      "p":0.0,
      "r":0.0,
      "f":0.0
    },
    "fixed":{
      "p":1.0,
      "r":0.6666666667,
      "f":0.8
    },
    "advmod:emph":{
      "p":0.0,
      "r":0.0,
      "f":0.0
    }
  },
  "speed":21581.0986822586
}