{
  "token_acc":1.0,
  "token_p":1.0,
  "token_r":1.0,
  "token_f":1.0,
  "tag_acc":0.9207848837,
  "pos_acc":0.9352727273,
  "morph_acc":0.8402323893,
  "morph_micro_p":0.882983683,
  "morph_micro_r":0.8111349036,
  "morph_micro_f":0.8455357143,
  "morph_per_feat":{
    "Case":{
      "p":0.8496240602,
      "r":0.6686390533,
      "f":0.7483443709
    },
    "Gender":{
      "p":0.9402985075,
      "r":0.8873239437,
      "f":0.9130434783
    },
    "Number":{
      "p":0.9063829787,
      "r":0.8571428571,
      "f":0.8810754912
    },
    "PossSuffGen":{
      "p":0.9242424242,
      "r":0.8133333333,
      "f":0.865248227
    },
    "PossSuffNum":{
      "p":0.9315068493,
      "r":0.8831168831,
      "f":0.9066666667
    },
    "PossSuffPer":{
      "p":0.9315068493,
      "r":0.8831168831,
      "f":0.9066666667
    },
    "Mood":{
      "p":0.9338842975,
      "r":0.8692307692,
      "f":0.9003984064
    },
    "Person":{
      "p":0.8391608392,
      "r":0.7947019868,
      "f":0.8163265306
    },
    "VerbForm":{
      "p":0.887755102,
      "r":0.820754717,
      "f":0.8529411765
    },
    "VerbStem":{
      "p":0.842519685,
      "r":0.8167938931,
      "f":0.8294573643
    },
    "Tense":{
      "p":0.7586206897,
      "r":0.75,
      "f":0.7542857143
    },
    "NounBase":{
      "p":0.6,
      "r":0.6,
      "f":0.6
    },
    "NounStem":{
      "p":0.85,
      "r":0.6538461538,
      "f":0.7391304348
    },
    "Subordinative":{
      "p":0.4,
      "r":0.75,
      "f":0.5217391304
    },
    "SubSuff":{
      "p":0.9090909091,
      "r":0.7692307692,
      "f":0.8333333333
    },
    "VerbSuffGen":{
      "p":0.8461538462,
      "r":0.6470588235,
      "f":0.7333333333
    },
    "VerbSuffNum":{
      "p":0.8571428571,
      "r":0.7058823529,
      "f":0.7741935484
    },
    "VerbSuffPer":{
      "p":0.8571428571,
      "r":0.7058823529,
      "f":0.7741935484
    },
    "Ventive":{
      "p":0.7037037037,
      "r":0.6785714286,
      "f":0.6909090909
    },
    "NounSuffNum":{
      "p":0.0,
      "r":0.0,
      "f":0.0
    },
    "NounSuffPer":{
      "p":0.0,
      "r":0.0,
      "f":0.0
    },
    "SubSuffix":{
      "p":1.0,
      "r":0.5,
      "f":0.6666666667
    },
    "Focus":{
      "p":1.0,
      "r":0.6666666667,
      "f":0.8
    },
    "Voice":{
      "p":0.0,
      "r":0.0,
      "f":0.0
    },
    "PrepSuffGen":{
      "p":1.0,
      "r":1.0,
      "f":1.0
    },
    "PrepSuffNum":{
      "p":1.0,
      "r":1.0,
      "f":1.0
    },
    "PrepSuffPer":{
      "p":1.0,
      "r":1.0,
      "f":1.0
    }
  },
  "lemma_acc":1.0,
  "sents_p":0.8048498845,
  "sents_r":0.859432799,
  "sents_f":0.8312462731,
  "dep_uas":0.8583877996,
  "dep_las":0.3253449528,
  "dep_las_per_type":{
    "case":{
      "p":0.9557522124,
      "r":0.9557522124,
      "f":0.9557522124
    },
    "root":{
      "p":0.0993071594,
      "r":0.8775510204,
      "f":0.1784232365
    },
    "appos":{
      "p":0.9166666667,
      "r":0.8048780488,
      "f":0.8571428571
    },
    "nsubj":{
      "p":0.6984126984,
      "r":0.6111111111,
      "f":0.6518518519
    },
    "advmod":{
      "p":0.8846153846,
      "r":0.8518518519,
      "f":0.8679245283
    },
    "conj":{
      "p":0.4411764706,
      "r":0.3571428571,
      "f":0.3947368421
    },
    "obl":{
      "p":0.5178571429,
      "r":0.5576923077,
      "f":0.537037037
    },
    "obj":{
      "p":0.5517241379,
      "r":0.4,
      "f":0.4637681159
    },
    "_":{
      "p":0.0,
      "r":0.0,
      "f":0.0
    },
    "nmod":{
      "p":0.7547169811,
      "r":0.6349206349,
      "f":0.6896551724
    },
    "cc":{
      "p":0.6666666667,
      "r":0.75,
      "f":0.7058823529
    },
    "amod":{
      "p":0.1666666667,
      "r":0.2,
      "f":0.1818181818
    },
    "dep":{
      "p":0.0,
      "r":0.0,
      "f":0.0
    },
    "parataxis":{
      "p":0.0,
      "r":0.0,
      "f":0.0
    },
    "advcl":{
      "p":0.0,
      "r":0.0,
      "f":0.0
    },
    "iobj":{
      "p":0.5,
      "r":0.0769230769,
      "f":0.1333333333
    },
    "dislocated":{
      "p":0.3333333333,
      "r":0.2,
      "f":0.25
    },
    "acl":{
      "p":0.8333333333,
      "r":0.5,
      "f":0.625
    },
    "det":{
      "p":0.8,
      "r":0.5333333333,
      "f":0.64
    },
    "discourse":{
      "p":0.5555555556,
      "r":0.5,
      "f":0.5263157895
    },
    "ccomp":{
      "p":0.6666666667,
      "r":0.3333333333,
      "f":0.4444444444
    },
    "nummod":{
      "p":1.0,
      "r":0.9090909091,
      "f":0.9523809524
    },
    "mark":{
      "p":0.7,
      "r":0.6363636364,
      "f":0.6666666667
    },
    "nmod:poss":{
      "p":0.6,
      "r":0.8571428571,
      "f":0.7058823529
    },
    "cop":{
      "p":0.0,
      "r":0.0,
      "f":0.0
    },
    "fixed":{
      "p":0.6666666667,
      "r":0.6666666667,
      "f":0.6666666667
    }
  },
  "speed":18435.6989484434
}