{
  "token_acc":0.9923076923,
  "token_p":0.9802424787,
  "token_r":0.952443281,
  "token_f":0.966142952,
  "tag_acc":0.5882615488,
  "lemma_acc":0.9333333333,
  "pos_acc":0.8981149013,
  "morph_acc":0.7901785714,
  "morph_micro_p":0.906231454,
  "morph_micro_r":0.7255880257,
  "morph_micro_f":0.8059110701,
  "morph_per_feat":{
    "Case":{
      "p":0.8588235294,
      "r":0.7373737374,
      "f":0.7934782609
    },
    "Gender":{
      "p":0.9503816794,
      "r":0.8208791209,
      "f":0.8808962264
    },
    "Number":{
      "p":0.9382239382,
      "r":0.8145251397,
      "f":0.8720095694
    },
    "PossSuffGen":{
      "p":0.8346456693,
      "r":0.8548387097,
      "f":0.8446215139
    },
    "PossSuffNum":{
      "p":0.9655172414,
      "r":0.9459459459,
      "f":0.9556313993
    },
    "PossSuffPer":{
      "p":0.9586206897,
      "r":0.9391891892,
      "f":0.9488054608
    },
    "Mood":{
      "p":0.9302325581,
      "r":0.5581395349,
      "f":0.6976744186
    },
    "Person":{
      "p":0.8896551724,
      "r":0.539748954,
      "f":0.671875
    },
    "VerbForm":{
      "p":0.9166666667,
      "r":0.5418719212,
      "f":0.6811145511
    },
    "VerbStem":{
      "p":0.8865248227,
      "r":0.5605381166,
      "f":0.6868131868
    },
    "Tense":{
      "p":0.89,
      "r":0.5266272189,
      "f":0.6617100372
    },
    "Ventive":{
      "p":0.75,
      "r":0.3870967742,
      "f":0.5106382979
    },
    "PronType":{
      "p":0.0,
      "r":0.0,
      "f":0.0
    },
    "SubSuff":{
      "p":0.8695652174,
      "r":0.4444444444,
      "f":0.5882352941
    },
    "Subordinative":{
      "p":0.9,
      "r":0.3214285714,
      "f":0.4736842105
    },
    "NounStem":{
      "p":0.9032258065,
      "r":0.6363636364,
      "f":0.7466666667
    },
    "Focus":{
      "p":1.0,
      "r":0.8,
      "f":0.8888888889
    },
    "NounBase":{
      "p":0.7352941176,
      "r":0.6578947368,
      "f":0.6944444444
    },
    "VerbSuffGen":{
      "p":0.5,
      "r":0.55,
      "f":0.5238095238
    },
    "VerbSuffNum":{
      "p":0.6363636364,
      "r":0.5833333333,
      "f":0.6086956522
    },
    "VerbSuffPer":{
      "p":0.6363636364,
      "r":0.5833333333,
      "f":0.6086956522
    },
    "PrepSuffGen":{
      "p":1.0,
      "r":1.0,
      "f":1.0
    },
    "PrepSuffNum":{
      "p":1.0,
      "r":1.0,
      "f":1.0
    },
    "PrepSuffPer":{
      "p":1.0,
      "r":0.5,
      "f":0.6666666667
    },
    "PresSuffPer":{
      "p":0.5,
      "r":1.0,
      "f":0.6666666667
    },
    "NounState":{
      "p":0.0,
      "r":0.0,
      "f":0.0
    },
    "Voice":{
      "p":0.0,
      "r":0.0,
      "f":0.0
    }
  },
  "sents_p":0.7514893617,
  "sents_r":0.7976513098,
  "sents_f":0.7738825592,
  "dep_uas":0.7979618963,
  "dep_las":0.3916703589,
  "dep_las_per_type":{
    "case":{
      "p":0.9194312796,
      "r":0.9238095238,
      "f":0.9216152019
    },
    "root":{
      "p":0.1187772926,
      "r":0.8717948718,
      "f":0.2090699462
    },
    "appos":{
      "p":0.9326923077,
      "r":0.9417475728,
      "f":0.9371980676
    },
    "nsubj":{
      "p":0.6754385965,
      "r":0.6015625,
      "f":0.6363636364
    },
    "advmod":{
      "p":0.9245283019,
      "r":0.9245283019,
      "f":0.9245283019
    },
    "cc":{
      "p":0.8,
      "r":0.8,
      "f":0.8
    },
    "conj":{
      "p":0.6,
      "r":0.4235294118,
      "f":0.4965517241
    },
    "obl":{
      "p":0.53,
      "r":0.6385542169,
      "f":0.5792349727
    },
    "nmod":{
      "p":0.5775862069,
      "r":0.6907216495,
      "f":0.6291079812
    },
    "_":{
      "p":0.0,
      "r":0.0,
      "f":0.0
    },
    "dislocated":{
      "p":0.2,
      "r":0.0909090909,
      "f":0.125
    },
    "acl":{
      "p":0.5294117647,
      "r":0.4285714286,
      "f":0.4736842105
    },
    "obj":{
      "p":0.5076923077,
      "r":0.3975903614,
      "f":0.4459459459
    },
    "nummod":{
      "p":0.8787878788,
      "r":0.90625,
      "f":0.8923076923
    },
    "discourse":{
      "p":0.5517241379,
      "r":0.5333333333,
      "f":0.5423728814
    },
    "amod":{
      "p":0.75,
      "r":0.8076923077,
      "f":0.7777777778
    },
    "ccomp":{
      "p":0.4545454545,
      "r":0.3125,
      "f":0.3703703704
    },
    "iobj":{
      "p":0.6428571429,
      "r":0.3333333333,
      "f":0.4390243902
    },
    "nmod:poss":{
      "p":0.90625,
      "r":0.7435897436,
      "f":0.8169014085
    },
    "det":{
      "p":0.5,
      "r":0.5,
      "f":0.5
    },
    "advcl":{
      "p":0.5,
      "r":0.1818181818,
      "f":0.2666666667
    },
    "mark":{
      "p":0.7142857143,
      "r":0.3333333333,
      "f":0.4545454545
    },
    "fixed":{
      "p":0.5,
      "r":0.1666666667,
      "f":0.25
    },
    "dep":{
      "p":0.0,
      "r":0.0,
      "f":0.0
    },
    "list":{
      "p":0.0,
      "r":0.0,
      "f":0.0
    },
    "parataxis":{
      "p":0.0,
      "r":0.0,
      "f":0.0
    },
    "acl:relcl":{
      "p":1.0,
      "r":1.0,
      "f":1.0
    }
  },
  "speed":476.6942166142
}