{
  "token_acc":1.0,
  "token_p":0.8855799373,
  "token_r":0.9674657534,
  "token_f":0.9247135843,
  "tag_acc":0.8653683319,
  "pos_acc":0.9415929204,
  "morph_acc":0.8105802048,
  "morph_micro_p":0.9495548961,
  "morph_micro_r":0.7407407407,
  "morph_micro_f":0.8322496749,
  "morph_per_feat":{
    "Gender":{
      "p":0.9649122807,
      "r":0.7482993197,
      "f":0.8429118774
    },
    "Number":{
      "p":0.9705882353,
      "r":0.7360594796,
      "f":0.8372093023
    },
    "Case":{
      "p":0.972972973,
      "r":0.5853658537,
      "f":0.730964467
    },
    "NounStem":{
      "p":0.0,
      "r":0.0,
      "f":0.0
    },
    "Person":{
      "p":0.9642857143,
      "r":0.7105263158,
      "f":0.8181818182
    },
    "VerbForm":{
      "p":0.9107142857,
      "r":0.9807692308,
      "f":0.9444444444
    },
    "PossSuffNum":{
      "p":1.0,
      "r":0.8,
      "f":0.8888888889
    },
    "PossSuffPer":{
      "p":1.0,
      "r":0.8,
      "f":0.8888888889
    },
    "Mood":{
      "p":0.9285714286,
      "r":0.7536231884,
      "f":0.832
    },
    "Tense":{
      "p":0.9,
      "r":0.6617647059,
      "f":0.7627118644
    },
    "Ventive":{
      "p":1.0,
      "r":0.3888888889,
      "f":0.56
    },
    "VerbSuffNum":{
      "p":0.5,
      "r":0.3333333333,
      "f":0.4
    },
    "VerbSuffPer":{
      "p":0.5,
      "r":0.3333333333,
      "f":0.4
    },
    "NounBase":{
      "p":0.9076923077,
      "r":0.921875,
      "f":0.9147286822
    },
    "VerbStem":{
      "p":0.9107142857,
      "r":0.8095238095,
      "f":0.8571428571
    },
    "SubSuff":{
      "p":0.0,
      "r":0.0,
      "f":0.0
    },
    "Subordinative":{
      "p":1.0,
      "r":0.5,
      "f":0.6666666667
    },
    "PossSufNum":{
      "p":0.0,
      "r":0.0,
      "f":0.0
    },
    "PossSufPer":{
      "p":0.0,
      "r":0.0,
      "f":0.0
    },
    "VerbSuffGen":{
      "p":0.5,
      "r":1.0,
      "f":0.6666666667
    },
    "PossSuffGen":{
      "p":1.0,
      "r":0.972972973,
      "f":0.9863013699
    }
  },
  "lemma_acc":0.8029678483,
  "sents_p":0.8356164384,
  "sents_r":0.8591549296,
  "sents_f":0.8472222222,
  "dep_uas":0.8174061433,
  "dep_las":0.5050675676,
  "dep_las_per_type":{
    "_":{
      "p":0.0,
      "r":0.0,
      "f":0.0
    },
    "root":{
      "p":0.1318181818,
      "r":0.8787878788,
      "f":0.2292490119
    },
    "nummod":{
      "p":0.6666666667,
      "r":0.8571428571,
      "f":0.75
    },
    "case":{
      "p":0.9444444444,
      "r":0.8225806452,
      "f":0.8793103448
    },
    "nsubj":{
      "p":0.6842105263,
      "r":0.619047619,
      "f":0.65
    },
    "obl":{
      "p":0.7948717949,
      "r":0.775,
      "f":0.7848101266
    },
    "nmod":{
      "p":0.4090909091,
      "r":0.6,
      "f":0.4864864865
    },
    "advmod":{
      "p":0.5,
      "r":0.4285714286,
      "f":0.4615384615
    },
    "dep":{
      "p":0.0,
      "r":0.0,
      "f":0.0
    },
    "conj":{
      "p":0.6774193548,
      "r":0.84,
      "f":0.75
    },
    "appos":{
      "p":0.6,
      "r":0.512195122,
      "f":0.5526315789
    },
    "aux":{
      "p":1.0,
      "r":1.0,
      "f":1.0
    },
    "fixed":{
      "p":0.5,
      "r":1.0,
      "f":0.6666666667
    },
    "iobj":{
      "p":0.0,
      "r":0.0,
      "f":0.0
    },
    "acl":{
      "p":0.0,
      "r":0.0,
      "f":0.0
    },
    "obj":{
      "p":0.7837837838,
      "r":0.7631578947,
      "f":0.7733333333
    },
    "amod":{
      "p":1.0,
      "r":0.9444444444,
      "f":0.9714285714
    },
    "parataxis":{
      "p":0.0,
      "r":0.0,
      "f":0.0
    },
    "dislocated":{
      "p":0.0,
      "r":0.0,
      "f":0.0
    },
    "discourse":{
      "p":0.0,
      "r":0.0,
      "f":0.0
    },
    "ccomp":{
      "p":0.0,
      "r":0.0,
      "f":0.0
    },
    "cc":{
      "p":0.0,
      "r":0.0,
      "f":0.0
    },
    "mark":{
      "p":0.0,
      "r":0.0,
      "f":0.0
    },
    "advmod:emph":{
      "p":1.0,
      "r":1.0,
      "f":1.0
    },
    "nmod:poss":{
      "p":0.8181818182,
      "r":0.9473684211,
      "f":0.8780487805
    },
    "acl:relcl":{
      "p":1.0,
      "r":0.3333333333,
      "f":0.5
    },
    "xcomp":{
      "p":1.0,
      "r":1.0,
      "f":1.0
    },
    "advcl":{
      "p":0.0,
      "r":0.0,
      "f":0.0
    }
  },
  "speed":9617.7581804649
}