{
  "token_acc":1.0,
  "token_p":0.9641577061,
  "token_r":0.9817518248,
  "token_f":0.972875226,
  "lemma_acc":0.7197106691,
  "pos_acc":0.9080882353,
  "morph_acc":0.8102189781,
  "morph_micro_p":0.9064171123,
  "morph_micro_r":0.8119760479,
  "morph_micro_f":0.8566013898,
  "morph_per_feat":{
    "Case":{
      "p":0.8541666667,
      "r":0.8367346939,
      "f":0.8453608247
    },
    "Gender":{
      "p":0.9627659574,
      "r":0.9234693878,
      "f":0.9427083333
    },
    "Number":{
      "p":0.9028571429,
      "r":0.8586956522,
      "f":0.8802228412
    },
    "Person":{
      "p":0.9142857143,
      "r":0.6530612245,
      "f":0.7619047619
    },
    "PossSuffGen":{
      "p":0.8823529412,
      "r":0.9375,
      "f":0.9090909091
    },
    "PossSuffNum":{
      "p":0.8823529412,
      "r":0.9375,
      "f":0.9090909091
    },
    "PossSuffPer":{
      "p":0.8823529412,
      "r":0.9375,
      "f":0.9090909091
    },
    "Mood":{
      "p":0.88,
      "r":0.5945945946,
      "f":0.7096774194
    },
    "SubSuff":{
      "p":1.0,
      "r":0.5,
      "f":0.6666666667
    },
    "Tense":{
      "p":0.6086956522,
      "r":0.5384615385,
      "f":0.5714285714
    },
    "VerbForm":{
      "p":0.8928571429,
      "r":0.6756756757,
      "f":0.7692307692
    },
    "VerbStem":{
      "p":0.8928571429,
      "r":0.625,
      "f":0.7352941176
    },
    "Ventive":{
      "p":0.7142857143,
      "r":0.8333333333,
      "f":0.7692307692
    },
    "Subordinative":{
      "p":0.0,
      "r":0.0,
      "f":0.0
    },
    "PronType":{
      "p":0.0,
      "r":0.0,
      "f":0.0
    },
    "Voice":{
      "p":1.0,
      "r":0.1428571429,
      "f":0.25
    },
    "NounBase":{
      "p":0.98,
      "r":0.9607843137,
      "f":0.9702970297
    },
    "NounStem":{
      "p":0.8,
      "r":1.0,
      "f":0.8888888889
    },
    "VerbSuffGen":{
      "p":1.0,
      "r":0.6,
      "f":0.75
    },
    "VerbSuffNum":{
      "p":1.0,
      "r":0.6,
      "f":0.75
    },
    "VerbSuffPer":{
      "p":1.0,
      "r":0.6,
      "f":0.75
    },
    "PrepSuffGen":{
      "p":1.0,
      "r":1.0,
      "f":1.0
    },
    "PrepSuffNum":{
      "p":1.0,
      "r":1.0,
      "f":1.0
    },
    "PresSuffPer":{
      "p":1.0,
      "r":1.0,
      "f":1.0
    }
  },
  "tag_acc":0.7090909091,
  "sents_p":0.4615384615,
  "sents_r":0.5294117647,
  "sents_f":0.4931506849,
  "dep_uas":0.8540145985,
  "dep_las":0.7445255474,
  "dep_las_per_type":{
    "nsubj":{
      "p":0.4444444444,
      "r":0.4705882353,
      "f":0.4571428571
    },
    "cop":{
      "p":0.0,
      "r":0.0,
      "f":0.0
    },
    "_":{
      "p":0.0,
      "r":0.0,
      "f":0.0
    },
    "case":{
      "p":1.0,
      "r":0.9696969697,
      "f":0.9846153846
    },
    "obl":{
      "p":0.5909090909,
      "r":0.619047619,
      "f":0.6046511628
    },
    "acl":{
      "p":0.5,
      "r":0.5,
      "f":0.5
    },
    "root":{
      "p":0.4102564103,
      "r":0.8888888889,
      "f":0.5614035088
    },
    "obj":{
      "p":0.3,
      "r":0.5,
      "f":0.375
    },
    "conj":{
      "p":0.8064516129,
      "r":0.78125,
      "f":0.7936507937
    },
    "nmod:poss":{
      "p":0.875,
      "r":1.0,
      "f":0.9333333333
    },
    "discourse":{
      "p":0.875,
      "r":0.7,
      "f":0.7777777778
    },
    "advmod":{
      "p":0.9230769231,
      "r":1.0,
      "f":0.96
    },
    "ccomp":{
      "p":0.8,
      "r":0.6666666667,
      "f":0.7272727273
    },
    "nummod":{
      "p":0.8888888889,
      "r":1.0,
      "f":0.9411764706
    },
    "iobj":{
      "p":0.6666666667,
      "r":0.4,
      "f":0.5
    },
    "dep":{
      "p":0.0,
      "r":0.0,
      "f":0.0
    },
    "nmod":{
      "p":1.0,
      "r":0.6470588235,
      "f":0.7857142857
    },
    "advcl":{
      "p":0.0,
      "r":0.0,
      "f":0.0
    },
    "amod":{
      "p":1.0,
      "r":0.9166666667,
      "f":0.9565217391
    },
    "det":{
      "p":1.0,
      "r":0.5,
      "f":0.6666666667
    },
    "appos":{
      "p":0.9444444444,
      "r":1.0,
      "f":0.9714285714
    },
    "cc":{
      "p":1.0,
      "r":1.0,
      "f":1.0
    },
    "acl:relcl":{
      "p":1.0,
      "r":1.0,
      "f":1.0
    }
  },
  "speed":3313.6490703933
}