{
  "token_acc":0.9872983179,
  "token_p":0.9749152542,
  "token_r":0.9118579581,
  "token_f":0.9423328965,
  "lemma_acc":0.9525704809,
  "pos_acc":0.8788582808,
  "morph_acc":0.7827529022,
  "morph_micro_p":0.8736013262,
  "morph_micro_r":0.7883320868,
  "morph_micro_f":0.8287792412,
  "morph_per_feat":{
    "Case":{
      "p":0.8160535117,
      "r":0.6224489796,
      "f":0.7062228654
    },
    "Gender":{
      "p":0.9337121212,
      "r":0.8664323374,
      "f":0.8988149499
    },
    "Number":{
      "p":0.9087452471,
      "r":0.8400702988,
      "f":0.8730593607
    },
    "Person":{
      "p":0.8695652174,
      "r":0.8333333333,
      "f":0.8510638298
    },
    "Mood":{
      "p":0.9117647059,
      "r":0.8493150685,
      "f":0.8794326241
    },
    "SubSuff":{
      "p":0.8461538462,
      "r":0.6470588235,
      "f":0.7333333333
    },
    "Tense":{
      "p":0.7524752475,
      "r":0.7835051546,
      "f":0.7676767677
    },
    "Ventive":{
      "p":0.6666666667,
      "r":0.5882352941,
      "f":0.625
    },
    "VerbForm":{
      "p":0.852173913,
      "r":0.852173913,
      "f":0.852173913
    },
    "VerbStem":{
      "p":0.8041958042,
      "r":0.7823129252,
      "f":0.7931034483
    },
    "Focus":{
      "p":0.75,
      "r":0.5,
      "f":0.6
    },
    "NounStem":{
      "p":0.8571428571,
      "r":0.6666666667,
      "f":0.75
    },
    "PossSuffGen":{
      "p":0.9714285714,
      "r":0.8,
      "f":0.8774193548
    },
    "PossSuffNum":{
      "p":0.9480519481,
      "r":0.8295454545,
      "f":0.8848484848
    },
    "PossSuffPer":{
      "p":0.9350649351,
      "r":0.8181818182,
      "f":0.8727272727
    },
    "NounBase":{
      "p":0.5588235294,
      "r":0.5428571429,
      "f":0.5507246377
    },
    "VerbSuffGen":{
      "p":0.8666666667,
      "r":0.619047619,
      "f":0.7222222222
    },
    "VerbSuffNum":{
      "p":0.875,
      "r":0.6666666667,
      "f":0.7567567568
    },
    "VerbSuffPer":{
      "p":0.875,
      "r":0.6666666667,
      "f":0.7567567568
    },
    "Subordinative":{
      "p":0.3846153846,
      "r":0.5,
      "f":0.4347826087
    },
    "PrepSuffGen":{
      "p":0.3333333333,
      "r":1.0,
      "f":0.5
    },
    "PrepSuffNum":{
      "p":0.3333333333,
      "r":1.0,
      "f":0.5
    },
    "PrepSuffPer":{
      "p":0.3333333333,
      "r":1.0,
      "f":0.5
    },
    "NounState":{
      "p":0.0,
      "r":0.0,
      "f":0.0
    },
    "SubSuffix":{
      "p":1.0,
      "r":0.5,
      "f":0.6666666667
    },
    "Voice":{
      "p":0.0,
      "r":0.0,
      "f":0.0
    }
  },
  "tag_acc":0.8573324486,
  "sents_p":0.7798816568,
  "sents_r":0.7124324324,
  "sents_f":0.7446327684,
  "dep_uas":0.7863695937,
  "dep_las":0.3224115334,
  "dep_las_per_type":{
    "_":{
      "p":0.0,
      "r":0.0,
      "f":0.0
    },
    "mark":{
      "p":0.7777777778,
      "r":0.5833333333,
      "f":0.6666666667
    },
    "fixed":{
      "p":0.4,
      "r":0.4,
      "f":0.4
    },
    "nsubj":{
      "p":0.6666666667,
      "r":0.5185185185,
      "f":0.5833333333
    },
    "advcl":{
      "p":0.0,
      "r":0.0,
      "f":0.0
    },
    "obj":{
      "p":0.3170731707,
      "r":0.2888888889,
      "f":0.3023255814
    },
    "conj":{
      "p":0.4489795918,
      "r":0.4489795918,
      "f":0.4489795918
    },
    "nmod":{
      "p":0.7101449275,
      "r":0.6202531646,
      "f":0.6621621622
    },
    "case":{
      "p":0.9465648855,
      "r":0.9612403101,
      "f":0.9538461538
    },
    "obl":{
      "p":0.4925373134,
      "r":0.5593220339,
      "f":0.5238095238
    },
    "root":{
      "p":0.1116564417,
      "r":0.8425925926,
      "f":0.1971830986
    },
    "iobj":{
      "p":1.0,
      "r":0.1428571429,
      "f":0.25
    },
    "dislocated":{
      "p":0.0,
      "r":0.0,
      "f":0.0
    },
    "appos":{
      "p":0.8409090909,
      "r":0.8409090909,
      "f":0.8409090909
    },
    "acl":{
      "p":0.5,
      "r":0.5,
      "f":0.5
    },
    "discourse":{
      "p":0.375,
      "r":0.4285714286,
      "f":0.4
    },
    "ccomp":{
      "p":0.0,
      "r":0.0,
      "f":0.0
    },
    "advmod":{
      "p":0.7714285714,
      "r":0.7941176471,
      "f":0.7826086957
    },
    "dep":{
      "p":0.0,
      "r":0.0,
      "f":0.0
    },
    "amod":{
      "p":0.5,
      "r":0.5,
      "f":0.5
    },
    "cc":{
      "p":0.6363636364,
      "r":0.875,
      "f":0.7368421053
    },
    "nmod:poss":{
      "p":0.5454545455,
      "r":0.8571428571,
      "f":0.6666666667
    },
    "det":{
      "p":0.4615384615,
      "r":0.4,
      "f":0.4285714286
    },
    "nummod":{
      "p":1.0,
      "r":0.8181818182,
      "f":0.9
    },
    "parataxis":{
      "p":0.0,
      "r":0.0,
      "f":0.0
    },
    "cop":{
      "p":0.0,
      "r":0.0,
      "f":0.0
    }
  },
  "speed":5586.5198781748
}