{
  "token_acc":0.9995004995,
  "token_p":0.9196205691,
  "token_r":0.9771883289,
  "token_f":0.9475308642,
  "tag_acc":0.9715803453,
  "pos_acc":0.9906691549,
  "morph_acc":0.9119363395,
  "morph_micro_p":0.9963885879,
  "morph_micro_r":0.9935181851,
  "morph_micro_f":0.9949513163,
  "morph_per_feat":{
    "Case":{
      "p":0.995215311,
      "r":0.995215311,
      "f":0.995215311
    },
    "Gender":{
      "p":0.9983333333,
      "r":0.996672213,
      "f":0.9975020816
    },
    "Number":{
      "p":0.9983108108,
      "r":0.9949494949,
      "f":0.9966273187
    },
    "PossSuffNum":{
      "p":0.9866666667,
      "r":1.0,
      "f":0.9932885906
    },
    "PossSuffPer":{
      "p":0.9866666667,
      "r":1.0,
      "f":0.9932885906
    },
    "PossSufNum":{
      "p":1.0,
      "r":0.5,
      "f":0.6666666667
    },
    "PossSufPer":{
      "p":1.0,
      "r":0.5,
      "f":0.6666666667
    },
    "NounBase":{
      "p":0.9857142857,
      "r":0.9857142857,
      "f":0.9857142857
    },
    "Mood":{
      "p":1.0,
      "r":0.9933774834,
      "f":0.9966777409
    },
    "Person":{
      "p":1.0,
      "r":0.9939393939,
      "f":0.9969604863
    },
    "Tense":{
      "p":1.0,
      "r":1.0,
      "f":1.0
    },
    "VerbForm":{
      "p":1.0,
      "r":0.9925373134,
      "f":0.9962546816
    },
    "VerbStem":{
      "p":1.0,
      "r":0.9935897436,
      "f":0.9967845659
    },
    "Subordinative":{
      "p":1.0,
      "r":1.0,
      "f":1.0
    },
    "Ventive":{
      "p":1.0,
      "r":0.9777777778,
      "f":0.9887640449
    },
    "VerbSuffNum":{
      "p":1.0,
      "r":1.0,
      "f":1.0
    },
    "VerbSuffPer":{
      "p":0.9,
      "r":0.9,
      "f":0.9
    },
    "NounSuffNum":{
      "p":1.0,
      "r":1.0,
      "f":1.0
    },
    "NounSuffPer":{
      "p":1.0,
      "r":1.0,
      "f":1.0
    },
    "PrepSuffGen":{
      "p":1.0,
      "r":1.0,
      "f":1.0
    },
    "PrepSuffNum":{
      "p":1.0,
      "r":1.0,
      "f":1.0
    },
    "PresSuffPer":{
      "p":1.0,
      "r":1.0,
      "f":1.0
    },
    "PossSuffGen":{
      "p":0.9692307692,
      "r":0.984375,
      "f":0.976744186
    },
    "Focus":{
      "p":1.0,
      "r":1.0,
      "f":1.0
    },
    "VerbSuffGen":{
      "p":1.0,
      "r":1.0,
      "f":1.0
    },
    "NounStem":{
      "p":1.0,
      "r":0.95,
      "f":0.9743589744
    },
    "SubSuff":{
      "p":1.0,
      "r":1.0,
      "f":1.0
    },
    "PrepSuffPer":{
      "p":1.0,
      "r":1.0,
      "f":1.0
    },
    "NounState":{
      "p":1.0,
      "r":1.0,
      "f":1.0
    },
    "number":{
      "p":1.0,
      "r":1.0,
      "f":1.0
    }
  },
  "lemma_acc":0.8903826267,
  "sents_p":0.9098712446,
  "sents_r":0.93598234,
  "sents_f":0.922742111,
  "dep_uas":0.9207106868,
  "dep_las":0.532873807,
  "dep_las_per_type":{
    "_":{
      "p":0.0,
      "r":0.0,
      "f":0.0
    },
    "case":{
      "p":0.9740932642,
      "r":0.9494949495,
      "f":0.9616368286
    },
    "root":{
      "p":0.1641630901,
      "r":0.9807692308,
      "f":0.28125
    },
    "appos":{
      "p":0.9444444444,
      "r":0.9659090909,
      "f":0.9550561798
    },
    "nsubj":{
      "p":0.9256198347,
      "r":0.8549618321,
      "f":0.8888888889
    },
    "advmod":{
      "p":0.8723404255,
      "r":0.82,
      "f":0.8453608247
    },
    "nmod":{
      "p":0.9259259259,
      "r":0.8928571429,
      "f":0.9090909091
    },
    "nummod":{
      "p":0.96875,
      "r":0.96875,
      "f":0.96875
    },
    "dep":{
      "p":0.0454545455,
      "r":1.0,
      "f":0.0869565217
    },
    "obl":{
      "p":0.9577464789,
      "r":0.8831168831,
      "f":0.9189189189
    },
    "discourse":{
      "p":0.84,
      "r":0.6363636364,
      "f":0.724137931
    },
    "dislocated":{
      "p":0.75,
      "r":0.5,
      "f":0.6
    },
    "obj":{
      "p":0.8813559322,
      "r":0.8813559322,
      "f":0.8813559322
    },
    "null":{
      "p":0.0,
      "r":0.0,
      "f":0.0
    },
    "ccomp":{
      "p":1.0,
      "r":0.7777777778,
      "f":0.875
    },
    "fixed":{
      "p":0.8571428571,
      "r":0.6,
      "f":0.7058823529
    },
    "iobj":{
      "p":1.0,
      "r":1.0,
      "f":1.0
    },
    "conj":{
      "p":0.9545454545,
      "r":0.8076923077,
      "f":0.875
    },
    "amod":{
      "p":0.8333333333,
      "r":1.0,
      "f":0.9090909091
    },
    "det":{
      "p":1.0,
      "r":0.8,
      "f":0.8888888889
    },
    "nmod:poss":{
      "p":1.0,
      "r":1.0,
      "f":1.0
    },
    "cc":{
      "p":1.0,
      "r":1.0,
      "f":1.0
    },
    "mark":{
      "p":0.8,
      "r":0.7272727273,
      "f":0.7619047619
    },
    "advmod:emph":{
      "p":1.0,
      "r":1.0,
      "f":1.0
    },
    "acl":{
      "p":1.0,
      "r":0.6,
      "f":0.75
    },
    "parataxis":{
      "p":0.8,
      "r":0.8,
      "f":0.8
    },
    "advcl":{
      "p":1.0,
      "r":0.4,
      "f":0.5714285714
    },
    "aux":{
      "p":0.0,
      "r":0.0,
      "f":0.0
    }
  },
  "speed":2816.3913159038
}